0.0181726055864555,19038208,0.0050562041084934,54763520,0.0008968555438178,12439552,0.008836178555868,13459456,0.0072728416864584,47706112,0.00079909715182,74211328,0.0103749739854318,78692352,0.0013314196242171,12128256,0.001997578339266,45092864,0.002858899024381,95285248,0.0030898282097648,6664192
0.0165259099300101,18911232,0.0071624377408138,54767616,0.00065835086882,12836864,0.0103527726508911,13242368,0.0074594866323329,47689728,0.0008558820653236,74342400,0.0158937157984156,78749696,0.0012406872284798,11857920,0.0024898473431842,45092864,0.003343404336009,95285248,0.0032247476273952,6664192
0.0253703162907715,18759680,0.0074147200541013,54738944,0.0007072040879677,12570624,0.008242226656579,13365248,0.008323223402193,47689728,0.0008785186350054,74444800,0.0163660042320191,79220736,0.0015230493273542,11886592,0.0027895106738118,45096960,0.0028922854840493,95285248,0.0022838873118288,6402048
0.0233869071565868,18993152,0.0072449257632207,54771712,0.0016733319138228,12607488,0.0133270037278658,13230080,0.0083037698501956,47681536,0.0007775828711466,74584064,0.0116996956226596,79032320,0.0014575384891601,11878400,0.0015180485774534,45092864,0.003242793531755,95432704,0.0031985534297713,6668288
0.0167053952495824,19177472,0.0467151253834437,26202112,0.0013246884095827,13049856,0.0084012032413849,13258752,0.0053058287910113,47575040,0.0009903426903535,73822208,0.0108470408114444,79114240,0.0012247067035961,11886592,0.002349808159466,45092864,0.0029849405322152,95166464,0.0029986347190934,6668288
0.0083362521159432,19329024,0.0743070108992972,29138944,0.0016441961631146,13189120,0.003358956306537,13242368,0.0027722138471957,47558656,0.0005176062818232,74137600,0.0050227058193226,79142912,0.0004935945362625,11878400,0.0022562002019975,45092864,0.0018264131577018,95170560,0.0027156675258446,6668288
0.0064692744726701,19525632,0.0390749628804749,31903744,0.0007776556316351,13185024,0.0027570113329503,13336576,0.0023439576006253,47558656,0.0006994931619333,74440704,0.0051399731667435,79671296,0.000765835471456,11882496,0.0023506597161599,45092864,0.0020547704590817,95277056,0.0029129521321901,6402048
0.0056569468695435,19521536,0.050375218046891,31739904,0.00072515789217,13201408,0.0025755957860283,13299712,0.002427912240989,47513600,0.0006535483483723,73842688,0.0040322529241163,79077376,0.0006845509295627,11894784,0.0022674338793813,45092864,0.0021299455372014,95272960,0.0029755396213895,6402048
0.0079155982602268,19398656,0.0340072354853364,13963264,0.0009042445679635,13201408,0.0028923751131593,13217792,0.0022668486573348,47513600,0.0006724422278299,74317824,0.004333302054987,79691776,0.0007833002412519,11988992,0.0020738970934061,45092864,0.0015818173661426,95281152,0.0020105685910148,6410240
0.0058525762402265,19419136,0.0,13963264,0.0006966250714246,13201408,0.0024789463471428,13225984,0.0022144556267155,47513600,0.0007396705313577,74657792,0.0032163940038638,79724544,0.000689163970072,11988992,0.0018634203681471,45092864,0.0009601979959882,95277056,0.002636741016109,6664192
0.0066837271110591,19415040,0.0299953235067779,38113280,0.0005381843507751,13201408,0.0024457565703308,13225984,0.0020853706027432,47513600,0.0006858035181187,75014144,0.0035912410726316,79626240,0.0006421035748654,11993088,0.0021180059716993,45092864,0.0014447396624095,95277056,0.0025175091216516,6402048
0.0056453175342326,19415040,0.0381668541643228,38092800,0.0008987494309509,13201408,0.0024859689375217,13230080,0.0014011340173195,47513600,0.000587349849046,74719232,0.0034064441985189,80236544,0.0003995194570751,11988992,0.0019717677657521,45092864,0.0014015901383924,95277056,0.001445275,6402048
0.0070851819488683,19517440,0.0152181948152978,14073856,0.0007195119696829,13201408,0.002503931681745,13328384,0.0022302170496535,47513600,0.0004906918405069,75059200,0.0038178819648955,80314368,0.0007494874570961,11993088,0.0021807765085149,45092864,0.0014029485926,95272960,0.0024272891237783,6402048
0.0079966494594329,19529728,0.0018384560762833,14073856,0.0007663204317298,13205504,0.0025673076923076,13332480,0.0024880343836629,47513600,0.0002772729798975,75399168,0.0042861016783524,79921152,0.0008994138684681,11988992,0.0022528654833733,45092864,0.0014367901151522,95277056,0.002613011174631,6397952
0.0076760456429836,19709952,0.0,14073856,0.0006907819669345,13201408,0.0027027689677664,13041664,0.0015690705816956,47513600,0.0004406775237498,75624448,0.0039773702222007,80404480,0.000655892786756,11993088,0.0018277773486557,45096960,0.0015023181231917,95277056,0.0027174185463659,6660096
0.0059749861152649,19537920,0.0,13602816,0.0007433919592916,13201408,0.0024699460230166,13037568,0.0022356872583696,47513600,0.0009669786711713,75362304,0.0033194388535544,80113664,0.0006411018148013,11988992,0.0022576822880191,45092864,0.0015261885765239,95272960,0.0026153099655722,6402048
0.0059940560348561,19734528,0.0,13602816,0.0005871969875264,13201408,0.0024968545244782,13037568,0.0022287280561423,47513600,0.0003662172878667,75829248,0.0034229286691259,80429056,0.0007550240384615,11993088,0.0021754690525473,45092864,0.002118644896363,95272960,0.0026997054560755,6397952
0.007082729831441,19369984,0.0,12865536,0.0004875002505964,13201408,0.0025169918919967,13086720,0.0022792209415705,47513600,0.0005445257734238,76181504,0.0032187017994859,80900096,0.0007640776699029,11988992,0.0023387409300791,45092864,0.001688641661994,95277056,0.0026372067963593,6397952
0.0071120113477905,19722240,0.0291196122243044,35745792,0.0005483327108092,13201408,0.0029603803486529,13086720,0.0022404623004951,47513600,0.0005340233891116,75886592,0.00317554173482,80777216,0.0006475228371843,11993088,0.0021958818748307,45092864,0.0015900444699467,95395840,0.0027316775415701,6397952
0.0070336562891693,19353600,0.0236688840800404,34037760,0.0007204932594837,13275136,0.0027860570573214,13103104,0.0024284166817112,47513600,0.0005879432220895,76124160,0.0035898989898988,80797696,0.0007746313875984,11988992,0.0024307182883342,45092864,0.0024675762007389,95408128,0.0028417843762362,6397952
0.0062702793997011,19464192,0.0082058232101095,34242560,0.000548476326587,13283328,0.0026585385530746,13340672,0.0025209562311787,47509504,0.0006779278022652,76328960,0.0037981770321768,80683008,0.0007404690030187,11993088,0.0024478576506322,45092864,0.0027989945538332,95289344,0.0028275621364357,6397952
0.0133905657185663,19562496,0.0332470225686575,47861760,0.0007147454015741,13361152,0.0050014148519657,13053952,0.003904848800834,47382528,0.0004898853409597,76521472,0.0041861347250615,81174528,0.0012762117756471,12017664,0.0025194362404446,45092864,0.0022043881810193,95285248,0.0035741885796017,6696960
0.0184895565291976,19402752,0.052269323952849,49082368,0.0005925607857871,13361152,0.0107346958473084,13185024,0.007977331991869,47374336,0.0008812727028117,76423168,0.011119664486042,80842752,0.0008397004824784,12001280,0.0025568826576761,45092864,0.003857087449522,95293440,0.0037989569160997,6438912
0.0272128082402662,19271680,0.0098651461642252,50462720,0.0012969790237863,13402112,0.0097140541302946,13103104,0.0082417186417185,47374336,0.0077928547596437,76275712,0.0141324244243467,80982016,0.0012782372585125,12001280,0.0024909187718155,45092864,0.0044937798454694,95416320,0.0032432683590207,6438912
0.023288893351345,19185664,0.0124302883537378,50900992,0.0016652320810876,13213696,0.0127515591627508,13217792,0.008584934002365,47374336,0.0006874791467401,76763136,0.0126479460910104,81223680,0.0018341680578742,11739136,0.0021495783613411,45092864,0.0037953311503117,95412224,0.0031926194335844,6438912
0.0272209586269444,19394560,0.0110316721132898,51965952,0.0018167029442089,13336576,0.0129774350185661,13193216,0.0089567323481117,47652864,0.000586364200321,76177408,0.0134695428361317,81354752,0.001774934383202,11743232,0.0028446093501537,45092864,0.0037219509801515,95412224,0.0035207350496472,6438912
0.0226977870139052,19275776,0.0079752941798198,52367360,0.0015360108261846,13332480,0.0109794498250184,13111296,0.0085996669377637,47386624,0.0006025363701912,76820480,0.0112463243610043,81551360,0.0018328414360567,11751424,0.0024565716911764,45092864,0.0041131818608583,95420416,0.0033861835589303,6438912
0.0235723883873179,19165184,0.0113221256807195,53157888,0.0014945867549127,13340672,0.0108644092071613,13066240,0.0083853376143216,47386624,0.000489928860371,77115392,0.0095162127100979,81637376,0.0015256738770941,11755520,0.0026329050944435,45092864,0.014747402522272,95592448,0.0033836171381488,6438912
0.0151051843583255,19197952,0.0129511521868036,53415936,0.0017487430167597,13127680,0.0127946321385698,13238272,0.0087310056813362,47390720,0.0014007693403618,76529664,0.0196943772241992,81920000,0.0018388538326264,11714560,0.002732691692594,45092864,0.0096482773002154,95592448,0.0034419065839204,6438912
