0.013493102691231,15212544.0,0.1880293667683734,57.0,0.0,0.0043540665663409,58740736.0,0.1880293667683734,569.0,0.0,0.0013252384561164,11132928.0,0.1880293667683734,568.0,0.0,0.0051473150682796,11198464.0,0.1880293667683734,569.0,0.0,0.006486693137563,44797952.0,0.1880293667683734,568.0,0.0,0.0020929698952601,96870400.0,0.1880293667683734,568.0,0.0,0.0092848852299033,108134400.0,0.1880293667683734,568.0,0.0,0.000774381836806,9650176.0,0.0,21830.0,0.0512807363913745,0.0016550055965548,45801472.0,0.0,21829.0,0.0512807363913745,0.0015909982596464,103120896.0,0.1880293667683734,568.0,0.0,0.0020386468985243,7131136.0,0.1880293667683734,748.0,0.0
0.0144270119564633,15208448.0,0.1888930865130336,57.0,0.0,0.0049743531666167,58740736.0,0.1888930865130336,569.0,0.0,0.0015823170731707,11132928.0,0.1888930865130336,568.0,0.0,0.0060949362354613,11247616.0,0.1888930865130336,569.0,0.0,0.0068942780654544,45060096.0,0.1893711157401828,568.0,0.0,0.0015437665782493,97120256.0,0.1893711157401828,568.0,0.0,0.009146450694793,108138496.0,0.1893711157401828,568.0,0.0,0.0008493282517522,9650176.0,0.0,21830.0,0.0430388899409506,0.0017636573723291,45801472.0,0.0,21829.0,0.0430388899409506,0.001859077231695,102854656.0,0.1893711157401828,568.0,0.0,0.0021758269827131,6868992.0,0.1893711157401828,748.0,0.0
0.0143367256401611,15355904.0,0.1873761978692649,57.0,0.0,0.0054741442497984,58679296.0,0.1873761978692649,569.0,0.0,0.0015535355882787,10940416.0,0.1873761978692649,568.0,0.0,0.0062182950209755,11239424.0,0.1873761978692649,569.0,0.0,0.0069627489708893,44797952.0,0.1873761978692649,568.0,0.0,0.0014676600638471,97624064.0,0.1873761978692649,568.0,0.0,0.008968466105784,108654592.0,0.1873761978692649,568.0,0.0,0.0009823894641641,9650176.0,0.0,21830.0,0.044613380445063,0.0018345269672855,45801472.0,0.0,21829.0,0.044613380445063,0.0017852912298484,102731776.0,0.1873761978692649,568.0,0.0,0.0024930057791663,7389184.0,0.1873761978692649,748.0,0.0
0.0146544300386261,15347712.0,0.1878752166969828,57.0,0.0,0.0056251833584897,58748928.0,0.1878752166969828,569.0,0.0,0.0014234913566762,10956800.0,0.1878752166969828,568.0,0.0,0.0059322055707859,11239424.0,0.1878752166969828,569.0,0.0,0.0064553213623549,44802048.0,0.1878752166969828,568.0,0.0,0.0012080422967972,97411072.0,0.1878752166969829,568.0,0.0,0.0080973890314688,108388352.0,0.1878752166969828,568.0,0.0,0.0009183560311284,9650176.0,0.0,21830.0,0.0512386954628135,0.0019016028054047,45809664.0,0.0,21829.0,0.0512386954628135,0.0015305051542332,102993920.0,0.1878752166969829,568.0,0.0,0.0026271577448117,7131136.0,0.1878752166969828,748.0,0.0
0.0141944756880506,14884864.0,0.184109309448084,57.0,0.0,0.0054793925585369,58740736.0,0.1839967243863321,569.0,0.0,0.0013692151443833,10956800.0,0.1838762107991047,568.0,0.0,0.0048895291666664,11075584.0,0.1878848436712698,569.0,0.0,0.0070920288710741,44797952.0,0.1878848436712698,568.0,0.0,0.0010517703240027,97898496.0,0.1878848436712698,568.0,0.0,0.0084639264980765,108883968.0,0.1878848436712698,568.0,0.0,0.0007919343929658,9650176.0,0.0,21830.0,0.0427011008343795,0.0018483039545664,45809664.0,0.0,21829.0,0.0427011008343795,0.0018140529716937,102731776.0,0.1878848436712698,568.0,0.0,0.002613225159381,7131136.0,0.1878848436712698,748.0,0.0
0.0149011350551076,15069184.0,0.1907387659201845,57.0,0.0,0.0058401791187995,58777600.0,0.1907387659201845,569.0,0.0,0.0011444707789633,10956800.0,0.1907387659201845,568.0,0.0,0.0065591210606154,11333632.0,0.1907387659201845,569.0,0.0,0.007020892006211,44806144.0,0.1907387659201845,568.0,0.0,0.0011771782128005,98226176.0,0.1907387659201845,568.0,0.0,0.0088203135396982,109088768.0,0.1907387659201845,568.0,0.0,0.0007280203971422,9457664.0,0.0,21830.0,0.0520196634327775,0.0018032064396474,45809664.0,0.0,21829.0,0.0520196634327775,0.0018363261525589,103112704.0,0.1907387659201845,568.0,0.0,0.0023498060660055,6868992.0,0.1907387659201845,748.0,0.0
0.013518217546099,14729216.0,0.1907387659201845,57.0,0.0,0.0057851244078358,58748928.0,0.1907387659201845,569.0,0.0,0.0011360550856034,11247616.0,0.1907387659201845,568.0,0.0,0.0063878269427305,11522048.0,0.1907387659201845,569.0,0.0,0.006863479094585,44797952.0,0.1907387659201845,568.0,0.0,0.0017903018976709,97943552.0,0.1907387659201845,568.0,0.0,0.009059166610151,109322240.0,0.1907387659201845,568.0,0.0,0.000712795522532,9457664.0,0.0,21830.0,0.0433497195273146,0.0016944607016215,45809664.0,0.0,21829.0,0.0433497195273146,0.0017947557686544,102854656.0,0.1907387659201845,568.0,0.0,0.0025315249835252,7127040.0,0.1907387659201845,748.0,0.0
0.0148764694457033,15036416.0,0.1929400711361653,57.0,0.0,0.0056483361561731,58703872.0,0.1929400711361653,569.0,0.0,0.0010126618505509,10989568.0,0.1929400711361653,568.0,0.0,0.0063100515581511,11284480.0,0.1929400711361653,569.0,0.0,0.0069706934641928,44797952.0,0.1929400711361653,568.0,0.0,0.002013605575158,98787328.0,0.1929400711361653,568.0,0.0,0.0093288293501537,109359104.0,0.1929400711361653,568.0,0.0,0.0006704396098485,9457664.0,0.0,21830.0,0.050332192470304,0.0018211766763168,45809664.0,0.0,21829.0,0.050332192470304,0.0018575402736535,102993920.0,0.1926309890725693,568.0,0.0,0.00261699004003,6868992.0,0.1926309890725693,748.0,0.0
0.013319377356606,15159296.0,0.1915008443446318,57.0,0.0,0.0053662805418406,58736640.0,0.1915008443446318,569.0,0.0,0.0011244730780931,10989568.0,0.1915008443446318,568.0,0.0,0.0061402135645496,10907648.0,0.1915008443446318,569.0,0.0,0.006564359426126,44797952.0,0.1915008443446318,568.0,0.0,0.0019564263387774,98394112.0,0.1915008443446318,568.0,0.0,0.0095008108006187,109809664.0,0.1915008443446318,568.0,0.0,0.0007443136894364,9461760.0,0.0,21830.0,0.0522275030030814,0.0017765158919426,45809664.0,0.0,21829.0,0.0522275030030814,0.0017429779306391,102731776.0,0.1915008443446318,568.0,0.0,0.0023827083814286,7131136.0,0.1915008443446318,748.0,0.0
0.014392572602062,15376384.0,0.1912760722328003,57.0,0.0,0.0054301526272864,58712064.0,0.1912760722328003,569.0,0.0,0.0009903648578151,11014144.0,0.1912760722328003,568.0,0.0,0.0061009000211878,10952704.0,0.1912760722328003,569.0,0.0,0.0061090515236945,45064192.0,0.1912760722328003,568.0,0.0,0.0014942086522326,99082240.0,0.1912760722328003,568.0,0.0,0.0091211255994453,109944832.0,0.1912760722328003,568.0,0.0,0.0007562432923305,9465856.0,0.0,21830.0,0.0521662015180364,0.0016403189314218,45809664.0,0.0,21829.0,0.0434718345983637,0.0017666414523448,102731776.0,0.1912760722328003,568.0,0.0,0.0023976585336235,7131136.0,0.1912760722328003,748.0,0.0
0.0142224551107385,15302656.0,0.1888947856044183,57.0,0.0,0.0054802741304545,58707968.0,0.1893727458187358,569.0,0.0,0.0011550518707901,11055104.0,0.1893727458187358,568.0,0.0,0.0060945371150792,10956800.0,0.1893727458187359,569.0,0.0,0.0067476892506247,44797952.0,0.1893727458187358,568.0,0.0,0.0013936778225623,98779136.0,0.1893727458187358,568.0,0.0,0.0090131832366904,109756416.0,0.1893727458187358,568.0,0.0,0.0007507401850497,9613312.0,0.0,21830.0,0.043039260413349,0.0015886802595114,45809664.0,0.0,21829.0,0.0516471124960188,0.0017456576906177,102731776.0,0.1893727458187358,568.0,0.0,0.0025529634104779,6868992.0,0.1893727458187358,748.0,0.0
0.0138713695829113,15200256.0,0.1843556486679503,57.0,0.0,0.0053369767071683,58703872.0,0.1845613095399524,569.0,0.0,0.0009424404575755,11055104.0,0.1847005261302307,568.0,0.0,0.006008002545839,11046912.0,0.1848049385729395,569.0,0.0,0.0068640651618399,44797952.0,0.1898408049250128,568.0,0.0,0.0013363986138019,98734080.0,0.1898408049250128,568.0,0.0,0.0087170462947023,109551616.0,0.1898408049250128,568.0,0.0,0.0007018088685424,9687040.0,0.0,21830.0,0.0452001916488125,0.0017309482200011,45809664.0,0.0,21829.0,0.0452001916488125,0.0019164909484894,102735872.0,0.1898408049250128,568.0,0.0,0.0025651230261554,6873088.0,0.1898408049250128,748.0,0.0
0.012004049452045,15593472.0,0.1874749678309998,57.0,0.0,0.0046868222259162,58736640.0,0.1874749678309998,569.0,0.0,0.0009775315824602,11051008.0,0.1874749678309998,568.0,0.0,0.0056516771062702,11284480.0,0.1874749678309998,569.0,0.0,0.0063936778376609,44797952.0,0.1874749678309998,568.0,0.0,0.0012177055027691,99045376.0,0.1874749678309998,568.0,0.0,0.0086908006327306,109916160.0,0.1874749678309998,568.0,0.0,0.0007497298348751,9682944.0,0.0,21830.0,0.0511295366811817,0.0014924496062834,45809664.0,0.0,21829.0,0.0511295366811817,0.0019127894230127,102735872.0,0.1874749678309998,568.0,0.0,0.0024752974650802,7131136.0,0.1874749678309998,748.0,0.0
0.013991025220497,15183872.0,0.1863301431354281,57.0,0.0,0.0055671307536045,58781696.0,0.1863301431354281,569.0,0.0,0.0011119549549271,11051008.0,0.1863301431354281,568.0,0.0,0.0058925872671092,10969088.0,0.1863301431354281,569.0,0.0,0.0064937400244594,44797952.0,0.1863301431354281,568.0,0.0,0.0013157201345675,99811328.0,0.1863301431354281,568.0,0.0,0.0094118639980708,110309376.0,0.1863301431354281,568.0,0.0,0.0007828212425703,9687040.0,0.0,21830.0,0.0423477598035064,0.0016896304637117,45809664.0,0.0,21829.0,0.0423477598035064,0.0017316347143345,102735872.0,0.1863301431354281,568.0,0.0,0.002572239335202,7131136.0,0.1863301431354281,748.0,0.0
0.0146315120828538,15302656.0,0.1874330596215637,57.0,0.0,0.0056182735004139,58748928.0,0.1874330596215637,569.0,0.0,0.0014292578326648,11051008.0,0.1874330596215637,568.0,0.0,0.0055561085829658,11112448.0,0.1874330596215637,569.0,0.0,0.0065333675311479,45056000.0,0.1874330596215637,568.0,0.0,0.0014985011869794,99729408.0,0.1874330596215637,568.0,0.0,0.0096010117539246,110223360.0,0.1874330596215637,568.0,0.0,0.0009318806834848,9510912.0,0.0,21830.0,0.0535523027490182,0.0016169429263417,45809664.0,0.0,21829.0,0.0535523027490182,0.001713282172373,102744064.0,0.1874330596215637,568.0,0.0,0.0024655162621635,6877184.0,0.1874330596215637,748.0,0.0
0.0131000882966952,15020032.0,0.1881644557343118,57.0,0.0,0.0054114388880124,58712064.0,0.1881644557343118,569.0,0.0,0.0015238095238095,11051008.0,0.1881644557343118,568.0,0.0,0.0063634565199089,11157504.0,0.1881644557343118,569.0,0.0,0.0066680942822506,44797952.0,0.1881644557343118,568.0,0.0,0.0013215932613284,99573760.0,0.1881644557343118,568.0,0.0,0.0091617243916803,111136768.0,0.1881644557343118,568.0,0.0,0.0009885409515762,9510912.0,0.0,21830.0,0.0427646490305254,0.0015775087607518,45809664.0,0.0,21829.0,0.0513175788366304,0.0017561481040482,102739968.0,0.1881644557343118,568.0,0.0,0.0021429064148406,7131136.0,0.1881644557343118,748.0,0.0
0.0145940379868674,15818752.0,0.1881885991924998,57.0,0.0,0.0053033546142502,58736640.0,0.1881885991924998,569.0,0.0,0.0013761335673179,11051008.0,0.1881885991924998,568.0,0.0,0.0064102878821692,11157504.0,0.1881885991924998,569.0,0.0,0.0067953936210951,44793856.0,0.1881885991924998,568.0,0.0,0.0011888031990859,99655680.0,0.1881885991924998,568.0,0.0,0.0089798433506552,110792704.0,0.1881885991924998,568.0,0.0,0.0009576965768325,9510912.0,0.0,21830.0,0.0513241634161363,0.0015593912757265,45813760.0,0.0,21829.0,0.0513241634161363,0.0017763599859171,102735872.0,0.1881885991924998,568.0,0.0,0.0023225367088162,6868992.0,0.1881885991924998,748.0,0.0
0.0146060072604305,15589376.0,0.1912511301203143,57.0,0.0,0.0052332678679711,58732544.0,0.1912511301203143,569.0,0.0,0.001298190032525,11051008.0,0.1912511301203143,568.0,0.0,0.0061884840261984,11059200.0,0.1912511301203143,569.0,0.0,0.006704181380341,44797952.0,0.1912511301203143,568.0,0.0,0.0011336310202664,100040704.0,0.1912511301203143,568.0,0.0,0.0104430478417618,111067136.0,0.1912511301203143,568.0,0.0,0.0009460141178209,9510912.0,0.0,21830.0,0.0521593991237221,0.0015678979267526,45813760.0,0.0,21829.0,0.0521593991237221,0.0018517906871316,103116800.0,0.1912511301203143,568.0,0.0,0.0023270665442201,6873088.0,0.1912511301203143,748.0,0.0
0.0128661720561279,15171584.0,0.1881580185250121,57.0,0.0,0.0044947358412555,58744832.0,0.1881580185250121,569.0,0.0,0.0010326951972197,10952704.0,0.1881580185250121,568.0,0.0,0.0053902822178309,11165696.0,0.1881580185250121,569.0,0.0,0.0063543533355948,44802048.0,0.1881580185250121,568.0,0.0,0.0011441037547033,99872768.0,0.1881580185250121,568.0,0.0,0.0096130631149861,110944256.0,0.1881580185250121,568.0,0.0,0.000783100620927,9510912.0,0.0,21830.0,0.0427631860284118,0.0015286400717341,46071808.0,0.0,21829.0,0.0427631860284118,0.0017169446442092,103120896.0,0.1881580185250121,568.0,0.0,0.0022990207472233,7131136.0,0.1881580185250121,748.0,0.0
0.0144881298474498,15245312.0,0.188249790358188,57.0,0.0,0.0050692069843579,58740736.0,0.188249790358188,569.0,0.0,0.001058410775817,10952704.0,0.188249790358188,568.0,0.0,0.006203553057725,11575296.0,0.188249790358188,569.0,0.0,0.0055447692424437,44797952.0,0.188249790358188,568.0,0.0,0.0013512507621049,99966976.0,0.188249790358188,568.0,0.0,0.0141979130400182,106864640.0,0.188249790358188,568.0,0.0,0.0008858963274818,9777152.0,0.0,21830.0,0.0513408519158694,0.0015695397570536,45813760.0,0.0,21829.0,0.0513408519158694,0.001822672352523,102858752.0,0.188249790358188,568.0,0.0,0.0021867905652392,6868992.0,0.188249790358188,748.0,0.0
0.0147296575864833,15065088.0,0.1875887696856548,57.0,0.0,0.0052664395442317,58707968.0,0.1875887696856548,569.0,0.0,0.0020079416593485,10960896.0,0.1875887696856548,568.0,0.0,0.0061521503779568,10993664.0,0.1875887696856548,569.0,0.0,0.0065268529518103,44797952.0,0.1875887696856548,568.0,0.0,0.001392717716288,100741120.0,0.1875887696856548,568.0,0.0,0.0138204282863028,107048960.0,0.1875887696856548,568.0,0.0,0.0009246950856144,9510912.0,0.0,21830.0,0.0446639927822987,0.0016802629570261,45813760.0,0.0,21829.0,0.0446639927822987,0.0017123157437253,102854656.0,0.1875887696856548,568.0,0.0,0.0022911304983698,7131136.0,0.1875887696856548,748.0,0.0
0.0140814940250543,15347712.0,0.1864770251828746,57.0,0.0,0.0047592412570735,58707968.0,0.1864770251828746,569.0,0.0,0.0019746590182397,10956800.0,0.1858785416500703,568.0,0.0,0.0053682979841721,10985472.0,0.1858785416500703,569.0,0.0,0.0057693033147534,44797952.0,0.1858785416500703,568.0,0.0,0.0014641656239529,100200448.0,0.1858785416500703,568.0,0.0,0.016229853868693,107307008.0,0.1858785416500703,568.0,0.0,0.0009632424510865,9510912.0,0.0,21830.0,0.0531081547571629,0.0025488685039216,45813760.0,0.0,21829.0,0.0531081547571629,0.0017516088008337,102735872.0,0.1858785416500703,568.0,0.0,0.0023660741415983,7131136.0,0.1858785416500703,748.0,0.0
0.0143324557617609,15405056.0,0.1880582980724024,57.0,0.0,0.0057535662314263,58744832.0,0.1880582980724024,569.0,0.0,0.0022331134932653,10964992.0,0.1880582980724024,568.0,0.0,0.0063833334949055,11513856.0,0.1880582980724024,569.0,0.0,0.0068278045506006,44797952.0,0.1880582980724024,568.0,0.0,0.0015601336524794,100884480.0,0.1880582980724024,568.0,0.0,0.016839133321616,108134400.0,0.1880582980724024,568.0,0.0,0.0009722724602287,9506816.0,0.0,21830.0,0.0427405222891823,0.0026470236058844,45801472.0,0.0,21829.0,0.0427405222891823,0.0014946156970139,102735872.0,0.1880582980724024,568.0,0.0,0.0024422125235112,6868992.0,0.1880582980724024,748.0,0.0
0.0139347040262022,15261696.0,0.1907883896592692,57.0,0.0,0.0055061527509407,58744832.0,0.1907883896592692,569.0,0.0,0.001936888849416,10964992.0,0.1907883896592692,568.0,0.0,0.0060128444563021,11300864.0,0.1907883896592692,569.0,0.0,0.0066855657800524,44797952.0,0.1907883896592692,568.0,0.0,0.0016534453921192,100683776.0,0.1907883896592692,568.0,0.0,0.013520236396591,108535808.0,0.1907883896592692,568.0,0.0,0.000862333883359,9510912.0,0.0,21830.0,0.0433609976498339,0.0026420094428012,45801472.0,0.0,21829.0,0.0433609976498339,0.0017614801159393,102858752.0,0.1907883896592692,568.0,0.0,0.0026073099724242,7131136.0,0.1903708605669425,748.0,0.0
0.0116159244327578,15269888.0,0.1908479722402949,57.0,0.0,0.0052802553711898,58744832.0,0.1908479722402949,569.0,0.0,0.0011724353909306,11063296.0,0.1908479722402949,568.0,0.0,0.0057653477112242,11300864.0,0.1908479722402949,569.0,0.0,0.0064275902726602,44814336.0,0.1908479722402949,568.0,0.0,0.0014414528669026,101281792.0,0.1908479722402949,568.0,0.0,0.0110085414369935,109670400.0,0.1908479722402949,568.0,0.0,0.0008260523601355,9510912.0,0.0,21830.0,0.0520494469746258,0.001655229982933,45801472.0,0.0,21829.0,0.0520494469746259,0.0016627156414492,102858752.0,0.1908479722402949,568.0,0.0,0.0024866923397959,6868992.0,0.1908479722402949,748.0,0.0
0.011333432761316,16195584.0,0.1549373364550337,57.0,0.0344305192122297,0.0159218450045906,19120128.0,0.1377220768489188,569.0,0.0516457788183445,0.0011237129296625,11059200.0,0.1893678556672634,568.0,0.0,0.0048651521826572,11296768.0,0.1893678556672634,569.0,0.0,0.0054539885119442,44797952.0,0.1893678556672635,568.0,0.0,0.0014460870135696,100950016.0,0.1893678556672634,568.0,0.0,0.0099630466424799,110661632.0,0.1893678556672635,568.0,0.0,0.000657283788181,9506816.0,0.0,21830.0,0.0430381490152871,0.0016530693954319,45801472.0,0.0,21829.0,0.0430381490152871,0.0015026848719415,102854656.0,0.1893678556672634,568.0,0.0,0.0023324783736206,6864896.0,0.1893678556672634,748.0,0.0
0.0090756418847429,15364096.0,0.1127747800891788,57.0,0.0780748477540468,0.0203859936632797,19103744.0,0.0954248139216128,569.0,0.0954248139216128,0.0012271011636912,10698752.0,0.1908496278432257,568.0,0.0,0.0042145517234812,11247616.0,0.1908496278432257,569.0,0.0,0.004428203121865,44797952.0,0.1908496278432257,568.0,0.0,0.001260025947266,101543936.0,0.1908496278432257,568.0,0.0,0.0090945588330213,110325760.0,0.1908496278432257,568.0,0.0,0.0006647197169958,9625600.0,0.0,21830.0,0.0520498985026979,0.0014441989690031,45801472.0,0.0,21829.0,0.0520498985026979,0.0011807407107258,102858752.0,0.1904330083881206,568.0,0.0,0.0021045493209201,6864896.0,0.1904330083881206,748.0,0.0
0.0074278779255291,15519744.0,0.0607512323821426,57.0,0.1301812122474484,0.0238035621092839,20717568.0,0.0433937374158161,569.0,0.1475387072137749,0.0010630583073151,10702848.0,0.190932444629591,568.0,0.0,0.0029176690317407,11239424.0,0.190932444629591,569.0,0.0,0.0033413224561537,44802048.0,0.190932444629591,568.0,0.0,0.0020738039047415,101421056.0,0.190932444629591,568.0,0.0,0.007907934390025,110886912.0,0.190932444629591,568.0,0.0,0.0004460134194466,9633792.0,0.0,21830.0,0.0433937374158161,0.0014000507642844,45801472.0,0.0,21829.0,0.0433937374158161,0.0010592379005766,102735872.0,0.190932444629591,568.0,0.0,0.0019144382635448,6864896.0,0.190932444629591,748.0,0.0
0.005331339932646,15466496.0,0.008603556710344,57.0,0.1806746909172251,0.026227468969239,19181568.0,0.008603556710344,569.0,0.1806746909172251,0.00112249786142,10936320.0,0.1892782476275692,568.0,0.0,0.002274874391356,11345920.0,0.1892782476275692,569.0,0.0,0.0025404901668796,45056000.0,0.1892782476275692,568.0,0.0,0.0018811415092437,102019072.0,0.1892782476275692,568.0,0.0,0.005710672982868,110907392.0,0.1892782476275692,568.0,0.0,0.0006980995758735,9633792.0,0.0,21830.0,0.0516213402620643,0.0012201891043223,45809664.0,0.0,21829.0,0.0516213402620643,0.00098693623062,102998016.0,0.1892782476275692,568.0,0.0,0.0017636258771509,6864896.0,0.1892782476275692,748.0,0.0
0.006553479896227,15134720.0,0.0172306844027844,57.0,0.1723068440278448,0.0279467644456159,38543360.0,0.0516920532083534,569.0,0.1378454752222758,0.0009625486642142,10928128.0,0.1895375284306292,568.0,0.0,0.0026329093251554,11345920.0,0.1854890793178429,569.0,0.0,0.0024335831742139,44797952.0,0.1905297634709079,568.0,0.0,0.0019320098297144,101584896.0,0.1905297634709079,568.0,0.0,0.0069743273637554,111304704.0,0.1905297634709079,568.0,0.0,0.0007611722688125,9633792.0,0.0,21830.0,0.0453642293978352,0.0014228886975023,45813760.0,0.0,21829.0,0.0453642293978352,0.0009284464930479,102735872.0,0.1905297634709079,568.0,0.0,0.0019229882890242,6881280.0,0.1905297634709079,748.0,0.0
0.0073815057502197,15171584.0,0.0682815247264471,57.0,0.1194926682712825,0.0303131696590637,42053632.0,0.1024222870896707,569.0,0.0853519059080589,0.0010741162341391,11030528.0,0.1877741929977296,568.0,0.0,0.0031984176432774,11329536.0,0.1877741929977296,569.0,0.0,0.0036085799090995,44797952.0,0.1877741929977296,568.0,0.0,0.0014158847107765,102113280.0,0.1877741929977296,568.0,0.0,0.007339250858838,112140288.0,0.1877741929977296,568.0,0.0,0.0008149386185475,9633792.0,0.0,21830.0,0.0426759529540294,0.0014731430390491,45809664.0,0.0,21829.0,0.0426759529540294,0.0013909748360312,102735872.0,0.1877741929977296,568.0,0.0,0.0021417945830616,7143424.0,0.1877741929977296,748.0,0.0
0.0112324367762674,15298560.0,0.1194590212893041,57.0,0.0682622978796023,0.0291161943812546,43143168.0,0.1535901702291053,569.0,0.0341311489398011,0.0010942582074352,11030528.0,0.1877213191689065,568.0,0.0,0.0046473290990174,10817536.0,0.1877213191689065,569.0,0.0,0.0047615603520814,44793856.0,0.1877213191689065,568.0,0.0,0.0020963857774826,101900288.0,0.1877213191689065,568.0,0.0,0.0085046504104456,112381952.0,0.1877213191689065,568.0,0.0,0.0005838390225494,9633792.0,0.0,21830.0,0.0511967234097017,0.0015660035808612,45809664.0,0.0,21829.0,0.0511967234097017,0.0016558147343203,102735872.0,0.1877213191689065,568.0,0.0,0.0023337235921933,7143424.0,0.1877213191689065,748.0,0.0
0.014083150664913,16044032.0,0.16927558956906,57.0,0.0178184831125326,0.0183900762623565,44769280.0,0.1870940726815926,569.0,0.0,0.0013719211108641,10854400.0,0.1870940726815926,568.0,0.0,0.006069737606053,10907648.0,0.1870940726815926,569.0,0.0,0.0059330029936708,44793856.0,0.1870940726815926,568.0,0.0,0.0020244419073282,102072320.0,0.1870940726815926,568.0,0.0,0.0113211210152592,112746496.0,0.1870940726815926,568.0,0.0,0.000676253235077,9633792.0,0.0,21830.0,0.0445462077813315,0.0016897338469012,45813760.0,0.0,21829.0,0.0445462077813315,0.0022988869398153,102858752.0,0.1870940726815926,568.0,0.0,0.0024741515714841,7143424.0,0.1870940726815926,748.0,0.0
0.015019847839798,15536128.0,0.187625261182892,57.0,0.0,0.0111931072260855,45817856.0,0.187625261182892,569.0,0.0,0.0014605180094872,10838016.0,0.187625261182892,568.0,0.0,0.006872564227884,11292672.0,0.187625261182892,569.0,0.0,0.0069358649712982,44793856.0,0.187625261182892,568.0,0.0,0.0023052328424713,102531072.0,0.1876252611828919,568.0,0.0,0.0110848603798857,113729536.0,0.1876252611828919,568.0,0.0,0.0006828551946091,9629696.0,0.0,21830.0,0.0511705257771523,0.0015390447524484,45809664.0,0.0,21829.0,0.0511705257771523,0.0022742274174919,103002112.0,0.187625261182892,568.0,0.0,0.0025393230757106,7143424.0,0.1870740724243909,748.0,0.0
0.0144669018273655,15159296.0,0.1878960763882957,57.0,0.0,0.0080691214881824,46931968.0,0.1878960763882957,569.0,0.0,0.0014946475933735,10846208.0,0.1878960763882957,568.0,0.0,0.0061950486695769,11468800.0,0.1878960763882957,569.0,0.0,0.0069323027767771,44789760.0,0.1878960763882957,568.0,0.0,0.0014246446977978,102854656.0,0.1878960763882957,568.0,0.0,0.0090408231210566,113930240.0,0.1878960763882957,568.0,0.0,0.0008629155662355,9633792.0,0.0,21830.0,0.0427036537246126,0.001696851637818,45809664.0,0.0,21829.0,0.0427036537246126,0.0021965926572699,103002112.0,0.1878960763882957,568.0,0.0,0.0024936468512356,7143424.0,0.1878960763882957,748.0,0.0
0.0119198333333333,15056896.0,0.1873110165636456,57.0,0.0,0.0065019233349803,47345664.0,0.1873110165636456,569.0,0.0,0.0014200351031154,10977280.0,0.1873110165636456,568.0,0.0,0.0063735952145448,11087872.0,0.1873110165636456,569.0,0.0,0.0067176252010426,44806144.0,0.1873110165636456,568.0,0.0,0.0014184628160177,102445056.0,0.1873110165636456,568.0,0.0,0.0095640045976035,114253824.0,0.1873110165636456,568.0,0.0,0.0008286453925544,9629696.0,0.0,21830.0,0.0445978610865822,0.0017478687899304,46071808.0,0.0,21829.0,0.0445978610865822,0.0033851780911239,102879232.0,0.1873110165636456,568.0,0.0,0.0024483183085333,6881280.0,0.1873110165636456,748.0,0.0
0.0118895841884575,15126528.0,0.1878158721486136,57.0,0.0,0.006627442992697,50147328.0,0.1878158721486136,569.0,0.0,0.0011451872884478,10977280.0,0.1878158721486136,568.0,0.0,0.0059533288400991,11268096.0,0.1878158721486136,569.0,0.0,0.0064443680446831,44793856.0,0.1878158721486136,568.0,0.0,0.0013683732233295,103038976.0,0.1878158721486135,568.0,0.0,0.0097511117392885,115032064.0,0.1878158721486135,568.0,0.0,0.0007886605263883,9633792.0,0.0,21830.0,0.0512225105859855,0.0017609010425285,45809664.0,0.0,21829.0,0.0512225105859855,0.0029994208275734,103149568.0,0.1878158721486136,568.0,0.0,0.0023324137931034,7147520.0,0.1878158721486136,748.0,0.0
0.0142647668167314,15319040.0,0.1877838096213596,57.0,0.0,0.0051907190007397,49860608.0,0.1877838096213596,569.0,0.0,0.0012445727075842,11173888.0,0.1877838096213596,568.0,0.0,0.0059880208565442,11055104.0,0.1877838096213595,569.0,0.0,0.0065059226319309,44806144.0,0.1877838096213596,568.0,0.0,0.0016170767741606,102887424.0,0.1877838096213595,568.0,0.0,0.0107487504165278,114786304.0,0.1877838096213595,568.0,0.0,0.000705578352555,9633792.0,0.0,21830.0,0.0512137662603707,0.0017767857142857,45809664.0,0.0,21829.0,0.0426781385503089,0.0034959587664512,103137280.0,0.1877838096213596,568.0,0.0,0.0025873155204013,6881280.0,0.1877838096213596,748.0,0.0
0.0153029384917167,15757312.0,0.1872158331104573,57.0,0.0,0.0068354829738878,51019776.0,0.1872158331104573,569.0,0.0,0.0012631639194138,10846208.0,0.1872158331104573,568.0,0.0,0.006944268879766,11055104.0,0.1872158331104573,569.0,0.0,0.0068318685517768,44802048.0,0.1872158331104573,568.0,0.0,0.0018661345841055,102858752.0,0.1872158331104573,568.0,0.0,0.0114416359827615,114868224.0,0.1872158331104573,568.0,0.0,0.0008693139483789,9633792.0,0.0,21830.0,0.0534902380315592,0.0017739340080176,45809664.0,0.0,21829.0,0.0534902380315592,0.0032503091852855,102760448.0,0.1872158331104573,568.0,0.0,0.0030221008498157,6885376.0,0.1872158331104573,748.0,0.0
0.0143925495283709,15560704.0,0.1619957881095091,57.0,0.0255782823330803,0.011780090412507,18726912.0,0.1619957881095091,569.0,0.0255782823330803,0.0013412102116658,10842112.0,0.1875740704425895,568.0,0.0,0.0060318755696291,11337728.0,0.1875740704425895,569.0,0.0,0.006638687749372,44797952.0,0.1875740704425895,568.0,0.0,0.0017302422567351,103346176.0,0.1875740704425895,568.0,0.0,0.009019811424588,115593216.0,0.1875740704425895,568.0,0.0,0.0007458377836805,9445376.0,0.0,21830.0,0.0426304705551339,0.0015152211579218,45809664.0,0.0,21829.0,0.0426304705551339,0.0019541876507681,102756352.0,0.1875740704425895,568.0,0.0,0.002951541769436,6873088.0,0.1875740704425895,748.0,0.0
0.011210990921383,15306752.0,0.1117962212877204,57.0,0.0773973839684218,0.0118187197148692,20725760.0,0.1117962212877204,569.0,0.0773973839684218,0.0010834607301122,11104256.0,0.1891936052561423,568.0,0.0,0.0054728535288877,11010048.0,0.1891936052561423,569.0,0.0,0.0053627371840382,44797952.0,0.1891936052561423,568.0,0.0,0.0016682119141472,103297024.0,0.1891936052561423,568.0,0.0,0.0076933634370722,115032064.0,0.1891936052561423,568.0,0.0,0.0007110187913627,9527296.0,0.0,21830.0,0.0515982559789479,0.0016072770438778,45809664.0,0.0,21829.0,0.0515982559789479,0.0013333011955263,102875136.0,0.1891936052561423,568.0,0.0,0.0026323952760015,6873088.0,0.1891936052561423,748.0,0.0
0.0071999102579109,15323136.0,0.0687385614737547,57.0,0.1202924825790708,0.0166728905863215,20557824.0,0.0687385614737547,569.0,0.1202924825790708,0.0010852128432917,10940416.0,0.1890310440528256,568.0,0.0,0.0030512655036805,11046912.0,0.1885386459334009,569.0,0.0,0.0038159555316345,44797952.0,0.1885386459334009,568.0,0.0,0.0010270984552391,103993344.0,0.1885386459334009,568.0,0.0,0.005288003862393,115638272.0,0.1885386459334009,568.0,0.0,0.0005432869578439,9658368.0,0.0,21830.0,0.0448901537936669,0.0016373986915339,45809664.0,0.0,21829.0,0.0448901537936669,0.0008811723954303,102875136.0,0.1885386459334009,568.0,0.0,0.0022668980838656,7135232.0,0.1885386459334009,748.0,0.0
0.0055634645306111,15319040.0,0.0173235166738848,57.0,0.1732351667388479,0.0155654834875864,1908736.0,0.0173235166738848,569.0,0.1732351667388479,0.0009891791400514,11022336.0,0.1905586834127328,568.0,0.0,0.002041472417458,11046912.0,0.1905586834127328,569.0,0.0,0.0028992385938968,44797952.0,0.1905586834127328,568.0,0.0,0.001043897146171,103813120.0,0.1905586834127328,568.0,0.0,0.0041438743632321,115707904.0,0.1905586834127328,568.0,0.0,0.0004585245322979,9711616.0,0.0,21830.0,0.0519705500216544,0.0016342642735571,45809664.0,0.0,21829.0,0.0519705500216544,0.000608842199279,102752256.0,0.1905586834127328,568.0,0.0,0.0019694541782497,6873088.0,0.1905586834127328,748.0,0.0
0.0056032370587413,15343616.0,0.0,57.0,0.1902759907942663,0.0088726006301019,1908736.0,0.0,569.0,0.190697432519113,0.0009586871453727,11022336.0,0.190697432519113,568.0,0.0,0.0021245460866878,11218944.0,0.190697432519113,569.0,0.0,0.0027211917244599,44797952.0,0.190697432519113,568.0,0.0,0.0010781901151222,104128512.0,0.190697432519113,568.0,0.0,0.003769978908977,116482048.0,0.190697432519113,568.0,0.0,0.0004465617145681,9711616.0,0.0,21830.0,0.0433403255725256,0.0015670378959271,45809664.0,0.0,21829.0,0.0520083906870308,0.0006198273783692,102752256.0,0.190697432519113,568.0,0.0,0.0023372802710871,7135232.0,0.190697432519113,748.0,0.0
0.0055836943023926,15355904.0,0.0,57.0,0.188930396324445,0.002302186174039,1908736.0,0.0,569.0,0.188930396324445,0.0009799110833501,11087872.0,0.188930396324445,568.0,0.0,0.0020879024399656,11235328.0,0.188930396324445,569.0,0.0,0.0028235629312082,45064192.0,0.1884337565615325,568.0,0.0,0.0014092121729513,104960000.0,0.1884337565615326,568.0,0.0,0.0038822682920035,115896320.0,0.1884337565615325,568.0,0.0,0.0004305592291706,9719808.0,0.0,21830.0,0.0448651801336982,0.0017095606311178,45809664.0,0.0,21829.0,0.0448651801336982,0.0006238200597095,102752256.0,0.1884337565615326,568.0,0.0,0.002295318045318,6873088.0,0.1884337565615325,748.0,0.0
0.006119199498335,15536128.0,0.0,57.0,0.1903657618524319,0.0086611215408123,24363008.0,0.0086529891751105,569.0,0.1817127726773214,0.0010792853855487,10698752.0,0.1903657618524319,568.0,0.0,0.0021514176127054,12017664.0,0.1903657618524319,569.0,0.0,0.0027707840133686,44797952.0,0.1903657618524319,568.0,0.0,0.0012978416162838,104480768.0,0.1903657618524319,568.0,0.0,0.0037736127594291,116195328.0,0.1903657618524319,568.0,0.0,0.000504589855909,9977856.0,0.0,21830.0,0.0519179350506632,0.0017557110916691,45809664.0,0.0,21829.0,0.0519179350506632,0.0006140171469889,102752256.0,0.1903657618524319,568.0,0.0,0.0020664466633931,6868992.0,0.1903657618524319,748.0,0.0
0.006812827952879,14880768.0,0.0271468645371459,57.0,0.1628811872228757,0.0183424454089894,37834752.0,0.0542937290742919,569.0,0.1357343226857298,0.000999082623106,10694656.0,0.1904597004588347,568.0,0.0,0.0020471304139916,11517952.0,0.1904597004588347,569.0,0.0,0.0031436635834841,44802048.0,0.1904597004588347,568.0,0.0,0.0013665597261324,104681472.0,0.1904597004588347,568.0,0.0,0.0039228560610836,116281344.0,0.1904597004588347,568.0,0.0,0.0005044598612487,9723904.0,0.0,21830.0,0.043286295558826,0.0017520327226042,45809664.0,0.0,21829.0,0.043286295558826,0.0008359362507329,102883328.0,0.1904597004588347,568.0,0.0,0.0023565302044371,6885376.0,0.1904597004588347,748.0,0.0
0.0084949668595878,15482880.0,0.0789226328482414,57.0,0.1052482904478992,0.0265774890510949,41148416.0,0.1053062530620131,569.0,0.0789993880286501,0.0009047189975273,10862592.0,0.1843937170941409,568.0,0.0,0.003533139817334,11026432.0,0.1844903969231512,569.0,0.0,0.0046083721738124,44797952.0,0.1846536431918079,568.0,0.0,0.0009438857428333,104972288.0,0.1848359084432208,568.0,0.0,0.0062786365214779,115978240.0,0.1849991547118775,568.0,0.0,0.0005605136767851,9719808.0,0.0,21830.0,0.0528981091422223,0.0017477330190293,45821952.0,0.0,21829.0,0.054339950731778,0.0011078052800697,102883328.0,0.190189827561223,568.0,0.0,0.0024691601049869,7147520.0,0.190189827561223,748.0,0.0
0.0107400474365992,15204352.0,0.1279274054616473,57.0,0.0596994558821021,0.0216662271738413,41943040.0,0.1535128865539768,569.0,0.0341139747897726,0.0008131298444754,10862592.0,0.1876268613437494,568.0,0.0,0.004525811158202,11239424.0,0.1876268613437494,569.0,0.0,0.0050991081948857,44802048.0,0.1876268613437494,568.0,0.0,0.0014177651195788,105058304.0,0.1876268613437494,568.0,0.0,0.0072858533354743,116604928.0,0.1876268613437494,568.0,0.0,0.0005691337766646,9474048.0,0.0,21830.0,0.0426424684872157,0.0017555976292394,45809664.0,0.0,21829.0,0.0426424684872157,0.0015809764454781,102756352.0,0.1876268613437494,568.0,0.0,0.0025624689385006,7147520.0,0.1876268613437494,748.0,0.0
0.0130165475855978,15343616.0,0.1798674376984162,57.0,0.0089933718849208,0.0174692970421994,43229184.0,0.1888608095833371,569.0,0.0,0.0008026986981552,10862592.0,0.1823253637069479,568.0,0.0,0.0056967345312411,11321344.0,0.1822104733811181,569.0,0.0,0.0061504060171608,44806144.0,0.1862591542141133,568.0,0.0,0.0079385822026796,106672128.0,0.1862591542141133,568.0,0.0,0.0091500508797759,117006336.0,0.1862591542141133,568.0,0.0,0.0006974793563298,9474048.0,0.0,21830.0,0.0507979511493036,0.0015653095340948,45809664.0,0.0,21829.0,0.0507979511493036,0.0017455760872837,102760448.0,0.1862591542141133,568.0,0.0,0.0026002440016267,7147520.0,0.1862591542141133,748.0,0.0
0.0138039817843357,15757312.0,0.1870824053452116,57.0,0.0,0.008977308937925,43859968.0,0.1870824053452116,569.0,0.0,0.0015560947576782,10821632.0,0.1870824053452116,568.0,0.0,0.0061258998370966,11223040.0,0.1870824053452116,569.0,0.0,0.0065713504984705,44802048.0,0.1870824053452116,568.0,0.0,0.0103070865428182,106819584.0,0.1870824053452116,568.0,0.0,0.0091520528200122,116527104.0,0.1870824053452116,568.0,0.0,0.0007869002920317,9519104.0,0.0,21830.0,0.044543429844098,0.0017962623480656,45801472.0,0.0,21829.0,0.044543429844098,0.001756893620167,103137280.0,0.1870824053452116,568.0,0.0,0.0026080472313159,7151616.0,0.1870824053452116,748.0,0.0
0.0143038760809518,15376384.0,0.1892831331520804,57.0,0.0,0.0082818217643416,45273088.0,0.1892831331520804,569.0,0.0,0.0016772156539272,10833920.0,0.1892831331520804,568.0,0.0,0.0060733598430401,11231232.0,0.1892831331520804,569.0,0.0,0.0059875797963209,44781568.0,0.1892831331520804,568.0,0.0,0.0099935364046952,106885120.0,0.1892831331520804,568.0,0.0,0.0088513373459776,116887552.0,0.1892831331520804,568.0,0.0,0.0007876731327551,9519104.0,0.0,21830.0,0.0430188938982,0.0018520979747084,45809664.0,0.0,21829.0,0.0430188938982,0.001742478020521,102879232.0,0.1892831331520804,568.0,0.0,0.0024088353005153,6889472.0,0.1892831331520804,748.0,0.0
0.0145499757320821,15372288.0,0.1871374212463352,57.0,0.0,0.0071168697564696,46628864.0,0.1871374212463352,569.0,0.0,0.001998861047836,10997760.0,0.1871374212463352,568.0,0.0,0.0053984195284878,11153408.0,0.1871374212463352,569.0,0.0,0.006382601944619,44797952.0,0.1871374212463352,568.0,0.0,0.0102402478835832,106450944.0,0.1871374212463352,568.0,0.0,0.0090692861314432,117182464.0,0.1876860864891611,568.0,0.0,0.0007563117561056,9445376.0,0.0,21830.0,0.0511871144970439,0.00187162780064,45809664.0,0.0,21829.0,0.0511871144970439,0.0019528533532107,103276544.0,0.1876860864891611,568.0,0.0,0.0026585893080961,7409664.0,0.1876860864891611,748.0,0.0
0.0139635100606835,15200256.0,0.1889790834514452,57.0,0.0,0.0076768696448676,48410624.0,0.1889790834514452,569.0,0.0,0.001286960179232,10735616.0,0.1889790834514452,568.0,0.0,0.0058276211016957,11128832.0,0.1889790834514452,569.0,0.0,0.006648706448451,44802048.0,0.1889790834514452,568.0,0.0,0.0015356542117896,106405888.0,0.1889790834514452,568.0,0.0,0.0097243408735945,117456896.0,0.1889790834514452,568.0,0.0,0.0007524377641124,9441280.0,0.0,21830.0,0.0429497916935102,0.0018706757129895,45809664.0,0.0,21829.0,0.0429497916935102,0.0017822672597165,102756352.0,0.1889790834514452,568.0,0.0,0.0027706797558457,7151616.0,0.1884844949064309,748.0,0.0
0.0140015802103046,15491072.0,0.1875133177072235,57.0,0.0,0.0064843725196225,48046080.0,0.1875133177072235,569.0,0.0,0.0012500219283284,10801152.0,0.1875133177072235,568.0,0.0,0.005870117485505,11354112.0,0.1875133177072235,569.0,0.0,0.0060549763695263,44802048.0,0.1875133177072235,568.0,0.0,0.0014530623771302,106708992.0,0.1875133177072235,568.0,0.0,0.0092913022566428,117444608.0,0.1875133177072235,568.0,0.0,0.0007545133294272,9441280.0,0.0,21830.0,0.0511399957383336,0.0015995142857142,45809664.0,0.0,21829.0,0.0511399957383336,0.0020362366697341,102756352.0,0.1875133177072235,568.0,0.0,0.0027200437678201,7151616.0,0.1875133177072235,748.0,0.0
0.0133551240968891,15556608.0,0.1902725427660191,57.0,0.0,0.0059585272922999,48463872.0,0.1902725427660191,569.0,0.0,0.0011054657278007,10801152.0,0.1902725427660191,568.0,0.0,0.0059699781986918,11337728.0,0.1902725427660191,569.0,0.0,0.0061037989572006,44797952.0,0.1902725427660191,568.0,0.0,0.0014192335366271,106872832.0,0.1902725427660191,568.0,0.0,0.0087824653856174,117694464.0,0.1902725427660191,568.0,0.0,0.0007379020897494,9445376.0,0.0,21830.0,0.0433395742320227,0.0018862145418381,45809664.0,0.0,21829.0,0.0433395742320227,0.0019144388842801,102883328.0,0.1906941266209,568.0,0.0,0.0027984548671684,6881280.0,0.1906941266209,748.0,0.0
0.0139687385916033,15532032.0,0.1806762453755484,57.0,0.0086036307321689,0.0058298363407469,48271360.0,0.1806762453755484,569.0,0.0086036307321689,0.0012872903967125,10797056.0,0.1892798761077174,568.0,0.0,0.0063199198231813,11272192.0,0.1892798761077174,569.0,0.0,0.0068146393094006,44802048.0,0.1892798761077174,568.0,0.0,0.0012889569198521,106745856.0,0.1892798761077174,568.0,0.0,0.0090440807073973,118099968.0,0.1892798761077174,568.0,0.0,0.0007983708145927,9457664.0,0.0,21830.0,0.0430181536608448,0.0019649585074807,45809664.0,0.0,21829.0,0.0430181536608448,0.0018771442959852,102879232.0,0.1892798761077174,568.0,0.0,0.0027943037974684,6881280.0,0.1887979861548143,748.0,0.0
0.012192450093515,15200256.0,0.128083612982555,57.0,0.0597723527251923,0.0129707223422126,20467712.0,0.128083612982555,569.0,0.0597723527251923,0.0012889369485442,10862592.0,0.1878559657077473,568.0,0.0,0.0050685368094637,11014144.0,0.1878559657077473,569.0,0.0,0.0060130085121378,44797952.0,0.1878559657077473,568.0,0.0,0.0012253971180139,107098112.0,0.1878559657077473,568.0,0.0,0.0094339139291556,118435840.0,0.1878559657077473,568.0,0.0,0.0007346716085454,9461760.0,0.0,21830.0,0.051233445193022,0.0018916672912606,45809664.0,0.0,21829.0,0.051233445193022,0.0017087343989963,102756352.0,0.1878559657077473,568.0,0.0,0.0025907118142361,7139328.0,0.1878559657077473,748.0,0.0
0.0090891573854038,15339520.0,0.0867159791534786,57.0,0.1040591749841743,0.0117484110509533,1904640.0,0.0815815951921246,569.0,0.1087754602561662,0.0013638312136849,10870784.0,0.1903570554482908,568.0,0.0,0.0038980728963339,11272192.0,0.1903570554482908,569.0,0.0,0.0044302954403141,44806144.0,0.1841175364171176,568.0,0.0,0.0012016083390126,107585536.0,0.183981113860713,568.0,0.0,0.0071642590701858,118595584.0,0.1838446913043084,568.0,0.0,0.0006045996701504,9494528.0,0.0,21830.0,0.0426890698905452,0.0018368900854943,45809664.0,0.0,21829.0,0.0426890698905452,0.0013086499381515,102756352.0,0.1878319075183989,568.0,0.0,0.0023237612691608,6877184.0,0.1878319075183989,748.0,0.0
0.0067565644014836,15323136.0,0.0343701666953084,57.0,0.1546657501288881,0.010088967424708,1900544.0,0.0343701666953084,569.0,0.1546657501288881,0.0011956623498205,10862592.0,0.1890359168241966,568.0,0.0,0.0029084839516612,11530240.0,0.1890359168241966,569.0,0.0,0.0029611218209038,44797952.0,0.1890359168241966,568.0,0.0,0.0014086283885245,107479040.0,0.1890359168241966,568.0,0.0,0.0056534156446956,118792192.0,0.1890359168241966,568.0,0.0,0.0004744939349455,9596928.0,0.0,21830.0,0.0515552500429627,0.0018028591648973,45809664.0,0.0,21829.0,0.0515552500429627,0.0016125679954534,102780928.0,0.1885437241874663,568.0,0.0,0.0023193221465359,7139328.0,0.1885437241874663,748.0,0.0
0.0051716376863023,15446016.0,0.0,57.0,0.1890359168241966,0.0019175577068959,1900544.0,0.0,569.0,0.1890359168241966,0.0010207874889126,10895360.0,0.1890359168241966,568.0,0.0,0.001869523568116,11010048.0,0.1890359168241966,569.0,0.0,0.0026944539108448,44797952.0,0.1890359168241966,568.0,0.0,0.0013291057970585,108052480.0,0.1890359168241966,568.0,0.0,0.0035447787069141,119271424.0,0.1890359168241966,568.0,0.0,0.0004529548868286,9592832.0,0.0,21830.0,0.0429627083691355,0.0016331165311654,45809664.0,0.0,21829.0,0.0429627083691355,0.0014263366839896,102780928.0,0.1890359168241966,568.0,0.0,0.0021677886421558,6877184.0,0.1890359168241966,748.0,0.0
0.004808730797298,15486976.0,0.0,57.0,0.190661073941831,0.0,1900544.0,0.0,569.0,0.190661073941831,0.0009564879564879,10915840.0,0.190661073941831,568.0,0.0,0.0020205345344765,11034624.0,0.1902380693553647,569.0,0.0,0.0026356152652143,44797952.0,0.1902380693553647,568.0,0.0,0.0010799650402469,107601920.0,0.1902380693553647,568.0,0.0,0.003592171392934,119119872.0,0.1902380693553647,568.0,0.0,0.0004344517361431,9596928.0,0.0,21830.0,0.0519984747114084,0.0016428584568969,45809664.0,0.0,21829.0,0.0519984747114084,0.0012896675074523,102785024.0,0.190661073941831,568.0,0.0,0.0021227703001094,6877184.0,0.190661073941831,748.0,0.0
0.0047312013497449,15482880.0,0.0,57.0,0.1906082134811991,0.0,1900544.0,0.0,569.0,0.1906082134811991,0.0008843060021697,10915840.0,0.1906082134811991,568.0,0.0,0.0019568205380332,11304960.0,0.1906082134811991,569.0,0.0,0.0025140845824986,44797952.0,0.1906082134811991,568.0,0.0,0.0008947824743652,107823104.0,0.1906082134811991,568.0,0.0,0.0035384125241399,119296000.0,0.1906082134811991,568.0,0.0,0.0005694735567293,9662464.0,0.0,21830.0,0.0519840582221452,0.0015241718027735,45809664.0,0.0,21829.0,0.0519840582221452,0.0006698198067493,102780928.0,0.1906082134811991,568.0,0.0,0.0020588212001821,6877184.0,0.1906082134811991,748.0,0.0
0.004573424753119,15482880.0,0.0,57.0,0.1904778396349752,0.0,1900544.0,0.0,569.0,0.1904778396349752,0.0009280161380872,10915840.0,0.1904778396349752,568.0,0.0,0.0020340140859284,11165696.0,0.1904778396349752,569.0,0.0,0.0025073569421774,44797952.0,0.1904778396349751,568.0,0.0,0.0009269884077873,108167168.0,0.1904778396349752,568.0,0.0,0.0037070461508053,119214080.0,0.1904778396349752,568.0,0.0,0.0005077413677802,9662464.0,0.0,21830.0,0.0519485017186295,0.0014771821137213,46067712.0,0.0,21829.0,0.0519485017186296,0.0011784566665114,102780928.0,0.1904778396349752,568.0,0.0,0.0020188966391883,7139328.0,0.1904778396349752,748.0,0.0
0.0050251541209415,15237120.0,0.0,57.0,0.1862637048619684,0.0,1900544.0,0.0,569.0,0.1864493320165693,0.0009077329860494,10915840.0,0.186522942784773,568.0,0.0,0.0020452658857239,11169792.0,0.1866317587029874,569.0,0.0,0.0025312971975163,44806144.0,0.1867821807075778,568.0,0.0,0.0011188689332884,108048384.0,0.186886195923518,568.0,0.0,0.0039014091713827,119918592.0,0.1870046132462806,568.0,0.0,0.0005791922455573,9662464.0,0.0,21830.0,0.0457209740396309,0.0014543424491554,45809664.0,0.0,21829.0,0.0524663559492475,0.0012146461188417,102780928.0,0.1923766384805743,568.0,0.0,0.0020517808565825,6877184.0,0.1923766384805743,748.0,0.0
0.0052793741138549,15265792.0,0.0,57.0,0.1837196893810181,0.0,1900544.0,0.0,569.0,0.1838823537374448,0.001253576048443,11046912.0,0.1839818474700165,568.0,0.0,0.0019688005740904,11165696.0,0.1841176643113048,569.0,0.0,0.0024880792095613,45056000.0,0.1842203165750692,568.0,0.0,0.0017828605075436,108613632.0,0.1843340236980083,568.0,0.0,0.0038863459605888,119537664.0,0.1895118715650973,568.0,0.0,0.0005785971337918,9666560.0,0.0,21830.0,0.045121874182166,0.0015244168654241,46071808.0,0.0,21829.0,0.045121874182166,0.0011236183109793,102780928.0,0.1895118715650973,568.0,0.0,0.0020755738208472,7139328.0,0.1895118715650973,748.0,0.0
0.008018215956597,15429632.0,0.0,57.0,0.1880856302578483,0.0,1900544.0,0.0,569.0,0.1880856302578483,0.001204254597858,11055104.0,0.1880856302578483,568.0,0.0,0.0017213194444442,11423744.0,0.1880856302578483,569.0,0.0,0.0025224216239188,44797952.0,0.1880856302578483,568.0,0.0,0.00152668,109023232.0,0.1880856302578483,568.0,0.0,0.0037572678521027,120315904.0,0.1880856302578483,568.0,0.0,0.0004326132958097,9666560.0,0.0,21830.0,0.0512960809794131,0.0015503343794366,45809664.0,0.0,21829.0,0.0512960809794131,0.0006751514813575,102780928.0,0.1880856302578483,568.0,0.0,0.0018259219030097,6881280.0,0.1880856302578483,748.0,0.0
0.0073279074686731,15151104.0,0.0,57.0,0.1876172607879924,0.0,1900544.0,0.0,569.0,0.1876172607879924,0.0012322960776981,11046912.0,0.1876172607879924,568.0,0.0,0.0020666736049349,11440128.0,0.1876172607879924,569.0,0.0,0.00258310629211,45056000.0,0.1876172607879924,568.0,0.0,0.0015689124239114,108711936.0,0.1881467544684854,568.0,0.0,0.0036353019070671,120397824.0,0.1881467544684854,568.0,0.0,0.0004112323861092,9662464.0,0.0,21830.0,0.0427606260155648,0.0015602943933995,45809664.0,0.0,21829.0,0.0427606260155648,0.0006988739701248,102780928.0,0.1881467544684854,568.0,0.0,0.0020801505152774,6877184.0,0.1881467544684854,748.0,0.0
0.007406646057289,15155200.0,0.0,57.0,0.1858555106158897,0.0,1900544.0,0.0,569.0,0.1858555106158897,0.0009557214122742,11051008.0,0.1858555106158897,568.0,0.0,0.0021418097678172,11698176.0,0.1858555106158897,569.0,0.0,0.0025403631811946,44797952.0,0.1858555106158897,568.0,0.0,0.0009886572264737,108601344.0,0.1858555106158897,568.0,0.0,0.0035078644196894,120037376.0,0.1858555106158897,568.0,0.0,0.0004095888285492,9666560.0,0.0,21830.0,0.0531015744616827,0.0014650395599018,45809664.0,0.0,21829.0,0.0531015744616827,0.0007175610566538,102780928.0,0.1858555106158897,568.0,0.0,0.001956086451313,6877184.0,0.1858555106158897,748.0,0.0
0.0053805884076012,15392768.0,0.0,57.0,0.1885256437722267,0.0062028736152615,20455424.0,0.0,569.0,0.1885256437722267,0.0009283147120869,11051008.0,0.1885256437722267,568.0,0.0,0.002001510451787,11165696.0,0.1885256437722267,569.0,0.0,0.0022749770557194,44797952.0,0.1885256437722267,568.0,0.0,0.0009302644321003,108924928.0,0.1885256437722267,568.0,0.0,0.0035275715244568,120004608.0,0.1885256437722267,568.0,0.0,0.0003977872476998,9666560.0,0.0,21830.0,0.0428467372209606,0.001494514176947,45809664.0,0.0,21829.0,0.0428467372209606,0.0006977279084947,102780928.0,0.1885256437722267,568.0,0.0,0.0017765795424791,6877184.0,0.1885256437722267,748.0,0.0
0.0048010655556375,15400960.0,0.0,57.0,0.1889134776272467,0.0126616134924387,20111360.0,0.0,569.0,0.1889134776272467,0.0009396080320425,11051008.0,0.1889134776272467,568.0,0.0,0.0019403367597205,11165696.0,0.1889134776272467,569.0,0.0,0.0021975344337292,44797952.0,0.1889134776272467,568.0,0.0,0.0009955423476968,108883968.0,0.1889134776272467,568.0,0.0,0.003043221277377,120299520.0,0.1889134776272467,568.0,0.0,0.0004037400522477,9666560.0,0.0,21830.0,0.0449793994350587,0.0014184215758934,45809664.0,0.0,21829.0,0.0516515585857803,0.0006051520812944,102780928.0,0.1893890481478611,568.0,0.0,0.0018988153338744,6877184.0,0.1893890481478612,748.0,0.0
0.0046279525518904,15413248.0,0.0,57.0,0.190588398364405,0.0187060916707738,32313344.0,0.0173262180331277,569.0,0.1732621803312772,0.0008898878644405,11104256.0,0.190588398364405,568.0,0.0,0.0019700347042888,11165696.0,0.190588398364405,569.0,0.0,0.0021108951619427,44797952.0,0.190588398364405,568.0,0.0,0.0009461378709721,109318144.0,0.190588398364405,568.0,0.0,0.0032988369374128,120643584.0,0.190588398364405,568.0,0.0,0.000380841376437,9699328.0,0.0,21830.0,0.0519786540993831,0.0012925336730154,45809664.0,0.0,21829.0,0.0519786540993831,0.000546575277712,102785024.0,0.190588398364405,568.0,0.0,0.0019347285536675,6877184.0,0.190588398364405,748.0,0.0
0.0048635912831371,15511552.0,0.0,57.0,0.1920743152987192,0.0151149838651531,34856960.0,0.0698452055631706,569.0,0.1222291097355486,0.0008922651363457,11104256.0,0.1920743152987192,568.0,0.0,0.0020858843689198,11202560.0,0.1920743152987192,569.0,0.0,0.0024478955094816,44797952.0,0.1920743152987192,568.0,0.0,0.0008548553487922,109158400.0,0.1920743152987192,568.0,0.0,0.0034760837002409,120500224.0,0.1920743152987192,568.0,0.0,0.000374618510158,9699328.0,0.0,21830.0,0.0436532534769816,0.0014416133329326,45809664.0,0.0,21829.0,0.0436532534769816,0.0006114077511578,102780928.0,0.1920743152987192,568.0,0.0,0.0017612105249078,7139328.0,0.1920743152987192,748.0,0.0
0.0046987618624739,15351808.0,0.0,57.0,0.1944270147499403,0.0146083436158388,40611840.0,0.1237262821135984,569.0,0.0707007326363419,0.0010322938890025,11259904.0,0.1944270147499403,568.0,0.0,0.002029174257496,11210752.0,0.1944270147499403,569.0,0.0,0.0027033630301606,44802048.0,0.1944270147499403,568.0,0.0,0.0010721375,109928448.0,0.1944270147499403,568.0,0.0,0.0038862183983288,120950784.0,0.1944270147499403,568.0,0.0,0.0004231161545327,9699328.0,0.0,21830.0,0.0530255494772564,0.0016122661018811,45809664.0,0.0,21829.0,0.0530255494772564,0.0006264464101815,102780928.0,0.1944270147499403,568.0,0.0,0.0021214291236616,6885376.0,0.1944270147499403,748.0,0.0
0.0059566826527151,15892480.0,0.0,57.0,0.1945706333697096,0.0154306401374916,42569728.0,0.1691918551040953,569.0,0.0253787782656142,0.0012135121806884,10727424.0,0.1945706333697096,568.0,0.0,0.0025104255707411,11202560.0,0.1945706333697096,569.0,0.0,0.0030461699274216,44802048.0,0.1945706333697096,568.0,0.0,0.001417044862015,109740032.0,0.1943291228690044,568.0,0.0,0.0043799384125192,121106432.0,0.1943291228690045,568.0,0.0,0.0005083391464265,9695232.0,0.0,21830.0,0.0441657097429555,0.0017800573754362,45809664.0,0.0,21829.0,0.0441657097429555,0.0007164829853055,102780928.0,0.1943291228690044,568.0,0.0,0.0022611887732986,6885376.0,0.1943291228690045,748.0,0.0
0.0075667864789715,15474688.0,0.0424178154825026,57.0,0.1527041357370095,0.0135347143368626,46710784.0,0.1951219512195121,569.0,0.0,0.0013398295315293,10792960.0,0.1951219512195121,568.0,0.0,0.0032575299371763,11010048.0,0.1951219512195121,569.0,0.0,0.0037453215073407,44797952.0,0.1951219512195121,568.0,0.0,0.0014686839897718,109604864.0,0.1951219512195121,568.0,0.0,0.0055616391804098,121303040.0,0.1951219512195121,568.0,0.0,0.0006155731653295,9646080.0,0.0,21830.0,0.0509013785790031,0.0018397061485835,45809664.0,0.0,21829.0,0.0509013785790031,0.0007914189329262,102780928.0,0.1951219512195121,568.0,0.0,0.002413147797616,7147520.0,0.1951219512195121,748.0,0.0
0.0093031137157403,15482880.0,0.0934515920753049,57.0,0.1019471913548781,0.0115101950918684,48082944.0,0.1953987834301832,569.0,0.0,0.0011788386940508,10792960.0,0.1953987834301832,568.0,0.0,0.0040900139827544,11173888.0,0.1953987834301832,569.0,0.0,0.0049097109684302,45064192.0,0.1953987834301831,568.0,0.0,0.0012313358882389,110444544.0,0.1953987834301832,568.0,0.0,0.0065026027425008,121196544.0,0.1953987834301832,568.0,0.0,0.0006364329268292,9646080.0,0.0,21830.0,0.0424779963978659,0.0018087662792326,45813760.0,0.0,21829.0,0.050973595677439,0.0011629915072098,102780928.0,0.1953987834301832,568.0,0.0,0.0021980477392558,6885376.0,0.1953987834301831,748.0,0.0
0.0114978246841107,15273984.0,0.1408636703790113,57.0,0.0528238763921292,0.0101252635623319,50810880.0,0.1936875467711405,569.0,0.0,0.0010553994539766,10956800.0,0.1936875467711405,568.0,0.0,0.0049595059590272,11390976.0,0.1936875467711405,569.0,0.0,0.0056950484227877,44797952.0,0.1936875467711405,568.0,0.0,0.0010619359265195,110104576.0,0.1936875467711405,568.0,0.0,0.0064605981458181,121413632.0,0.1939537040941097,568.0,0.0,0.0006331198993097,9646080.0,0.0,21830.0,0.0505966184593329,0.0016776235316958,45813760.0,0.0,21829.0,0.0505966184593329,0.0016142924985653,102780928.0,0.1939537040941097,568.0,0.0,0.0021210609708839,6885376.0,0.1939537040941097,748.0,0.0
0.012723890278065,15532032.0,0.1916593342451671,57.0,0.0,0.0065873741835703,50819072.0,0.1916593342451671,569.0,0.0,0.000893068075847,11313152.0,0.1916593342451671,568.0,0.0,0.0053171768372057,11055104.0,0.1916593342451671,569.0,0.0,0.0056997837838797,44806144.0,0.1916593342451671,568.0,0.0,0.0010953981928976,110678016.0,0.1916593342451671,568.0,0.0,0.0072209062137519,121712640.0,0.1916593342451671,568.0,0.0,0.0006133677032135,9646080.0,0.0,21830.0,0.0522707275214092,0.001542806780404,45813760.0,0.0,21829.0,0.0522707275214092,0.001795938156548,102780928.0,0.1916593342451671,568.0,0.0,0.0023954205773973,6885376.0,0.1916593342451671,748.0,0.0
0.0130636234107847,15437824.0,0.189763141097521,57.0,0.0,0.0055235604003728,50921472.0,0.189763141097521,569.0,0.0,0.0011476497270392,11059200.0,0.189763141097521,568.0,0.0,0.005722065630038,11116544.0,0.189763141097521,569.0,0.0,0.0063501785849989,44802048.0,0.189763141097521,568.0,0.0,0.0011719164409622,110411776.0,0.189763141097521,568.0,0.0,0.0081305281236583,121835520.0,0.189763141097521,568.0,0.0,0.0006504326502718,9646080.0,0.0,21830.0,0.0431279866130729,0.0014209515889059,45813760.0,0.0,21829.0,0.0431279866130729,0.001833727121283,102903808.0,0.189763141097521,568.0,0.0,0.0021675626130575,6889472.0,0.189763141097521,748.0,0.0
