0.0139472770930644,16404480.0,0.1881534974151293,57.0,0.0,0.0043732228666739,57909248.0,0.1881534974151293,569.0,0.0,0.0010737827142556,10723328.0,0.1881534974151293,568.0,0.0,0.0051209965052153,10780672.0,0.1881534974151293,569.0,0.0,0.0064359778008463,44781568.0,0.1881534974151293,568.0,0.0,0.0010337855990155,125550592.0,0.1881534974151293,568.0,0.0,0.0090573199416873,129298432.0,0.1881534974151293,568.0,0.0,0.0007685863776336,9527296.0,0.0,21830.0,0.0447984517655069,0.001683969765738,45809664.0,0.0,21829.0,0.0447984517655069,0.001813190017756,101789696.0,0.1881534974151293,568.0,0.0,0.0022982476646017,6815744.0,0.1881534974151293,748.0,0.0
0.0141733805546025,15327232.0,0.1887229461367555,57.0,0.0,0.0048789179889259,57909248.0,0.1887229461367555,569.0,0.0,0.0012105983698055,10461184.0,0.1887229461367555,568.0,0.0,0.0058505713393101,11321344.0,0.1887229461367554,569.0,0.0,0.0066576997893507,44785664.0,0.1887229461367555,568.0,0.0,0.0011130788326589,125595648.0,0.1887229461367554,568.0,0.0,0.0090603337007621,129667072.0,0.1887229461367554,568.0,0.0,0.0007741788118346,9445376.0,0.0,21830.0,0.0514698944009333,0.0015833864815514,45813760.0,0.0,21829.0,0.0514698944009333,0.0022138203266787,101801984.0,0.1887229461367555,568.0,0.0,0.0023920674458708,7069696.0,0.1887229461367554,748.0,0.0
0.013721600284565,15446016.0,0.187420665684128,57.0,0.0,0.0055078642305576,57905152.0,0.187420665684128,569.0,0.0,0.0010895501892275,10461184.0,0.187420665684128,568.0,0.0,0.0057866656453172,10870784.0,0.187420665684128,569.0,0.0,0.0063658325332888,44785664.0,0.187420665684128,568.0,0.0,0.0040362808134964,125603840.0,0.187420665684128,568.0,0.0,0.0081118182320983,129548288.0,0.187420665684128,568.0,0.0,0.0007739873417721,9482240.0,0.0,21830.0,0.0425956058373018,0.0019196567106283,45817856.0,0.0,21829.0,0.0425956058373018,0.0022600592284134,101945344.0,0.187420665684128,568.0,0.0,0.0022509821289916,6807552.0,0.187420665684128,748.0,0.0
0.013879170488037,15663104.0,0.1908900019089,57.0,0.0,0.005556578370593,57909248.0,0.1908900019089,569.0,0.0,0.0012264000839263,10563584.0,0.1908900019089,568.0,0.0,0.0058166845080474,11288576.0,0.1908900019089,569.0,0.0,0.0064746290841041,44785664.0,0.1908900019089,568.0,0.0,0.0038637159972873,125657088.0,0.1857189659821896,568.0,0.0,0.0083848923253369,130383872.0,0.1855503464805034,568.0,0.0,0.0008127875229083,9490432.0,0.0,21830.0,0.0441343401734862,0.0019401624280008,45813760.0,0.0,21829.0,0.0441055551731984,0.002185876693937,101683200.0,0.1851351607263516,568.0,0.0,0.0024838653962404,7069696.0,0.1850094914750949,748.0,0.0
0.0138968700390019,15515648.0,0.191320984433429,57.0,0.0,0.0057512541768367,57921536.0,0.191320984433429,569.0,0.0,0.0010029842739406,10563584.0,0.191320984433429,568.0,0.0,0.005627478808241,10899456.0,0.1913209844334289,569.0,0.0,0.0058614091045166,44789760.0,0.191320984433429,568.0,0.0,0.0038182202088452,125882368.0,0.1913209844334289,568.0,0.0,0.0094006577799009,129982464.0,0.191320984433429,568.0,0.0,0.0007952249963252,9490432.0,0.0,21830.0,0.052178450300026,0.0019221711496993,45813760.0,0.0,21829.0,0.052178450300026,0.0017878901139973,101679104.0,0.1913209844334289,568.0,0.0,0.0026205135552803,7069696.0,0.1913209844334289,748.0,0.0
0.0140977097442691,15818752.0,0.1914341901463601,57.0,0.0,0.0055810908058908,57933824.0,0.1914341901463601,569.0,0.0,0.0011867035222861,10563584.0,0.1914341901463601,568.0,0.0,0.0061498298331535,11108352.0,0.1914341901463601,569.0,0.0,0.0069078530200796,44793856.0,0.1914341901463601,568.0,0.0,0.0011411348435017,125894656.0,0.1914341901463601,568.0,0.0,0.0095921650817484,130121728.0,0.1914341901463601,568.0,0.0,0.0008215296575716,9433088.0,0.0,21830.0,0.0435077704878091,0.0017775332436028,45813760.0,0.0,21829.0,0.0435077704878091,0.001708664014269,101683200.0,0.1914341901463601,568.0,0.0,0.002654506595145,6807552.0,0.1914341901463601,748.0,0.0
0.014901200192996,15224832.0,0.1914491832951885,57.0,0.0,0.0056569165933404,57868288.0,0.1914491832951885,569.0,0.0,0.0010660125288687,10571776.0,0.1914491832951885,568.0,0.0,0.006473761918315,10833920.0,0.1914491832951885,569.0,0.0,0.0070907795920346,44789760.0,0.1914491832951885,568.0,0.0,0.0011458944543827,126644224.0,0.1914491832951885,568.0,0.0,0.0095336770100127,131018752.0,0.1914491832951885,568.0,0.0,0.0008039832995902,9433088.0,0.0,21830.0,0.0522134136259605,0.0019278710543989,45813760.0,0.0,21829.0,0.0522134136259605,0.0019632996540803,101679104.0,0.1914491832951885,568.0,0.0,0.0023837645473639,7069696.0,0.1914491832951885,748.0,0.0
0.0132698833253177,15364096.0,0.1914025456538572,57.0,0.0,0.0049708230485673,57896960.0,0.1914025456538572,569.0,0.0,0.0012288411858777,10571776.0,0.1914025456538572,568.0,0.0,0.0068708672086721,10711040.0,0.1914025456538572,569.0,0.0,0.0071377834087726,44789760.0,0.1914025456538572,568.0,0.0,0.001244320765535,126353408.0,0.1914025456538572,568.0,0.0,0.0096161049882144,131502080.0,0.1914025456538572,568.0,0.0,0.0008123663675736,9236480.0,0.0,21830.0,0.0435005785576948,0.0018717730860806,45813760.0,0.0,21829.0,0.0435005785576948,0.0019638970785312,101679104.0,0.1914025456538572,568.0,0.0,0.0023346284265964,7069696.0,0.1914025456538572,748.0,0.0
0.0148508341024341,15589376.0,0.1913309677868225,57.0,0.0,0.0048918607820155,58204160.0,0.1913309677868225,569.0,0.0,0.0012303190936493,10571776.0,0.1913309677868225,568.0,0.0,0.0064371721472616,10764288.0,0.1913309677868225,569.0,0.0,0.0068701288863398,44781568.0,0.1913309677868224,568.0,0.0,0.0012134126825365,126619648.0,0.1913309677868225,568.0,0.0,0.0081423798830479,131522560.0,0.1913309677868225,568.0,0.0,0.0007715733123928,9236480.0,0.0,21830.0,0.0521811730327697,0.001885586822906,45801472.0,0.0,21829.0,0.0521811730327697,0.0020302342338785,101679104.0,0.1913309677868225,568.0,0.0,0.002609908781971,6807552.0,0.1913309677868225,748.0,0.0
0.0139508411018767,15511552.0,0.1909663808233379,57.0,0.0,0.004302161111111,57909248.0,0.1909663808233379,569.0,0.0,0.0013741746442691,10571776.0,0.1909663808233379,568.0,0.0,0.0060146972059505,10932224.0,0.1909663808233379,569.0,0.0,0.0069158221810867,44765184.0,0.1909663808233379,568.0,0.0,0.001186889477105,126779392.0,0.1909663808233379,568.0,0.0,0.0097247524578033,131899392.0,0.1913609240992989,568.0,0.0,0.0008508546665596,9318400.0,0.0,21830.0,0.043491119113477,0.0018345340869097,45801472.0,0.0,21829.0,0.043491119113477,0.0019336940599683,101556224.0,0.1913609240992989,568.0,0.0,0.0027070801672282,7069696.0,0.1913609240992989,748.0,0.0
0.0132520643410702,15495168.0,0.1839528615874393,57.0,0.0,0.0054289331838078,57946112.0,0.1840589049272845,569.0,0.0,0.0012295525498879,10571776.0,0.1842013512046885,568.0,0.0,0.0058852774768268,11333632.0,0.1843184736994428,569.0,0.0,0.0061604849064263,44781568.0,0.1844941574415744,568.0,0.0,0.0011283035981358,126701568.0,0.1846476828738875,568.0,0.0,0.0093811662765797,132460544.0,0.1847853809420447,568.0,0.0,0.0008715897685452,9318400.0,0.0,21830.0,0.0452210404456985,0.0019559246421815,45801472.0,0.0,21829.0,0.0452210404456985,0.0017890560961768,101814272.0,0.189928369871934,568.0,0.0,0.0027894257986252,6807552.0,0.189928369871934,748.0,0.0
0.0137625918814606,15872000.0,0.1887942057341949,57.0,0.0,0.0054792406460548,57942016.0,0.1887942057341949,569.0,0.0,0.0012090739495639,10592256.0,0.1887942057341949,568.0,0.0,0.0051952538950584,10964992.0,0.1887942057341949,569.0,0.0,0.0068282200525722,44781568.0,0.1887942057341949,568.0,0.0,0.0011248842843355,127201280.0,0.1887942057341949,568.0,0.0,0.0098414011582154,132739072.0,0.1887942057341949,568.0,0.0,0.0007370604395004,9322496.0,0.0,21830.0,0.0514893288365986,0.0019584769763927,45801472.0,0.0,21829.0,0.0514893288365986,0.0018705653669844,101941248.0,0.1887942057341949,568.0,0.0,0.0027463615386012,7069696.0,0.1887942057341949,748.0,0.0
0.0130152714582391,15577088.0,0.1835127847365838,57.0,0.0,0.0058450391389432,58167296.0,0.1833895130240553,569.0,0.0,0.0010477999005142,10604544.0,0.1874861515910756,568.0,0.0,0.0062293958306642,11141120.0,0.1874861515910756,569.0,0.0,0.0071090981196315,44781568.0,0.1874861515910756,568.0,0.0,0.0011402355834822,126955520.0,0.1874861515910756,568.0,0.0,0.0093974357595377,132247552.0,0.1874861515910756,568.0,0.0,0.0009137272178751,9334784.0,0.0,21830.0,0.0426104889979717,0.0020042121013363,45801472.0,0.0,21829.0,0.0426104889979717,0.0016333352286541,101679104.0,0.1874861515910756,568.0,0.0,0.0027492572899124,7331840.0,0.1874861515910756,748.0,0.0
0.014676965899887,15228928.0,0.18877962552987,57.0,0.0,0.0056952730155583,57868288.0,0.1882783291643132,569.0,0.0,0.0013915160318485,10608640.0,0.1882783291643131,568.0,0.0,0.0066796143709009,11210752.0,0.1882783291643131,569.0,0.0,0.007195851054596,45047808.0,0.1882783291643131,568.0,0.0,0.0011617139174017,127037440.0,0.1882783291643131,568.0,0.0,0.0097771377653311,132759552.0,0.1882783291643131,568.0,0.0,0.0009111030343696,9338880.0,0.0,21830.0,0.0537938083326609,0.0019732516422175,45801472.0,0.0,21829.0,0.0537938083326609,0.0018188481675392,101679104.0,0.1882783291643131,568.0,0.0,0.0027187791418446,6807552.0,0.1882783291643132,748.0,0.0
0.013692706141966,15499264.0,0.1912128981791317,57.0,0.0,0.0058306433238856,57929728.0,0.1912128981791317,569.0,0.0,0.0014157839675689,10739712.0,0.1912128981791317,568.0,0.0,0.006840130126641,11116544.0,0.1912128981791317,569.0,0.0,0.00733944715635,44781568.0,0.1912128981791317,568.0,0.0,0.0011362331838565,127561728.0,0.1912128981791317,568.0,0.0,0.0096905658371501,132419584.0,0.1912128981791317,568.0,0.0,0.0009304302158581,9338880.0,0.0,21830.0,0.0434574768588935,0.0020734756721464,45801472.0,0.0,21829.0,0.0434574768588935,0.0019179584432717,101937152.0,0.1912128981791317,568.0,0.0,0.0027546294990078,7069696.0,0.1912128981791317,748.0,0.0
0.0135248177981693,15548416.0,0.1903608202820801,57.0,0.0,0.0055107895979227,57905152.0,0.1903608202820801,569.0,0.0,0.001350012567609,10543104.0,0.1903608202820801,568.0,0.0,0.0068108983110347,10797056.0,0.1903608202820801,569.0,0.0,0.0073890865721074,44781568.0,0.1903608202820801,568.0,0.0,0.0010471749753577,127275008.0,0.1903608202820801,568.0,0.0,0.0086363677851271,133193728.0,0.1903608202820801,568.0,0.0,0.0008588985240912,9347072.0,0.0,21830.0,0.0519165873496582,0.0020647924360486,45801472.0,0.0,21829.0,0.0519165873496582,0.0018374317672418,101679104.0,0.1903608202820801,568.0,0.0,0.0027076211213935,6807552.0,0.1903608202820801,748.0,0.0
0.0150646542475372,15421440.0,0.1926023199824907,57.0,0.0,0.005464234985002,57933824.0,0.192912560285175,569.0,0.0,0.001152435467766,10543104.0,0.192912560285175,568.0,0.0,0.007152843093101,10735616.0,0.192912560285175,569.0,0.0,0.0074602006499394,44781568.0,0.192912560285175,568.0,0.0,0.0011864285081109,128307200.0,0.192912560285175,568.0,0.0,0.0096572589191097,133054464.0,0.192912560285175,568.0,0.0,0.000833618736093,9338880.0,0.0,21830.0,0.0503250157265674,0.0020962128430376,45801472.0,0.0,21829.0,0.0503250157265674,0.0019903985735023,101556224.0,0.192912560285175,568.0,0.0,0.0026984155349058,7065600.0,0.192912560285175,748.0,0.0
0.0158503417609878,15593472.0,0.1927592612063225,57.0,0.0,0.0064423744308448,58036224.0,0.1927592612063225,569.0,0.0,0.0014211329068338,10543104.0,0.1927592612063225,568.0,0.0,0.0073641045256509,10747904.0,0.1927592612063225,569.0,0.0,0.0076134679184019,45039616.0,0.1927592612063225,568.0,0.0,0.0012255063521566,127959040.0,0.1927592612063225,568.0,0.0,0.0102731309413192,133410816.0,0.1927592612063225,568.0,0.0,0.0010571056246969,9338880.0,0.0,21830.0,0.0438089230014369,0.0020372043232888,45809664.0,0.0,21829.0,0.0438089230014369,0.0018842224087528,101679104.0,0.1927592612063225,568.0,0.0,0.002714064469656,7069696.0,0.1927592612063225,748.0,0.0
0.015416632934328,15654912.0,0.1910899947015956,57.0,0.0,0.0065687451137828,57933824.0,0.1910899947015956,569.0,0.0,0.0015954878388599,10543104.0,0.1910899947015956,568.0,0.0,0.0072984144432851,10895360.0,0.1910899947015956,569.0,0.0,0.0074705065237882,45051904.0,0.1910899947015956,568.0,0.0,0.0012664365215204,127905792.0,0.1910899947015956,568.0,0.0,0.0093517972288405,132849664.0,0.1910899947015956,568.0,0.0,0.000970490820514,9347072.0,0.0,21830.0,0.0521154531004351,0.0020134080800593,45809664.0,0.0,21829.0,0.0521154531004351,0.0019664840672748,101679104.0,0.1910899947015956,568.0,0.0,0.0027002152270694,7069696.0,0.1910899947015956,748.0,0.0
0.0145454792522574,15290368.0,0.1910385550538381,57.0,0.0,0.0062750973233556,57958400.0,0.1910385550538381,569.0,0.0,0.0016476930156553,10547200.0,0.1910385550538381,568.0,0.0,0.0063993825586328,11292672.0,0.1910385550538381,569.0,0.0,0.0072772376418055,44781568.0,0.1910385550538381,568.0,0.0,0.0012169535979806,128507904.0,0.1910385550538381,568.0,0.0,0.0113042036449325,133017600.0,0.1910385550538381,568.0,0.0,0.0009456379681561,9347072.0,0.0,21830.0,0.0434178534213268,0.001863843102062,45809664.0,0.0,21829.0,0.0434178534213268,0.0037796810581169,117223424.0,0.1910385550538381,568.0,0.0,0.0027551431536536,7073792.0,0.1910385550538381,748.0,0.0
0.0147681422618828,15544320.0,0.1898596846521047,57.0,0.0,0.0062466191707435,57933824.0,0.1898596846521047,569.0,0.0,0.0015768246395147,10600448.0,0.1902982492561068,568.0,0.0,0.0063840047628496,11055104.0,0.1902982492561068,569.0,0.0,0.0070070659931365,44781568.0,0.1902982492561068,568.0,0.0,0.0011597931492201,128708608.0,0.1902982492561068,568.0,0.0,0.010929734242382,132907008.0,0.1902982492561068,568.0,0.0,0.0008283763341562,9347072.0,0.0,21830.0,0.0518995225243927,0.001920798086257,45813760.0,0.0,21829.0,0.0518995225243927,0.0041281027992414,101781504.0,0.1902982492561068,568.0,0.0,0.00264202672921,7327744.0,0.1902982492561068,748.0,0.0
0.0126766192874243,15515648.0,0.1881315846054612,57.0,0.0,0.0053341966331309,57995264.0,0.1881315846054612,569.0,0.0,0.0013753051890739,10600448.0,0.1881315846054612,568.0,0.0,0.00567825324335,11161600.0,0.1881315846054611,569.0,0.0,0.006417096342008,44781568.0,0.1881315846054612,568.0,0.0,0.0011553652342777,128131072.0,0.1881315846054611,568.0,0.0,0.0100545655841417,132829184.0,0.1881315846054612,568.0,0.0,0.0008454762829289,9342976.0,0.0,21830.0,0.0447932344298717,0.0017209692769029,45813760.0,0.0,21829.0,0.0447932344298717,0.0036802597222222,101781504.0,0.1881315846054612,568.0,0.0,0.002395478777484,6807552.0,0.1881315846054612,748.0,0.0
0.0113643107951872,15683584.0,0.1887618083381239,57.0,0.0,0.0052532750687417,57958400.0,0.1887618083381239,569.0,0.0,0.0012462089505752,10600448.0,0.1887618083381239,568.0,0.0,0.0050910168958981,10809344.0,0.1887618083381238,569.0,0.0,0.0062411198952615,44781568.0,0.1887618083381239,568.0,0.0,0.0010607735378437,128823296.0,0.1887618083381238,568.0,0.0,0.0092782659636787,132943872.0,0.1887618083381238,568.0,0.0,0.0008027276958255,9347072.0,0.0,21830.0,0.0514804931831247,0.0015687453502237,45813760.0,0.0,21829.0,0.0514804931831246,0.003926126653511,101785600.0,0.1887618083381238,568.0,0.0,0.0022336354998588,6807552.0,0.1887618083381239,748.0,0.0
0.0118992273350047,15446016.0,0.1886129234145797,57.0,0.0,0.0045345952018062,58019840.0,0.1886129234145797,569.0,0.0,0.001216809102402,10600448.0,0.1886129234145797,568.0,0.0,0.0051523847079403,11157504.0,0.1886129234145797,569.0,0.0,0.0061711197896526,44793856.0,0.1886129234145797,568.0,0.0,0.0010491307333286,128774144.0,0.1886129234145797,568.0,0.0,0.0079901315473387,133652480.0,0.1886129234145797,568.0,0.0,0.0007513815664104,9347072.0,0.0,21830.0,0.0428665735033135,0.0015821489315947,45813760.0,0.0,21829.0,0.0428665735033135,0.0017097419659839,102047744.0,0.1886129234145797,568.0,0.0,0.0022449655643463,7069696.0,0.1886129234145797,748.0,0.0
0.0116977832462632,15278080.0,0.1544233197380254,57.0,0.037915,0.0049615335313095,57933824.0,0.1907582184999137,569.0,0.0,0.0012948039683587,10469376.0,0.1907582184999137,568.0,0.0,0.0052930437271175,11251712.0,0.1907582184999137,569.0,0.0,0.0059930047664074,44781568.0,0.1907582184999137,568.0,0.0,0.0011082049920339,128540672.0,0.1907582184999137,568.0,0.0,0.0223777584813007,23912448.0,0.1635070444284974,568.0,0.0222222222222222,0.0007159262299776,9342976.0,0.0,21830.0,0.0441912302117185,0.0014777782245041,45813760.0,0.0,21829.0,0.0441590586867731,0.0016086852705452,101781504.0,0.185393332848868,568.0,0.0,0.0021900343579473,7335936.0,0.1852772882659472,748.0,0.0
0.01139455111962,15433728.0,0.1567002411442599,57.0,0.0275994152046783,0.004746753901367,57962496.0,0.1915225169540955,569.0,0.0,0.0011537149716618,10473472.0,0.1915225169540955,568.0,0.0,0.0050350499001996,10895360.0,0.1915225169540955,569.0,0.0,0.0055067400077847,44789760.0,0.1915225169540955,568.0,0.0,0.0010867417971101,129253376.0,0.1915225169540955,568.0,0.0,0.0240765361609571,23924736.0,0.1654058100967188,568.0,0.0187887973903011,0.0007402122407797,9347072.0,0.0,21830.0,0.0522334137147533,0.0016209674979579,45801472.0,0.0,21829.0,0.0522334137147533,0.0015337861064915,101781504.0,0.1915225169540955,568.0,0.0,0.0021676317029127,7069696.0,0.1915225169540955,748.0,0.0
0.0112712067582239,15482880.0,0.1599057397744487,57.0,0.0261127370992946,0.0045215079239719,57946112.0,0.1935701060427537,569.0,0.0,0.0011844610483198,10579968.0,0.1935701060427537,568.0,0.0,0.0056092650709634,11296768.0,0.1935701060427537,569.0,0.0,0.0054657245494761,44781568.0,0.1935701060427537,568.0,0.0,0.0010865786442517,129187840.0,0.1935701060427537,568.0,0.0,0.0281103155633707,22540288.0,0.1669287741277971,568.0,0.0174881360419706,0.0006864974303067,9347072.0,0.0,21830.0,0.0439286247704729,0.0015428537756695,45801472.0,0.0,21829.0,0.0439286247704729,0.0013684379564097,101666816.0,0.1932859489900809,568.0,0.0,0.002184626053558,6807552.0,0.1932859489900809,748.0,0.0
0.0111173407212767,15355904.0,0.1564999652222299,57.0,0.0266948369772225,0.0045552129923139,57937920.0,0.1912777352716143,569.0,0.0,0.0010472249269717,10575872.0,0.1912777352716143,568.0,0.0,0.0054333907832115,11161600.0,0.1912777352716143,569.0,0.0,0.0053427858543636,44777472.0,0.1912777352716143,568.0,0.0,0.0010748043024186,130027520.0,0.1912777352716143,568.0,0.0,0.014709930003559,23347200.0,0.165194407734576,568.0,0.0178665473197734,0.0007147806319618,9342976.0,0.0,21830.0,0.0521666550740766,0.0016241463051989,45801472.0,0.0,21829.0,0.0521666550740766,0.0017514213372163,101806080.0,0.1912777352716143,568.0,0.0,0.0021490739833414,7065600.0,0.1912777352716143,748.0,0.0
0.0129972109379736,15581184.0,0.1921598770176787,57.0,0.0,0.0048334816881245,57901056.0,0.1921598770176787,569.0,0.0,0.0015924452420592,10604544.0,0.1921598770176787,568.0,0.0,0.0057611093900591,11022336.0,0.1921598770176787,569.0,0.0,0.0059974738397636,44789760.0,0.1921598770176787,568.0,0.0,0.0010505932372767,129499136.0,0.1921598770176787,568.0,0.0,0.0141201235826005,24522752.0,0.1921598770176787,568.0,0.0,0.0007235006638062,9347072.0,0.0,21830.0,0.0436726993221997,0.0016505612144429,45809664.0,0.0,21829.0,0.0436726993221997,0.0019761302022442,101801984.0,0.1921598770176787,568.0,0.0,0.0020578137178621,7073792.0,0.1921598770176787,748.0,0.0
0.0116830939317888,15704064.0,0.1894787611534088,57.0,0.0,0.0041866128629257,57909248.0,0.1894787611534088,569.0,0.0,0.0015005916292317,10604544.0,0.1894787611534088,568.0,0.0,0.0058593562045902,10842112.0,0.1894787611534088,569.0,0.0,0.0058909608553956,44781568.0,0.1894787611534088,568.0,0.0,0.0010115968697551,130179072.0,0.1894787611534088,568.0,0.0,0.0133715439847697,26161152.0,0.1894787611534088,568.0,0.0,0.0008457665273119,9347072.0,0.0,21830.0,0.0516760257691115,0.0014675774761974,45809664.0,0.0,21829.0,0.0516760257691115,0.0017199904018386,101801984.0,0.1894787611534089,568.0,0.0,0.0021939887042983,6807552.0,0.1894787611534088,748.0,0.0
0.0130498414883616,15761408.0,0.1895212005306593,57.0,0.0,0.0047082293119906,57909248.0,0.1895212005306593,569.0,0.0,0.0014083137887486,10702848.0,0.1895212005306593,568.0,0.0,0.0052343909823657,11161600.0,0.1895212005306593,569.0,0.0,0.0058952207172431,44785664.0,0.1895212005306593,568.0,0.0,0.0010821938155048,129871872.0,0.1895212005306593,568.0,0.0,0.0138415987546927,26161152.0,0.1895212005306593,568.0,0.0,0.0008022314740958,9347072.0,0.0,21830.0,0.0430730001206043,0.0016359478262463,45809664.0,0.0,21829.0,0.0430730001206043,0.001633758147149,101810176.0,0.1895212005306593,568.0,0.0,0.002264063521172,7065600.0,0.1895212005306593,748.0,0.0
0.013988195877624,15437824.0,0.1903492909488912,57.0,0.0,0.0053916275698601,57896960.0,0.1903492909488912,569.0,0.0,0.0010667284617108,10964992.0,0.1903492909488912,568.0,0.0,0.0057067622549552,10960896.0,0.1903492909488912,569.0,0.0,0.006200395032674,44781568.0,0.1903492909488912,568.0,0.0,0.0010377468426989,130215936.0,0.1903492909488912,568.0,0.0,0.0140537908720407,27123712.0,0.1903492909488912,568.0,0.0,0.0009086919487445,9699328.0,0.0,21830.0,0.0432612024883843,0.0014147984023674,45809664.0,0.0,21829.0,0.0432612024883843,0.0018473729852575,101801984.0,0.1903492909488912,568.0,0.0,0.002293630519608,7069696.0,0.1863676159615414,748.0,0.0
0.0147263818915012,15400960.0,0.1892684773350998,57.0,0.0,0.0052222176053849,57901056.0,0.1892684773350998,569.0,0.0,0.0011883633744552,10448896.0,0.1892684773350998,568.0,0.0,0.0063508771929825,10924032.0,0.1892684773350998,569.0,0.0,0.0063847470888757,44781568.0,0.1892684773350998,568.0,0.0,0.0012278075183803,130289664.0,0.1892684773350998,568.0,0.0,0.0117004845580879,27934720.0,0.1892684773350998,568.0,0.0,0.0009721534526854,9445376.0,0.0,21830.0,0.0516186756368454,0.0017525806980173,45809664.0,0.0,21829.0,0.0516186756368454,0.0018698718594575,101801984.0,0.1892684773350998,568.0,0.0,0.0022910785987907,6807552.0,0.1892684773350998,748.0,0.0
0.0139290648320101,15339520.0,0.1903311762466692,57.0,0.0,0.006504638479703,58470400.0,0.1903311762466692,569.0,0.0,0.0013436990579027,10448896.0,0.1903311762466691,568.0,0.0,0.0061698152772747,11087872.0,0.1903311762466691,569.0,0.0,0.0057108299365943,44785664.0,0.1903311762466692,568.0,0.0,0.0009306628398387,130031616.0,0.1903311762466692,568.0,0.0,0.0119749480855591,28553216.0,0.1903311762466691,568.0,0.0,0.0009074764366912,9465856.0,0.0,21830.0,0.0432570855106066,0.0015536885602685,45809664.0,0.0,21829.0,0.0432570855106066,0.0018289592389075,101801984.0,0.1903311762466692,568.0,0.0,0.0023724872367581,6811648.0,0.1903311762466692,748.0,0.0
0.014609558601319,15839232.0,0.1901765183866116,57.0,0.0,0.0062841857320911,58212352.0,0.1901765183866115,569.0,0.0,0.0014324605875408,10252288.0,0.1901765183866115,568.0,0.0,0.0060003271180896,10907648.0,0.1901765183866116,569.0,0.0,0.0064189424464009,44789760.0,0.1897327478722827,568.0,0.0,0.001150421752917,130043904.0,0.1897327478722827,568.0,0.0,0.0110257744169961,29892608.0,0.1897327478722827,568.0,0.0,0.0009732633353303,9539584.0,0.0,21830.0,0.0542093565349379,0.0019090626070172,45809664.0,0.0,21829.0,0.0542093565349379,0.0018654297741008,101810176.0,0.1897327478722827,568.0,0.0,0.0022845406582879,7069696.0,0.1897327478722827,748.0,0.0
0.0138864124137234,15405056.0,0.188930396324445,57.0,0.0,0.0068227289253622,58253312.0,0.188930396324445,569.0,0.0,0.0012218325562938,10252288.0,0.188930396324445,568.0,0.0,0.0061463255426012,10948608.0,0.188930396324445,569.0,0.0,0.0066355235182215,44781568.0,0.188930396324445,568.0,0.0,0.0012201282172309,130711552.0,0.188930396324445,568.0,0.0,0.0100498089398383,30269440.0,0.188930396324445,568.0,0.0,0.0008508394317692,9543680.0,0.0,21830.0,0.0429387264373738,0.0018457855080409,45813760.0,0.0,21829.0,0.0429387264373738,0.0019743133570543,101810176.0,0.188930396324445,568.0,0.0,0.0023390563786105,7069696.0,0.188930396324445,748.0,0.0
0.0139762132008856,15532032.0,0.1891122897200278,57.0,0.0,0.0056482337493194,58208256.0,0.1891122897200278,569.0,0.0,0.0013971365435963,10285056.0,0.1891122897200278,568.0,0.0,0.0059239584109711,11210752.0,0.1891122897200278,569.0,0.0,0.0069721458496988,44781568.0,0.1891122897200278,568.0,0.0,0.0013975459206066,130576384.0,0.1891122897200278,568.0,0.0,0.0101185590268379,31387648.0,0.1891122897200278,568.0,0.0,0.000852642267042,9543680.0,0.0,21830.0,0.051576079014553,0.0020917697194952,45813760.0,0.0,21829.0,0.051576079014553,0.0021055576236669,101683200.0,0.1891122897200278,568.0,0.0,0.0026527930933732,6807552.0,0.1891122897200278,748.0,0.0
0.0123484326000718,15572992.0,0.1887436860743111,57.0,0.0,0.0052552358386377,58171392.0,0.1887436860743111,569.0,0.0,0.0012852113723584,10387456.0,0.1887436860743111,568.0,0.0,0.0058241554790868,11227136.0,0.1887436860743111,569.0,0.0,0.0068910148855619,44781568.0,0.1887436860743111,568.0,0.0,0.0015905991612293,131543040.0,0.1887436860743111,568.0,0.0,0.0093277067617341,31756288.0,0.189227778637904,568.0,0.0,0.0007820709969461,9547776.0,0.0,21830.0,0.0430063133267963,0.0017943671649262,45809664.0,0.0,21829.0,0.0430063133267963,0.0031143929665119,101814272.0,0.189227778637904,568.0,0.0,0.0025537262799769,6807552.0,0.189227778637904,748.0,0.0
0.0144580518729908,15597568.0,0.189248939775826,57.0,0.0,0.0049560191737047,58167296.0,0.189248939775826,569.0,0.0,0.002161940637915,10391552.0,0.189248939775826,568.0,0.0,0.0058420975498053,10940416.0,0.189248939775826,569.0,0.0,0.0066468260556754,45043712.0,0.189248939775826,568.0,0.0,0.0017010061839368,131854336.0,0.189248939775826,568.0,0.0,0.0088436575063988,32047104.0,0.1887640449438202,568.0,0.0,0.0015743840161031,9461760.0,0.0,21830.0,0.0449438202247191,0.0018573097076958,45809664.0,0.0,21829.0,0.0449438202247191,0.0032160105726529,102068224.0,0.1887640449438202,568.0,0.0,0.0025481901393801,6807552.0,0.1887640449438202,748.0,0.0
0.0140477156107281,15396864.0,0.1892668490510848,57.0,0.0,0.0041481811480765,58167296.0,0.1892668490510848,569.0,0.0,0.0019331129776078,10387456.0,0.1892668490510848,568.0,0.0,0.0061579581501736,11038720.0,0.1892668490510848,569.0,0.0,0.0065600803409176,44781568.0,0.1892668490510848,568.0,0.0,0.0015563347444067,131403776.0,0.1892668490510848,568.0,0.0,0.0092199810839708,32755712.0,0.1892668490510848,568.0,0.0,0.0016147026005488,9461760.0,0.0,21830.0,0.0516182315593867,0.0018593738197749,45809664.0,0.0,21829.0,0.0516182315593867,0.0029635490117707,101810176.0,0.1892668490510848,568.0,0.0,0.0022765345280988,6815744.0,0.1892668490510848,748.0,0.0
0.0150205949656753,15458304.0,0.1893434086977477,57.0,0.0,0.0046265739231307,58208256.0,0.1893434086977476,569.0,0.0,0.0021058040548108,10620928.0,0.1893434086977476,568.0,0.0,0.0063566035599011,11038720.0,0.1893434086977477,569.0,0.0,0.0066248678990316,44781568.0,0.1893434086977476,568.0,0.0,0.0011614889194929,131739648.0,0.1893434086977477,568.0,0.0,0.0095225171106405,33038336.0,0.1893434086977476,568.0,0.0,0.0015656347292665,9461760.0,0.0,21830.0,0.0430325928858517,0.0018160564746256,45809664.0,0.0,21829.0,0.0430325928858517,0.0032189228179851,101810176.0,0.1893434086977477,568.0,0.0,0.0025325179882798,6807552.0,0.1893434086977476,748.0,0.0
0.0141821078272649,15372288.0,0.1893271142244903,57.0,0.0,0.0050076450188742,58273792.0,0.1888472225969191,569.0,0.0,0.001249710088906,10620928.0,0.1888472225969191,568.0,0.0,0.0064696010228633,10858496.0,0.1888472225969191,569.0,0.0,0.0078018941372413,175611904.0,0.188847222596919,568.0,0.0,0.0012098785578095,132100096.0,0.188847222596919,568.0,0.0,0.0098357191680501,32915456.0,0.188847222596919,568.0,0.0,0.0015911902946541,9457664.0,0.0,21830.0,0.0539563493134054,0.0018185436444593,45809664.0,0.0,21829.0,0.0539563493134054,0.0019971464958394,101810176.0,0.1888472225969191,568.0,0.0,0.0026205832228744,6823936.0,0.1888472225969191,748.0,0.0
0.0128092162905799,15568896.0,0.1892538237874851,57.0,0.0,0.0057513531022088,58208256.0,0.1892538237874851,569.0,0.0,0.0011090910777393,10620928.0,0.1892538237874851,568.0,0.0,0.0061731294262547,11067392.0,0.1892538237874851,569.0,0.0,0.0068717177809525,175611904.0,0.1892538237874851,568.0,0.0,0.001276719608917,132501504.0,0.1892538237874851,568.0,0.0,0.0096252959944858,33361920.0,0.1892538237874851,568.0,0.0,0.0007087490337773,9461760.0,0.0,21830.0,0.0430122326789739,0.001755443443821,45809664.0,0.0,21829.0,0.0430122326789739,0.0018165797941617,101810176.0,0.1892538237874851,568.0,0.0,0.0025675885942062,6815744.0,0.1892538237874851,748.0,0.0
0.0142804813290598,15409152.0,0.1891952322801465,57.0,0.0,0.0055992720497849,58265600.0,0.1891952322801465,569.0,0.0,0.0011820640758993,10620928.0,0.1891952322801465,568.0,0.0,0.0057532251476842,11358208.0,0.1891952322801465,569.0,0.0,0.0077202418155565,175611904.0,0.1891952322801465,568.0,0.0,0.0012217911412867,132370432.0,0.1891952322801465,568.0,0.0,0.0095694504783472,33755136.0,0.1891952322801465,568.0,0.0,0.000780340146982,9461760.0,0.0,21830.0,0.0515986997127672,0.0018024214322513,46067712.0,0.0,21829.0,0.0515986997127672,0.0021271616876177,102076416.0,0.1891952322801465,568.0,0.0,0.0025389262228442,7069696.0,0.1891952322801465,748.0,0.0
0.0147014782447008,15540224.0,0.186206145146203,57.0,0.0,0.0053230611519068,58191872.0,0.186070617247956,569.0,0.0,0.0011441891815985,10620928.0,0.1859446560248794,568.0,0.0,0.0060508538116927,11104256.0,0.1858521781648991,569.0,0.0,0.007781013577489,175611904.0,0.1857437558463014,568.0,0.0,0.001104624283241,133152768.0,0.1856193890690866,568.0,0.0,0.0095794653227144,33542144.0,0.1855316945466914,568.0,0.0,0.0007328040330041,9461760.0,0.0,21830.0,0.0441176481222127,0.0018794527823127,45809664.0,0.0,21829.0,0.0440857592049781,0.0020144628667272,101687296.0,0.1851091663933331,568.0,0.0,0.0025084092430666,6807552.0,0.1890895338942989,748.0,0.0
0.0134030089596053,15917056.0,0.1916927339740517,57.0,0.0,0.0058148476572198,58245120.0,0.1916927339740517,569.0,0.0,0.0011218456668302,10620928.0,0.1916927339740517,568.0,0.0,0.0056999633689312,11259904.0,0.1916927339740517,569.0,0.0,0.006687120663734,175611904.0,0.1916927339740517,568.0,0.0,0.0011358488659898,132993024.0,0.1916927339740517,568.0,0.0,0.0092570535934006,33529856.0,0.1916927339740517,568.0,0.0,0.0007201509493608,9461760.0,0.0,21830.0,0.0435665304486481,0.0018622565311485,45809664.0,0.0,21829.0,0.0435665304486481,0.0018897594752186,101687296.0,0.1916927339740517,568.0,0.0,0.0025166384976526,7069696.0,0.1916927339740517,748.0,0.0
0.0128073286491191,15577088.0,0.1917495402368978,57.0,0.0,0.0058936382611852,58249216.0,0.1917495402368978,569.0,0.0,0.0011928921357147,10366976.0,0.1917495402368978,568.0,0.0,0.0051533443378887,11157504.0,0.1917495402368978,569.0,0.0,0.0066065813863014,175611904.0,0.1917495402368978,568.0,0.0,0.0032626006801503,133001216.0,0.1917495402368978,568.0,0.0,0.0096269588470981,33841152.0,0.1917495402368978,568.0,0.0,0.0007467690880864,9592832.0,0.0,21830.0,0.0522953291555175,0.0017923395502682,45809664.0,0.0,21829.0,0.0522953291555175,0.0018462154045354,101703680.0,0.1917495402368978,568.0,0.0,0.002261348022627,7065600.0,0.1917495402368978,748.0,0.0
0.0141830577226218,15437824.0,0.1918080524507838,57.0,0.0,0.0058005617126173,58253312.0,0.1918080524507837,569.0,0.0,0.0010647480481502,10366976.0,0.1918080524507837,568.0,0.0,0.0060454203941851,11075584.0,0.1921502447827031,569.0,0.0,0.0066472434999452,175611904.0,0.1921502447827031,568.0,0.0,0.0033176629926311,133652480.0,0.1921502447827031,568.0,0.0,0.0092361013661315,34361344.0,0.1918080524507837,568.0,0.0,0.0008434609684257,9392128.0,0.0,21830.0,0.0435927391933599,0.0017321121365893,45809664.0,0.0,21829.0,0.0435927391933599,0.0018473107441773,101695488.0,0.1918080524507838,568.0,0.0,0.0022701409172452,6807552.0,0.1918080524507838,748.0,0.0
0.014467726656956,15544320.0,0.1917612398235796,57.0,0.0,0.0057666181208349,58220544.0,0.1917612398235796,569.0,0.0,0.0014140893637217,10412032.0,0.1917612398235796,568.0,0.0,0.0063774820405197,11067392.0,0.1917612398235796,569.0,0.0,0.0066891303166929,175611904.0,0.1917612398235796,568.0,0.0,0.0232539993094717,21561344.0,0.1743283998396178,568.0,0.0135044754475447,0.0100345907323733,34672640.0,0.1917612398235796,568.0,0.0,0.0008239635186595,9396224.0,0.0,21830.0,0.0522985199518853,0.0017534605979828,45809664.0,0.0,21829.0,0.0522985199518853,0.0018073082117517,101687296.0,0.1917612398235796,568.0,0.0,0.0024323737899346,6815744.0,0.1917612398235796,748.0,0.0
0.0147667582443336,15556608.0,0.1931230632829165,57.0,0.0,0.0046867238095237,58183680.0,0.1931230632829165,569.0,0.0,0.0015124330891006,10547200.0,0.1931230632829165,568.0,0.0,0.0066071264990005,11218944.0,0.1931230632829165,569.0,0.0,0.0066143107970433,175620096.0,0.1931230632829165,568.0,0.0,0.0256757553503987,20848640.0,0.1755664211662877,568.0,0.0093158233968775,0.0114654029029029,34729984.0,0.1931230632829165,568.0,0.0,0.0008704393001453,9404416.0,0.0,21830.0,0.0438916052915719,0.0017228884497191,45809664.0,0.0,21829.0,0.0438916052915719,0.0019886137614943,101687296.0,0.1931230632829165,568.0,0.0,0.0021984697455944,7069696.0,0.1931230632829165,748.0,0.0
0.0131212453143684,15601664.0,0.1918481957549226,57.0,0.0,0.0053408463385354,58187776.0,0.1918481957549226,569.0,0.0,0.0017323521226925,10547200.0,0.1918481957549226,568.0,0.0,0.0065282325606528,11108352.0,0.1918481957549226,569.0,0.0,0.0065874553746465,175611904.0,0.1918481957549226,568.0,0.0,0.0226209495322717,18644992.0,0.1744074506862933,568.0,0.0087246020013349,0.011433294348607,34992128.0,0.1918481957549226,568.0,0.0,0.0008047977123491,9412608.0,0.0,21830.0,0.052322235205888,0.0017359469559503,45813760.0,0.0,21829.0,0.0523222352058879,0.0020570650535581,101945344.0,0.1918481957549226,568.0,0.0,0.0025156594996677,7069696.0,0.1918481957549226,748.0,0.0
0.0141703245250522,15486976.0,0.1853146637839021,57.0,0.0,0.005114021858534,58216448.0,0.185404065975168,569.0,0.0,0.0012509099372276,10547200.0,0.1855253975204576,568.0,0.0,0.0058409790727354,11096064.0,0.1856387467272412,569.0,0.0,0.006622799715154,175624192.0,0.1857457100632201,568.0,0.0,0.0234270987195289,18714624.0,0.168142307827644,568.0,0.0089054865420055,0.01050367436285,35491840.0,0.1859867766860979,568.0,0.0,0.0007357457520453,9490432.0,0.0,21830.0,0.0443156355657381,0.0017222926321762,45813760.0,0.0,21829.0,0.0443483251424765,0.001944338982384,101810176.0,0.1863874900790935,568.0,0.0,0.0025478409855793,6811648.0,0.1865168039628889,748.0,0.0
0.0107229,15843328.0,0.1892359169770422,57.0,0.0,0.0050326503582107,58216448.0,0.1892359169770422,569.0,0.0,0.0016305830806773,10645504.0,0.1892359169770422,568.0,0.0,0.0063025924314147,11100160.0,0.1892359169770422,569.0,0.0,0.0066662040429291,175616000.0,0.1892359169770422,568.0,0.0,0.0022752695079597,19255296.0,0.1892359169770422,568.0,0.0,0.0090055701523908,35975168.0,0.1892359169770422,568.0,0.0,0.0006746472019464,9490432.0,0.0,21830.0,0.0430081629493277,0.0018154472474039,45813760.0,0.0,21829.0,0.0430081629493277,0.001830433523221,101810176.0,0.1892359169770422,568.0,0.0,0.0024941779692357,6807552.0,0.1892359169770422,748.0,0.0
0.0133959898053546,15618048.0,0.1879747430299819,57.0,0.0,0.0050441219415069,58183680.0,0.1879747430299819,569.0,0.0,0.0013759335170508,10645504.0,0.187974743029982,568.0,0.0,0.0059415513363457,10960896.0,0.187974743029982,569.0,0.0,0.0069001783842432,175616000.0,0.187974743029982,568.0,0.0,0.0014883090896828,19107840.0,0.187974743029982,568.0,0.0,0.0078693116137964,36286464.0,0.1879747430299819,568.0,0.0,0.0006611636446857,9490432.0,0.0,21830.0,0.0512658390081769,0.0018109100101112,45805568.0,0.0,21829.0,0.0512658390081769,0.0018071843215083,101818368.0,0.1879747430299819,568.0,0.0,0.0024698807748072,6807552.0,0.187974743029982,748.0,0.0
0.0134764689924587,15265792.0,0.1887335082862997,57.0,0.0,0.0052888618795275,58191872.0,0.1887335082862997,569.0,0.0,0.0016078809412326,10391552.0,0.1887335082862997,568.0,0.0,0.0062331413835891,11558912.0,0.1887335082862997,569.0,0.0,0.0063912900332669,175611904.0,0.1887335082862997,568.0,0.0,0.0015469988674971,19533824.0,0.1892163861390396,568.0,0.0,0.008942261551795,37380096.0,0.1892163861390396,568.0,0.0,0.0007379476171612,9490432.0,0.0,21830.0,0.043003724122509,0.0018659373100633,45801472.0,0.0,21829.0,0.043003724122509,0.0018259019590461,101687296.0,0.1892163861390396,568.0,0.0,0.0024897789550603,6807552.0,0.1892163861390396,748.0,0.0
0.0123564783844086,15257600.0,0.1891984864121087,57.0,0.0,0.0049216146839908,58183680.0,0.1891984864121087,569.0,0.0,0.0016014915661444,10448896.0,0.1891984864121087,568.0,0.0,0.0061340808671123,11288576.0,0.1891984864121087,569.0,0.0,0.0068302628485446,175607808.0,0.1891984864121087,568.0,0.0,0.0015498414115765,20418560.0,0.1891984864121087,568.0,0.0,0.0088090673282959,37040128.0,0.1891984864121087,568.0,0.0,0.0006692818076599,9490432.0,0.0,21830.0,0.0515995872033023,0.0018850898402313,45801472.0,0.0,21829.0,0.0515995872033023,0.0018479264899126,101814272.0,0.1891984864121087,568.0,0.0,0.0024582582462987,6807552.0,0.1891984864121087,748.0,0.0
0.0127809901281551,15622144.0,0.1892831331520804,57.0,0.0,0.0048035420669981,58208256.0,0.1892831331520804,569.0,0.0,0.0018110199084851,10596352.0,0.1892831331520804,568.0,0.0,0.005585491044842,11386880.0,0.1892831331520804,569.0,0.0,0.0068341695195374,175616000.0,0.1892831331520804,568.0,0.0,0.00135603428619,20021248.0,0.1892831331520804,568.0,0.0,0.0080398893682776,36696064.0,0.1892831331520804,568.0,0.0,0.0009366749659416,9605120.0,0.0,21830.0,0.0430188938982,0.0016814875535497,45801472.0,0.0,21829.0,0.0430188938982,0.0018014784385899,101818368.0,0.1892831331520804,568.0,0.0,0.0022041085183629,7069696.0,0.1892831331520804,748.0,0.0
0.012383722560206,15659008.0,0.1887436860743111,57.0,0.0,0.004845095573199,58212352.0,0.189227778637904,569.0,0.0,0.0017635246500177,10588160.0,0.189227778637904,568.0,0.0,0.0058536330422209,10883072.0,0.189227778637904,569.0,0.0,0.0064325111121963,175611904.0,0.189227778637904,568.0,0.0,0.0014288091120619,20107264.0,0.189227778637904,568.0,0.0,0.0083565831773692,37036032.0,0.189227778637904,568.0,0.0,0.0008893544987747,9670656.0,0.0,21830.0,0.0516075759921556,0.0018522387525287,45801472.0,0.0,21829.0,0.0516075759921556,0.0017795079711219,101695488.0,0.189227778637904,568.0,0.0,0.00235005065348,6811648.0,0.189227778637904,748.0,0.0
0.011905793660791,15634432.0,0.1905801432816168,57.0,0.0,0.0049759767687434,58212352.0,0.1905801432816168,569.0,0.0,0.0014084782628479,10588160.0,0.1905801432816168,568.0,0.0,0.0054701740172208,11046912.0,0.1905801432816168,569.0,0.0,0.0063575258572554,175616000.0,0.1905801432816168,568.0,0.0,0.0014307363990401,21118976.0,0.1905801432816168,568.0,0.0,0.0071746907189102,37691392.0,0.1905801432816168,568.0,0.0,0.0010156505227049,9396224.0,0.0,21830.0,0.0519764027131682,0.001773064533292,45801472.0,0.0,21829.0,0.0519764027131682,0.0017116303719406,101818368.0,0.1905801432816168,568.0,0.0,0.0023661720882739,7331840.0,0.1905801432816168,748.0,0.0
0.0109283738470425,15417344.0,0.189182216871614,57.0,0.0,0.0049511576636672,58212352.0,0.189182216871614,569.0,0.0,0.0010887919542971,10825728.0,0.189182216871614,568.0,0.0,0.0051264950842255,11321344.0,0.189182216871614,569.0,0.0,0.0061486421469047,175874048.0,0.189182216871614,568.0,0.0,0.0013388005235809,20811776.0,0.189182216871614,568.0,0.0,0.0078872719032043,37011456.0,0.189182216871614,568.0,0.0,0.0009731874451518,9396224.0,0.0,21830.0,0.0429959583799122,0.0016357606639073,45801472.0,0.0,21829.0,0.0429959583799122,0.0016812341561684,101818368.0,0.189182216871614,568.0,0.0,0.0024157034528454,6807552.0,0.189182216871614,748.0,0.0
0.0127766479080009,16068608.0,0.1892180135548904,57.0,0.0,0.0050258990887709,58212352.0,0.1892180135548904,569.0,0.0,0.000895470644454,10817536.0,0.1892180135548904,568.0,0.0,0.0046985206748798,10948608.0,0.1892180135548904,569.0,0.0,0.0062060816348833,175620096.0,0.1892180135548904,568.0,0.0,0.0011829483999512,21716992.0,0.1892180135548904,568.0,0.0,0.0085552588708198,37691392.0,0.1892180135548904,568.0,0.0,0.0008091268639769,9396224.0,0.0,21830.0,0.0516049127876973,0.0017953506209989,45809664.0,0.0,21829.0,0.0516049127876973,0.001611759320756,101830656.0,0.1892180135548904,568.0,0.0,0.0020111388888888,7065600.0,0.1892180135548904,748.0,0.0
0.0133084557674275,15659008.0,0.1887436860743111,57.0,0.0,0.0049187226830791,58216448.0,0.1887436860743111,569.0,0.0,0.0009029804377455,10489856.0,0.1887436860743111,568.0,0.0,0.0051626922668631,11001856.0,0.1887436860743111,569.0,0.0,0.0063379783752358,44797952.0,0.1887436860743111,568.0,0.0,0.0012403141216435,21770240.0,0.1887436860743111,568.0,0.0,0.0088403210604724,37703680.0,0.1887436860743111,568.0,0.0,0.0007071620862792,9560064.0,0.0,21830.0,0.0449389728748359,0.0017322781858459,45809664.0,0.0,21829.0,0.0449389728748359,0.0015875325577356,101818368.0,0.1887436860743111,568.0,0.0,0.0024132281821638,6807552.0,0.1887436860743111,748.0,0.0
0.0122952214265352,15552512.0,0.1878351149209385,57.0,0.0,0.0052309914066761,58236928.0,0.1878351149209385,569.0,0.0,0.0008808782882656,10686464.0,0.1878351149209384,568.0,0.0,0.0053922230694123,11169792.0,0.1878351149209385,569.0,0.0,0.006728176971433,44802048.0,0.1837925662728768,568.0,0.0,0.0012268307670064,21450752.0,0.1839557401288492,568.0,0.0,0.0086597524105976,38051840.0,0.18411416134824,568.0,0.0,0.0008123531327284,9560064.0,0.0,21830.0,0.0526502145691481,0.0017323561441719,45809664.0,0.0,21829.0,0.0526832567091925,0.0017036629460776,101695488.0,0.1844500143333484,568.0,0.0,0.0024316674201256,6807552.0,0.1845308091552376,748.0,0.0
0.0138622239006864,15437824.0,0.1906412478336221,57.0,0.0,0.0052846732553639,58183680.0,0.1906412478336221,569.0,0.0,0.0008689485099776,10686464.0,0.1906412478336222,568.0,0.0,0.0053349133010086,10919936.0,0.1906412478336221,569.0,0.0,0.0066319043856183,44797952.0,0.1906412478336222,568.0,0.0,0.0013200801412535,22147072.0,0.1906412478336222,568.0,0.0,0.0088746323118739,37978112.0,0.1906412478336221,568.0,0.0,0.0007349657169335,9564160.0,0.0,21830.0,0.0433275563258232,0.001783924021311,45809664.0,0.0,21829.0,0.0433275563258232,0.001769844683393,101695488.0,0.1906412478336221,568.0,0.0,0.0024855085643368,6807552.0,0.1906412478336221,748.0,0.0
0.0145771678448258,15405056.0,0.1900641692838201,57.0,0.0,0.0054797378181604,58191872.0,0.1900641692838201,569.0,0.0,0.0011808917197452,10588160.0,0.1900641692838201,568.0,0.0,0.0065629035072411,10952704.0,0.1900641692838201,569.0,0.0,0.0071923137913343,44797952.0,0.1892456839080954,568.0,0.0,0.001377781397327,22409216.0,0.1892456839080954,568.0,0.0,0.0092148380440667,37675008.0,0.1892456839080954,568.0,0.0,0.000827641701994,9580544.0,0.0,21830.0,0.0516124592476623,0.0019423867935763,45809664.0,0.0,21829.0,0.0516124592476623,0.0016978765562369,101695488.0,0.1892456839080954,568.0,0.0,0.0026934653898116,6807552.0,0.1892456839080954,748.0,0.0
0.0152114713077255,15519744.0,0.1918314673363328,57.0,0.0,0.0049018666648973,58187776.0,0.1918314673363328,569.0,0.0,0.0012172441148254,10620928.0,0.1918314673363328,568.0,0.0,0.0069987415406007,11046912.0,0.1918314673363328,569.0,0.0,0.0075323485887533,44810240.0,0.1918314673363328,568.0,0.0,0.0015275716767611,22306816.0,0.1918314673363328,568.0,0.0,0.0096256295295415,38006784.0,0.1918314673363328,568.0,0.0,0.0009258856493455,9383936.0,0.0,21830.0,0.045585915775462,0.0019912487377987,45809664.0,0.0,21829.0,0.045585915775462,0.0017470444853891,101695488.0,0.1914608462569404,568.0,0.0,0.0027464335159212,6807552.0,0.1914608462569404,748.0,0.0
0.0155159090909092,15527936.0,0.1916359613592216,57.0,0.0,0.0053646418378851,58183680.0,0.1916359613592216,569.0,0.0,0.0012832874329612,10752000.0,0.1916359613592216,568.0,0.0,0.0069733980601528,11173888.0,0.1916359613592216,569.0,0.0,0.0074238537254548,44802048.0,0.1916359613592216,568.0,0.0,0.0014117701130069,22986752.0,0.1916359613592216,568.0,0.0,0.0096533561367434,38703104.0,0.1916359613592216,568.0,0.0,0.0009502473116126,9383936.0,0.0,21830.0,0.0435536275816412,0.0017461167663929,45809664.0,0.0,21829.0,0.0435536275816412,0.0018817043316406,101695488.0,0.1916359613592216,568.0,0.0,0.002762507735077,6807552.0,0.1916359613592216,748.0,0.0
0.0140488992062304,15818752.0,0.1902028253765151,57.0,0.0,0.0051428452394179,58216448.0,0.1902028253765151,569.0,0.0,0.0011289438574982,10772480.0,0.1902028253765151,568.0,0.0,0.0061834948654209,11587584.0,0.1902028253765151,569.0,0.0,0.0062387873106669,44797952.0,0.1902028253765151,568.0,0.0,0.0014776215837033,22908928.0,0.1902028253765151,568.0,0.0,0.0095137861930758,38662144.0,0.1902028253765151,568.0,0.0,0.0008774139927533,9388032.0,0.0,21830.0,0.0518734978299586,0.0018320597397837,45809664.0,0.0,21829.0,0.0518734978299586,0.0017407998909327,101818368.0,0.1902028253765151,568.0,0.0,0.0027026977918463,7069696.0,0.1902028253765151,748.0,0.0
0.0141294648349391,15491072.0,0.1916092564689897,57.0,0.0,0.0050631264301649,58245120.0,0.1916092564689897,569.0,0.0,0.0010846657325476,10760192.0,0.1916092564689898,568.0,0.0,0.0064678173913843,11202560.0,0.1916092564689898,569.0,0.0,0.0069350629507394,45056000.0,0.1916092564689897,568.0,0.0,0.0013528662185122,22990848.0,0.1916092564689897,568.0,0.0,0.0093310044205403,38862848.0,0.1916092564689897,568.0,0.0,0.0007374792599085,9547776.0,0.0,21830.0,0.0435475582884067,0.001731107245846,45813760.0,0.0,21829.0,0.0435475582884067,0.0015265814622736,101818368.0,0.1916092564689897,568.0,0.0,0.0026671699395129,7327744.0,0.1916092564689897,748.0,0.0
0.0138658487220017,15880192.0,0.1905487804878048,57.0,0.0,0.0056850074920657,58187776.0,0.1905487804878048,569.0,0.0,0.0012164904323433,10625024.0,0.1905487804878048,568.0,0.0,0.0063980684580515,11251712.0,0.1905487804878048,569.0,0.0,0.0060135227082309,44802048.0,0.1905487804878048,568.0,0.0,0.0014899242424242,23416832.0,0.1905487804878048,568.0,0.0,0.0095703636643808,39411712.0,0.1905487804878048,568.0,0.0,0.000705786886674,9551872.0,0.0,21830.0,0.0519678492239467,0.0018336884089692,45813760.0,0.0,21829.0,0.0519678492239467,0.0017301752543723,101695488.0,0.1905487804878048,568.0,0.0,0.0026229604519774,6811648.0,0.1905487804878048,748.0,0.0
0.0143650751293207,15417344.0,0.1906842096139511,57.0,0.0,0.0055042964963678,58150912.0,0.1906842096139511,569.0,0.0,0.001294742452284,10428416.0,0.1906842096139511,568.0,0.0,0.0058979534436498,11169792.0,0.1906842096139511,569.0,0.0,0.0067615096137906,44797952.0,0.1906842096139511,568.0,0.0,0.0015705906054103,23560192.0,0.1906842096139511,568.0,0.0,0.008169893956386,38891520.0,0.1906842096139511,568.0,0.0,0.0008325748648978,9433088.0,0.0,21830.0,0.043337320366807,0.0017917639009943,45813760.0,0.0,21829.0,0.043337320366807,0.0017658146341463,101818368.0,0.1906842096139511,568.0,0.0,0.0025371442115866,7069696.0,0.1906842096139511,748.0,0.0
0.0131955190354601,15699968.0,0.1902036084341714,57.0,0.0,0.0049557682040331,58191872.0,0.1902036084341714,569.0,0.0,0.0014037485319381,10428416.0,0.1902036084341714,568.0,0.0,0.0046858583333331,11169792.0,0.1902036084341714,569.0,0.0,0.0063546798029556,44797952.0,0.1902036084341714,568.0,0.0,0.0014284697431077,23924736.0,0.1902036084341714,568.0,0.0,0.0089907482639454,39743488.0,0.1902036084341714,568.0,0.0,0.0009243989323172,9433088.0,0.0,21830.0,0.0452865734367074,0.0018606842903853,46071808.0,0.0,21829.0,0.0452865734367074,0.001578862006471,101818368.0,0.1902036084341714,568.0,0.0,0.0021855164025968,6807552.0,0.1902036084341714,748.0,0.0
0.0130204818957044,15396864.0,0.1880631208220067,57.0,0.0,0.0042345478000236,58216448.0,0.1880631208220067,569.0,0.0,0.0012734447367445,10428416.0,0.1880631208220067,568.0,0.0,0.0055844043745907,11169792.0,0.1887046771802129,569.0,0.0,0.0062296315286092,44797952.0,0.1887046771802129,568.0,0.0,0.001333109919571,24035328.0,0.1887046771802129,568.0,0.0,0.0091484312773191,39927808.0,0.1887046771802129,568.0,0.0,0.000936862745098,9433088.0,0.0,21830.0,0.0449296850429078,0.0017238062599954,45813760.0,0.0,21829.0,0.0449296850429078,0.0015871230922228,101814272.0,0.1887046771802129,568.0,0.0,0.0022847574057473,7069696.0,0.1887046771802129,748.0,0.0
0.0113292380403662,16211968.0,0.189260336195179,57.0,0.0,0.0052583322094852,58236928.0,0.189260336195179,569.0,0.0,0.00128533788131,10428416.0,0.189260336195179,568.0,0.0,0.0058520971702471,11145216.0,0.189260336195179,569.0,0.0,0.0058521095045394,44797952.0,0.189260336195179,568.0,0.0,0.0014120167937159,24064000.0,0.189260336195179,568.0,0.0,0.0090244003308521,39809024.0,0.189260336195179,568.0,0.0,0.0009107879595197,9535488.0,0.0,21830.0,0.0430137127716315,0.0017858489649139,45801472.0,0.0,21829.0,0.0430137127716315,0.0017329826876434,101830656.0,0.189260336195179,568.0,0.0,0.0023170240222354,6807552.0,0.189260336195179,748.0,0.0
0.0139333903185173,15605760.0,0.1853593376734686,57.0,0.0,0.0050852970747171,58179584.0,0.1851535003738351,569.0,0.0,0.0013717708129102,10444800.0,0.1891383030855335,568.0,0.0,0.005896858908792,11177984.0,0.1891383030855334,569.0,0.0,0.0064358284170366,44797952.0,0.1891383030855334,568.0,0.0,0.0013973414217083,24870912.0,0.1891383030855335,568.0,0.0,0.0097300398945716,40222720.0,0.1891383030855335,568.0,0.0,0.0007953639329518,9543680.0,0.0,21830.0,0.0515831735687818,0.0017900708651157,46059520.0,0.0,21829.0,0.0515831735687818,0.0015260312296561,101814272.0,0.1891383030855334,568.0,0.0,0.0024115924818803,6807552.0,0.1891383030855335,748.0,0.0
0.0138600341739338,15638528.0,0.1904959822665558,57.0,0.0,0.0053719179317744,58249216.0,0.1904959822665558,569.0,0.0,0.001190911781572,10510336.0,0.1904959822665558,568.0,0.0,0.0057782996617788,10964992.0,0.1904959822665558,569.0,0.0,0.0062207056242763,44793856.0,0.1904959822665558,568.0,0.0,0.0013596546107225,24989696.0,0.1904959822665558,568.0,0.0,0.0099258274178028,40579072.0,0.1904959822665558,568.0,0.0,0.0007621973081134,9543680.0,0.0,21830.0,0.0432945414242172,0.0017721334616041,45801472.0,0.0,21829.0,0.0432945414242172,0.0019508381932041,101703680.0,0.1904959822665558,568.0,0.0,0.0023836656674012,6815744.0,0.1904959822665558,748.0,0.0
0.0133924066011946,15769600.0,0.1904761904761904,57.0,0.0,0.0055348569667711,58220544.0,0.1904761904761904,569.0,0.0,0.0013247933548609,10510336.0,0.1904761904761904,568.0,0.0,0.0056026780973344,11034624.0,0.1904761904761904,569.0,0.0,0.0063300967309704,44781568.0,0.1904761904761904,568.0,0.0,0.0014424579381518,24973312.0,0.1904761904761904,568.0,0.0,0.0085001894476768,40837120.0,0.1904761904761904,568.0,0.0,0.0007793854948195,9543680.0,0.0,21830.0,0.0519480519480519,0.0018256382250032,45801472.0,0.0,21829.0,0.0519480519480519,0.0019214772088566,101699584.0,0.1904761904761904,568.0,0.0,0.0024426641169027,7069696.0,0.1904761904761904,748.0,0.0
0.0133738744514029,15511552.0,0.1922980452485661,57.0,0.0,0.0051756550496057,58187776.0,0.1919603514619526,569.0,0.0,0.0011224446058101,10510336.0,0.1919603514619526,568.0,0.0,0.0051168965141643,11198464.0,0.1919603514619526,569.0,0.0,0.005791091690766,44797952.0,0.1919603514619526,568.0,0.0,0.0014201534468497,25649152.0,0.1919603514619526,568.0,0.0,0.0090697988904299,40611840.0,0.1919603514619526,568.0,0.0,0.0008202703056425,9539584.0,0.0,21830.0,0.0436273526049892,0.0018812756430581,45801472.0,0.0,21829.0,0.0436273526049892,0.0025823480705538,101711872.0,0.1919603514619526,568.0,0.0,0.002589009930141,6807552.0,0.1919603514619526,748.0,0.0
0.0116471381478717,15511552.0,0.1919536519182277,57.0,0.0,0.0050827331724109,58212352.0,0.1919536519182277,569.0,0.0,0.001242809683941,10510336.0,0.1919536519182277,568.0,0.0,0.0057251509533111,10985472.0,0.1919536519182277,569.0,0.0,0.0065636559254515,44797952.0,0.1919536519182277,568.0,0.0,0.0013751369160802,25624576.0,0.1919536519182277,568.0,0.0,0.0086936544668412,41127936.0,0.1919536519182277,568.0,0.0,0.0007015371694249,9543680.0,0.0,21830.0,0.0436258299814154,0.0019466193899358,45801472.0,0.0,21829.0,0.0436258299814154,0.002417679739232,101715968.0,0.1919536519182277,568.0,0.0,0.0026584636889489,6807552.0,0.1919536519182277,748.0,0.0
0.0137570017273837,15523840.0,0.189227778637904,57.0,0.0,0.0046815570536269,58224640.0,0.189227778637904,569.0,0.0,0.0010387437458835,10575872.0,0.189227778637904,568.0,0.0,0.0051376351592159,11124736.0,0.189227778637904,569.0,0.0,0.0067476210454053,44797952.0,0.189227778637904,568.0,0.0,0.0014859896780626,26464256.0,0.189227778637904,568.0,0.0,0.0087395590331044,41033728.0,0.189227778637904,568.0,0.0,0.0008308807134894,9543680.0,0.0,21830.0,0.0516075759921556,0.0019581449080748,45805568.0,0.0,21829.0,0.0516075759921556,0.002370954284721,102105088.0,0.189227778637904,568.0,0.0,0.0025095064085496,7069696.0,0.189227778637904,748.0,0.0
0.0135132898915249,15904768.0,0.1892375447288742,57.0,0.0,0.0054598753270895,58212352.0,0.1892375447288742,569.0,0.0,0.0013217148903267,10711040.0,0.1892375447288742,568.0,0.0,0.0059303752039148,11161600.0,0.1892375447288742,569.0,0.0,0.0067642752562226,44797952.0,0.1892375447288742,568.0,0.0,0.001498795692177,26161152.0,0.1892375447288742,568.0,0.0,0.0080157395825138,41095168.0,0.1892375447288742,568.0,0.0,0.0007833453839713,9543680.0,0.0,21830.0,0.0430085328929259,0.0019762993980633,46067712.0,0.0,21829.0,0.0430085328929259,0.0024143224667617,101838848.0,0.1892375447288742,568.0,0.0,0.0028223265310418,6807552.0,0.1892375447288742,748.0,0.0
0.0137602219408654,15556608.0,0.1901226743922864,57.0,0.0,0.0051623893600259,58179584.0,0.1901226743922864,569.0,0.0,0.0013576630186009,10715136.0,0.1901226743922864,568.0,0.0,0.0060039391586879,11014144.0,0.1901226743922864,569.0,0.0,0.0068837015826338,44781568.0,0.1901226743922864,568.0,0.0,0.0015415222223238,26226688.0,0.1901226743922864,568.0,0.0,0.0092617334780321,41312256.0,0.1905520813484158,568.0,0.0,0.0008191230850501,9502720.0,0.0,21830.0,0.0519687494586588,0.0018610356536502,45809664.0,0.0,21829.0,0.0519687494586588,0.0017394747579658,101720064.0,0.1905520813484158,568.0,0.0,0.0028567113850991,7069696.0,0.1905520813484158,748.0,0.0
0.0125068090056759,15237120.0,0.1839105709827639,57.0,0.0,0.005554100159617,58224640.0,0.1840500043761563,569.0,0.0,0.0013872890763765,10715136.0,0.1841593328323388,568.0,0.0,0.0060893278301887,11079680.0,0.1842575699958653,569.0,0.0,0.0068520710059171,44802048.0,0.1844176015041905,568.0,0.0,0.0013784883610631,26910720.0,0.1845554504272034,568.0,0.0,0.0093187186188498,41590784.0,0.1846742857056627,568.0,0.0,0.0007873783402024,9494528.0,0.0,21830.0,0.0440194884108027,0.001960370143223,46067712.0,0.0,21829.0,0.0440485370344262,0.002783863682268,101744640.0,0.1850466362448354,568.0,0.0,0.0028345491803278,6807552.0,0.1901364455349625,748.0,0.0
0.0128580675528565,15601664.0,0.1890879086877299,57.0,0.0,0.00530438885181,58220544.0,0.1890879086877299,569.0,0.0,0.0012280795290458,10727424.0,0.1890879086877299,568.0,0.0,0.0054580648166153,11079680.0,0.1890879086877299,569.0,0.0,0.0061227795736393,44797952.0,0.1890879086877299,568.0,0.0,0.0013900669753761,26775552.0,0.1890879086877299,568.0,0.0,0.0091163494539782,41496576.0,0.1890879086877299,568.0,0.0,0.0008112554817309,9502720.0,0.0,21830.0,0.0515694296421081,0.001926872645064,45809664.0,0.0,21829.0,0.0515694296421081,0.0030125410034912,102006784.0,0.1890879086877299,568.0,0.0,0.0027018750167651,6807552.0,0.1890879086877299,748.0,0.0
0.0132249394622581,15605760.0,0.1851546960738763,57.0,0.0,0.005166206121976,58261504.0,0.1850686061942199,569.0,0.0,0.0011198843541233,10727424.0,0.1891269213575874,568.0,0.0,0.0052716697640229,11587584.0,0.1891269213575874,569.0,0.0,0.006519122451843,44797952.0,0.1891269213575874,568.0,0.0,0.0013290136500655,27439104.0,0.1891269213575874,568.0,0.0,0.0086249239802874,41398272.0,0.1891269213575874,568.0,0.0,0.0007565110681077,9502720.0,0.0,21830.0,0.0429833912176335,0.0018338347812225,45809664.0,0.0,21829.0,0.0429833912176335,0.0028569588777825,102002688.0,0.1891269213575874,568.0,0.0,0.0026088384038975,7069696.0,0.1891269213575874,748.0,0.0
0.0125664753134406,15355904.0,0.1916676830861982,57.0,0.0,0.0050132611836596,58224640.0,0.1916676830861982,569.0,0.0,0.0012279970973791,10727424.0,0.1916676830861982,568.0,0.0,0.0056163533622536,10956800.0,0.1916676830861981,569.0,0.0,0.0062959066043468,44797952.0,0.1912899317732576,568.0,0.0,0.0012339395831706,27414528.0,0.1912899317732577,568.0,0.0,0.0083643449101357,42602496.0,0.1912899317732577,568.0,0.0,0.0006851677481795,9498624.0,0.0,21830.0,0.0455452218507756,0.0017837623388277,45809664.0,0.0,21829.0,0.0455452218507756,0.0021975597342887,101761024.0,0.1912899317732576,568.0,0.0,0.0022049150770021,6815744.0,0.1862826521286318,748.0,0.0
0.0112243031084967,15413248.0,0.1916109253065774,57.0,0.0,0.0042133335194234,58183680.0,0.1916109253065774,569.0,0.0,0.0012005353929872,10727424.0,0.1916109253065774,568.0,0.0,0.0052946010345809,11022336.0,0.1916109253065774,569.0,0.0,0.0061117992414401,44797952.0,0.1916109253065774,568.0,0.0,0.0012501224911583,27283456.0,0.1916109253065774,568.0,0.0,0.0079103302736872,42156032.0,0.1916109253065774,568.0,0.0,0.0008066969213786,9502720.0,0.0,21830.0,0.052257525083612,0.00160560472899,45809664.0,0.0,21829.0,0.052257525083612,0.0016504840276459,101761024.0,0.1916109253065774,568.0,0.0,0.002329713093375,7069696.0,0.1916109253065774,748.0,0.0
0.0116645218303291,15396864.0,0.1904597004588347,57.0,0.0,0.0050474241328104,58220544.0,0.1904597004588347,569.0,0.0,0.0012608994098635,10727424.0,0.1904597004588347,568.0,0.0,0.0056765057761698,11268096.0,0.1904597004588347,569.0,0.0,0.0064499381828781,44797952.0,0.1904597004588347,568.0,0.0,0.0013731991051454,28049408.0,0.1904597004588347,568.0,0.0,0.0082885678059119,42549248.0,0.1904597004588347,568.0,0.0,0.0007839728833221,9502720.0,0.0,21830.0,0.043286295558826,0.0015372375139661,45809664.0,0.0,21829.0,0.043286295558826,0.0017630271708913,101761024.0,0.1904597004588347,568.0,0.0,0.0023313035165018,6807552.0,0.1904597004588347,748.0,0.0
0.0136932975609752,15552512.0,0.1917712691771269,57.0,0.0,0.0052445255118463,58187776.0,0.1917712691771269,569.0,0.0,0.0013112760027317,10723328.0,0.1917712691771269,568.0,0.0,0.0059833638920619,10944512.0,0.1917712691771269,569.0,0.0,0.006469721501126,44797952.0,0.1917712691771269,568.0,0.0,0.0014421426624432,27975680.0,0.1917712691771269,568.0,0.0,0.0092056051857501,42418176.0,0.1917712691771269,568.0,0.0,0.0007884263049156,9691136.0,0.0,21830.0,0.0523012552301255,0.001743335761107,45813760.0,0.0,21829.0,0.0523012552301255,0.0018237517300116,101761024.0,0.1917712691771269,568.0,0.0,0.0023716672705184,6807552.0,0.1917712691771269,748.0,0.0
0.0126117476476316,15605760.0,0.1917946750823845,57.0,0.0,0.0053224520186928,58220544.0,0.1917946750823845,569.0,0.0,0.0012877416742585,10477568.0,0.1917946750823845,568.0,0.0,0.0056540777387872,11313152.0,0.1917946750823845,569.0,0.0,0.0062671626071033,44797952.0,0.1917946750823845,568.0,0.0,0.0013084505412427,28344320.0,0.1917946750823845,568.0,0.0,0.0085974953952664,42577920.0,0.1917946750823845,568.0,0.0,0.0007161274327549,9379840.0,0.0,21830.0,0.0435896988823601,0.0017377839441783,45813760.0,0.0,21829.0,0.0435896988823601,0.0017490070694443,101883904.0,0.1917946750823845,568.0,0.0,0.0023743340586778,6807552.0,0.1917946750823845,748.0,0.0
0.0122175762556196,15503360.0,0.1903443502336044,57.0,0.0,0.0051161902141125,58224640.0,0.1903443502336044,569.0,0.0,0.0012730154499328,10465280.0,0.1903443502336044,568.0,0.0,0.0052980222331352,11059200.0,0.1903443502336044,569.0,0.0,0.006035352575674,44806144.0,0.1903443502336044,568.0,0.0,0.0013109336531784,28356608.0,0.1903443502336044,568.0,0.0,0.0086010112481607,42901504.0,0.1903443502336044,568.0,0.0,0.0007731364194687,9383936.0,0.0,21830.0,0.0519120955182557,0.0017007149935533,45813760.0,0.0,21829.0,0.0519120955182557,0.0017413583121394,101756928.0,0.1903443502336044,568.0,0.0,0.0023248974270486,6807552.0,0.1903443502336044,748.0,0.0
0.0110353180675395,15364096.0,0.1904432132963989,57.0,0.0,0.0052219155288014,58220544.0,0.1913335034075586,569.0,0.0,0.0012023158755359,10498048.0,0.1913335034075586,568.0,0.0,0.0052582202753723,10948608.0,0.1913335034075586,569.0,0.0,0.0060731087033713,44797952.0,0.1913335034075586,568.0,0.0,0.0015645476070178,28672000.0,0.1913335034075586,568.0,0.0,0.008511664869688,43114496.0,0.1913335034075586,568.0,0.0,0.0007677938570584,9379840.0,0.0,21830.0,0.0435707065425772,0.0017230145354961,45801472.0,0.0,21829.0,0.0435707065425772,0.0016754643206256,101756928.0,0.1917111087873401,568.0,0.0,0.0023393245943354,6807552.0,0.1917111087873401,748.0,0.0
0.0136337364915173,15921152.0,0.18398829229758,57.0,0.0,0.0053006947669918,58220544.0,0.1840959320030633,569.0,0.0,0.0012369936952873,10498048.0,0.184214652266464,568.0,0.0,0.0049863377011775,10948608.0,0.1843127943508753,569.0,0.0,0.0064311529726379,44797952.0,0.1844030217510598,568.0,0.0,0.0016623653846154,29532160.0,0.1845074955828524,568.0,0.0,0.00908466793698,43196416.0,0.1846863674463761,568.0,0.0,0.0008808058743795,9379840.0,0.0,21830.0,0.045226767009787,0.0016049601785606,45801472.0,0.0,21829.0,0.045226767009787,0.0016745277688436,101761024.0,0.1899524214411057,568.0,0.0,0.0024054292229561,6807552.0,0.1899524214411057,748.0,0.0
0.0126614468518631,15347712.0,0.1891545650734693,57.0,0.0,0.0050436367087406,58150912.0,0.1891545650734693,569.0,0.0,0.0012245684049597,10498048.0,0.1891545650734693,568.0,0.0,0.0055447609256571,11005952.0,0.1891545650734693,569.0,0.0,0.0062732905598527,44797952.0,0.1891545650734693,568.0,0.0,0.0015935606931984,29007872.0,0.1891545650734693,568.0,0.0,0.0085197384357784,43438080.0,0.1891545650734693,568.0,0.0,0.0007434366651127,9383936.0,0.0,21830.0,0.0515876086564007,0.0017419181085397,45801472.0,0.0,21829.0,0.0515876086564007,0.001624224990225,101761024.0,0.1891545650734693,568.0,0.0,0.0020822901306376,6807552.0,0.1891545650734693,748.0,0.0
0.0125749453222309,15458304.0,0.18845573982339,57.0,0.0,0.0049542836540628,58187776.0,0.18845573982339,569.0,0.0,0.0012021990364437,10498048.0,0.1889531138614286,568.0,0.0,0.0054487799602823,11042816.0,0.1889531138614286,569.0,0.0,0.0062266607920887,44793856.0,0.1889531138614286,568.0,0.0,0.0012205123553836,28909568.0,0.1889531138614286,568.0,0.0,0.0088380474985399,43479040.0,0.1889531138614286,568.0,0.0,0.000821482937648,9383936.0,0.0,21830.0,0.042943889513961,0.00143442,45801472.0,0.0,21829.0,0.042943889513961,0.0016348417551337,101756928.0,0.1889531138614286,568.0,0.0,0.0024166758223647,6807552.0,0.1889531138614286,748.0,0.0
0.0121242376576427,15683584.0,0.1889531138614286,57.0,0.0,0.0046424409303768,58191872.0,0.1889531138614286,569.0,0.0,0.0011374401352239,10596352.0,0.1889531138614286,568.0,0.0,0.005284399491432,11038720.0,0.1884574310559898,569.0,0.0,0.0060290045240006,44797952.0,0.1884574310559898,568.0,0.0,0.0011373294699987,29638656.0,0.1884574310559898,568.0,0.0,0.0082663145409016,43311104.0,0.1884574310559898,568.0,0.0,0.0007110321277258,9383936.0,0.0,21830.0,0.0538449803017113,0.0018122115656678,45801472.0,0.0,21829.0,0.0538449803017113,0.0047112211526024,102010880.0,0.1884574310559897,568.0,0.0,0.0023773397838999,6807552.0,0.1884574310559898,748.0,0.0
0.0126804708028404,15347712.0,0.1902488801259101,57.0,0.0,0.004355976812101,58200064.0,0.1902488801259101,569.0,0.0,0.0010283563817728,10600448.0,0.1902488801259101,568.0,0.0,0.0055636676239782,11042816.0,0.1902488801259101,569.0,0.0,0.0064528000297382,44793856.0,0.1902488801259102,568.0,0.0,0.0011483766938509,29515776.0,0.1902488801259102,568.0,0.0,0.0081700690924037,43577344.0,0.1902488801259101,568.0,0.0,0.0007812642018198,9379840.0,0.0,21830.0,0.0432383818467977,0.0016015014960478,45801472.0,0.0,21829.0,0.0432383818467977,0.0050573920199101,102010880.0,0.1902488801259101,568.0,0.0,0.0024368458912089,6807552.0,0.1902488801259102,748.0,0.0
0.0121395253712265,15237120.0,0.1903031875783919,57.0,0.0,0.0048093578774223,58232832.0,0.1903031875783919,569.0,0.0,0.0010499355058044,10600448.0,0.1903031875783919,568.0,0.0,0.005281586891643,10997760.0,0.1903031875783919,569.0,0.0,0.006737202221028,44802048.0,0.1903031875783919,568.0,0.0,0.0011370141026098,30318592.0,0.1903031875783919,568.0,0.0,0.0082923188801018,43429888.0,0.1903031875783919,568.0,0.0,0.0007963767045734,9379840.0,0.0,21830.0,0.0519008693395614,0.0019078327187557,45809664.0,0.0,21829.0,0.0519008693395614,0.0048055314998313,102268928.0,0.1903031875783919,568.0,0.0,0.0026048560064968,7069696.0,0.1903031875783919,748.0,0.0
0.0137258638311258,15966208.0,0.1886334851383761,57.0,0.0,0.0057361264744751,58220544.0,0.1886334851383761,569.0,0.0,0.0012599051537198,10407936.0,0.1886334851383761,568.0,0.0,0.0059924557800113,11337728.0,0.1886334851383761,569.0,0.0,0.0068960595579628,44797952.0,0.1886334851383761,568.0,0.0,0.0012876505102264,30068736.0,0.1886334851383761,568.0,0.0,0.0084776454916327,44089344.0,0.1886334851383761,568.0,0.0,0.0007863237445148,9383936.0,0.0,21830.0,0.0449127345567562,0.0017807321877075,45809664.0,0.0,21829.0,0.0449127345567562,0.0048663195261814,101896192.0,0.1886334851383761,568.0,0.0,0.0025916585181671,7069696.0,0.1886334851383761,748.0,0.0
0.0135079030099969,15519744.0,0.1892180135548904,57.0,0.0,0.0057216870004207,58195968.0,0.1892180135548904,569.0,0.0,0.0013177979387282,10416128.0,0.1892180135548904,568.0,0.0,0.0062497434055218,11001856.0,0.1892180135548904,569.0,0.0,0.0071064070351757,44802048.0,0.1892180135548904,568.0,0.0,0.0014289087520582,30199808.0,0.1892180135548904,568.0,0.0,0.008611820690631,44572672.0,0.1892180135548904,568.0,0.0,0.0008763106504431,9428992.0,0.0,21830.0,0.0430040939897478,0.0019319114180171,45809664.0,0.0,21829.0,0.0430040939897478,0.0016772861546606,102014976.0,0.1892180135548904,568.0,0.0,0.0027069918990822,7069696.0,0.1892180135548904,748.0,0.0
