0.0121010006865449,15867904.0,0.1892896475770925,57.0,0.0,0.005152473416551,54730752.0,0.1892896475770925,569.0,0.0,0.001511306050756,11083776.0,0.1892896475770925,568.0,0.0,0.0057521992385373,10055680.0,0.1892896475770925,569.0,0.0,0.0059636748762067,45473792.0,0.1892896475770925,568.0,0.0,0.001132551427581,122548224.0,0.1892896475770925,568.0,0.0,0.0087438730075581,131506176.0,0.1892896475770925,568.0,0.0,0.000856140178659,9486336.0,0.0,21830.0,0.051624449339207,0.0015388480155778,45801472.0,0.0,21829.0,0.051624449339207,0.0030601213096954,102907904.0,0.1892896475770925,568.0,0.0,0.0021758262816569,6877184.0,0.1892896475770925,748.0,0.0
0.0108987000000001,15478784.0,0.1888523174877245,57.0,0.0,0.0054220423272889,54722560.0,0.1888523174877245,569.0,0.0,0.0014169180696575,11280384.0,0.1888523174877245,568.0,0.0,0.0059923549184065,9957376.0,0.1888523174877245,569.0,0.0,0.0062295252497036,45481984.0,0.1888523174877245,568.0,0.0,0.0011567978699452,122650624.0,0.1888523174877245,568.0,0.0,0.0091289600876036,132349952.0,0.1888523174877245,568.0,0.0,0.0008570753731411,9601024.0,0.0,21830.0,0.0449648374970772,0.0015863997001311,45801472.0,0.0,21829.0,0.0449648374970772,0.0025626594518969,103170048.0,0.1888523174877245,568.0,0.0,0.0022380995330006,7139328.0,0.1888523174877245,748.0,0.0
0.0135861309561443,15425536.0,0.1881837700052178,57.0,0.0,0.0052690709932789,54751232.0,0.1881837700052178,569.0,0.0,0.0012920258069793,11018240.0,0.1881837700052178,568.0,0.0,0.005581048121991,10010624.0,0.1881837700052178,569.0,0.0,0.0062032626458046,45752320.0,0.1881837700052178,568.0,0.0,0.0010594101068618,123138048.0,0.1881837700052178,568.0,0.0,0.0096192617734407,131928064.0,0.1881837700052178,568.0,0.0,0.0007745817545807,9601024.0,0.0,21830.0,0.0513228463650594,0.0015944541841446,45801472.0,0.0,21829.0,0.0513228463650594,0.0022608241821818,102907904.0,0.1881837700052178,568.0,0.0,0.0019821692039199,7139328.0,0.1881837700052178,748.0,0.0
0.0138936241435223,15761408.0,0.1880052641473961,57.0,0.0,0.0052522786210053,54738944.0,0.1880052641473961,569.0,0.0,0.0011092798752013,11018240.0,0.1880052641473961,568.0,0.0,0.0058329820285106,10383360.0,0.1880052641473961,569.0,0.0,0.0061974530280918,45477888.0,0.1880052641473961,568.0,0.0,0.0008314988441657,123596800.0,0.1880052641473961,568.0,0.0,0.0115912495400433,132165632.0,0.1880052641473961,568.0,0.0,0.000790833999467,9605120.0,0.0,21830.0,0.0427284691244082,0.0016276809028762,45801472.0,0.0,21829.0,0.0427284691244082,0.0016795470558631,102907904.0,0.1880052641473961,568.0,0.0,0.0023533388807988,7139328.0,0.1880052641473961,748.0,0.0
0.0130676980676086,15532032.0,0.1873060044953441,57.0,0.0,0.0054342301742714,54738944.0,0.1873060044953441,569.0,0.0,0.0013358254957906,11206656.0,0.1873060044953441,568.0,0.0,0.0057222797659122,10399744.0,0.1873060044953441,569.0,0.0,0.0057951764680051,45486080.0,0.1873060044953441,568.0,0.0,0.0012675503190967,123531264.0,0.1873060044953441,568.0,0.0,0.0107000278169455,132833280.0,0.1873060044953441,568.0,0.0,0.0007934660157717,9732096.0,0.0,21830.0,0.0445966677369866,0.001668125790784,45801472.0,0.0,21829.0,0.0445966677369866,0.0016482943346419,102907904.0,0.1873060044953441,568.0,0.0,0.0023341280622476,6881280.0,0.1873060044953441,748.0,0.0
0.0126047406495304,15859712.0,0.1878575698061651,57.0,0.0,0.0052448098141696,54730752.0,0.1878575698061651,569.0,0.0,0.0013508570296244,11206656.0,0.1878575698061651,568.0,0.0,0.0051459966957898,10170368.0,0.1878575698061651,569.0,0.0,0.0062254528760259,45744128.0,0.1878575698061651,568.0,0.0,0.0012666583765376,123379712.0,0.1878575698061651,568.0,0.0,0.0098034637995863,132472832.0,0.1878575698061651,568.0,0.0,0.0007183219848164,9736192.0,0.0,21830.0,0.0512338826744086,0.001664475307554,46059520.0,0.0,21829.0,0.0512338826744086,0.0018052771327513,103174144.0,0.1878575698061651,568.0,0.0,0.0023123679661993,6881280.0,0.1878575698061651,748.0,0.0
0.0131247607273886,15491072.0,0.1878864482629043,57.0,0.0,0.0051275518397356,54816768.0,0.1878864482629043,569.0,0.0,0.0011589479758609,11206656.0,0.1878864482629043,568.0,0.0,0.0058410581185755,10014720.0,0.1878864482629043,569.0,0.0,0.0063508859801434,45481984.0,0.1878864482629043,568.0,0.0,0.0011684660239256,123760640.0,0.1878864482629043,568.0,0.0,0.0085888205156011,132227072.0,0.1878864482629043,568.0,0.0,0.0007170447148614,9887744.0,0.0,21830.0,0.0427014655142964,0.0014426552349575,46059520.0,0.0,21829.0,0.0427014655142964,0.0018996509694681,102907904.0,0.1878864482629043,568.0,0.0,0.002369063971228,7139328.0,0.1878864482629043,748.0,0.0
0.0134969205521768,15552512.0,0.187339423351413,57.0,0.0,0.0056130598104674,54767616.0,0.187339423351413,569.0,0.0,0.0011588859519552,10944512.0,0.187339423351413,568.0,0.0,0.0060152106827186,10223616.0,0.187339423351413,569.0,0.0,0.0062269932756963,45477888.0,0.187339423351413,568.0,0.0,0.0011793192049605,123748352.0,0.187339423351413,568.0,0.0,0.0086198097868843,132870144.0,0.187339423351413,568.0,0.0,0.0008411089883803,9891840.0,0.0,21830.0,0.0535255495289751,0.0015198935121605,45801472.0,0.0,21829.0,0.0535255495289751,0.0018654626847887,102907904.0,0.187339423351413,568.0,0.0,0.0021824693989389,7135232.0,0.187339423351413,748.0,0.0
0.0142608196238881,15716352.0,0.1878912622022564,57.0,0.0,0.0055644129327289,54771712.0,0.1878912622022564,569.0,0.0,0.0011273785664422,10977280.0,0.1878912622022564,568.0,0.0,0.0059552295356755,10006528.0,0.1878912622022564,569.0,0.0,0.0058741015831673,45481984.0,0.1878912622022563,568.0,0.0,0.0012435955953671,124329984.0,0.1878912622022564,568.0,0.0,0.0091778913511057,132403200.0,0.1878912622022564,568.0,0.0,0.0008821127418217,9580544.0,0.0,21830.0,0.0427025595914219,0.0016693542610991,45809664.0,0.0,21829.0,0.0427025595914219,0.0016413143391766,102907904.0,0.1878912622022564,568.0,0.0,0.0024233250710797,7135232.0,0.1878912622022564,748.0,0.0
0.0156032837038547,15622144.0,0.1877822067823518,57.0,0.0,0.005722688670606,54800384.0,0.1877822067823518,569.0,0.0,0.0017584820306609,10977280.0,0.1877822067823518,568.0,0.0,0.0069685039370078,10211328.0,0.1877822067823518,569.0,0.0,0.0067000933688841,45486080.0,0.1877822067823518,568.0,0.0,0.0017856497612594,124219392.0,0.1877822067823518,568.0,0.0,0.0108146092959811,133042176.0,0.1877822067823518,568.0,0.0,0.0009400777783863,9580544.0,0.0,21830.0,0.0512133291224596,0.001594211514393,45809664.0,0.0,21829.0,0.0512133291224596,0.002618484730489,103047168.0,0.1877822067823518,568.0,0.0,0.0023642582834688,7139328.0,0.1877822067823518,748.0,0.0
0.0163843656343657,15462400.0,0.1888862904531472,57.0,0.0,0.005961637305293,54829056.0,0.1888862904531472,569.0,0.0,0.001776876989698,10977280.0,0.1888862904531472,568.0,0.0,0.0068364435072922,10145792.0,0.1888862904531472,569.0,0.0,0.0067028911756945,45477888.0,0.1888862904531472,568.0,0.0,0.0018041417142857,124063744.0,0.1888862904531472,568.0,0.0,0.0125080107435994,132915200.0,0.1888862904531472,568.0,0.0,0.0007688476771818,9576448.0,0.0,21830.0,0.0449729262983683,0.001581761202732,45809664.0,0.0,21829.0,0.0449729262983683,0.0027370568732466,103067648.0,0.1888862904531472,568.0,0.0,0.0023766368894179,6881280.0,0.1888862904531472,748.0,0.0
0.0156266454643103,15835136.0,0.1893825268794063,57.0,0.0,0.0060420260819559,54767616.0,0.1893825268794063,569.0,0.0,0.0016767247428674,11235328.0,0.1893825268794063,568.0,0.0,0.005399442408657,10149888.0,0.1893825268794063,569.0,0.0,0.0064550835221786,45477888.0,0.1893825268794063,568.0,0.0,0.0017792702658713,124710912.0,0.1893825268794063,568.0,0.0,0.012215913261401,132694016.0,0.1893825268794063,568.0,0.0,0.0007925622185816,9576448.0,0.0,21830.0,0.0516497800580199,0.0016399935108388,45809664.0,0.0,21829.0,0.0430414833816832,0.0028070015682703,102940672.0,0.1893825268794063,568.0,0.0,0.002068946967639,7143424.0,0.1893825268794063,748.0,0.0
0.015004355561605,15675392.0,0.1901054632689087,57.0,0.0,0.0055739200338052,54820864.0,0.1893629657683402,569.0,0.0,0.0016881747685837,11272192.0,0.1893629657683402,568.0,0.0,0.0055138236153744,10428416.0,0.1893629657683402,569.0,0.0,0.0061974956607983,45477888.0,0.1893629657683402,568.0,0.0,0.0012077252493378,124518400.0,0.1893629657683402,568.0,0.0,0.0124972656803056,132583424.0,0.1893629657683402,568.0,0.0,0.0007243857975422,9580544.0,0.0,21830.0,0.0516444452095473,0.0016548963545389,45809664.0,0.0,21829.0,0.0516444452095473,0.0020895084444705,103063552.0,0.1893629657683402,568.0,0.0,0.0023150957213097,7139328.0,0.1893629657683402,748.0,0.0
0.0140243732982819,15679488.0,0.1904860858572739,57.0,0.0,0.0058122638146166,54865920.0,0.1904860858572739,569.0,0.0,0.0017414944776697,11276288.0,0.1904860858572739,568.0,0.0,0.0060465385586542,10264576.0,0.1904860858572739,569.0,0.0,0.0056504651936623,45481984.0,0.1904860858572739,568.0,0.0,0.0011329378375182,124321792.0,0.1904860858572739,568.0,0.0,0.0094289826817413,132440064.0,0.1904860858572739,568.0,0.0,0.0006939795979718,10362880.0,0.0,21830.0,0.0432922922402895,0.0015201648996509,45809664.0,0.0,21829.0,0.0432922922402895,0.0021404328275465,103063552.0,0.1904860858572739,568.0,0.0,0.0023440779393483,6881280.0,0.1904860858572739,748.0,0.0
0.0141271551724136,15695872.0,0.1924692049272116,57.0,0.0,0.0060163308569713,54841344.0,0.1924692049272116,569.0,0.0,0.0017758229986403,11272192.0,0.1924692049272116,568.0,0.0,0.0055797684460425,11046912.0,0.1924692049272116,569.0,0.0,0.0062841461202905,45477888.0,0.1924692049272116,568.0,0.0,0.0010854546189773,124887040.0,0.1924692049272116,568.0,0.0,0.0103139760672637,132591616.0,0.1924692049272116,568.0,0.0,0.0006753396474106,9576448.0,0.0,21830.0,0.0524916013437849,0.0017730804578493,45813760.0,0.0,21829.0,0.052491601343785,0.001975092354765,103063552.0,0.1924692049272116,568.0,0.0,0.0023226156766027,7143424.0,0.1924692049272116,748.0,0.0
0.0137704742004759,15478784.0,0.1900319599205321,57.0,0.0,0.0047413618196222,54841344.0,0.1900319599205321,569.0,0.0,0.001882159099075,11272192.0,0.1900319599205321,568.0,0.0,0.0054483418990483,10457088.0,0.1900319599205321,569.0,0.0,0.0060773531131248,45477888.0,0.1900319599205321,568.0,0.0,0.0011113974406709,124915712.0,0.1900319599205321,568.0,0.0,0.0109099463004326,132665344.0,0.1900319599205321,568.0,0.0,0.000645639602439,9457664.0,0.0,21830.0,0.0431890818001209,0.0017443836257309,45809664.0,0.0,21829.0,0.0431890818001209,0.0018813461063275,102940672.0,0.190031959920532,568.0,0.0,0.0022444161258137,7143424.0,0.1900319599205321,748.0,0.0
0.0139449377529771,15405056.0,0.1891414778254134,57.0,0.0,0.0053037477854884,55062528.0,0.1891414778254134,569.0,0.0,0.0016453963593691,11272192.0,0.1891414778254134,568.0,0.0,0.0052506565418686,10174464.0,0.1891414778254134,569.0,0.0,0.00654967365446,45477888.0,0.1891414778254134,568.0,0.0,0.0013532289628179,125669376.0,0.1891414778254134,568.0,0.0,0.0095680623434228,133062656.0,0.1891414778254134,568.0,0.0,0.0007414295232673,9457664.0,0.0,21830.0,0.0540404222358324,0.0017538492343687,46067712.0,0.0,21829.0,0.0540404222358324,0.0017488802274,102944768.0,0.1891414778254134,568.0,0.0,0.0023418872887005,6881280.0,0.1891414778254134,748.0,0.0
0.0119972111240107,15470592.0,0.1892896475770925,57.0,0.0,0.0050251283632999,55111680.0,0.1892896475770925,569.0,0.0,0.0011373784885544,11042816.0,0.1892896475770925,568.0,0.0,0.0053833717303105,10092544.0,0.1892896475770925,569.0,0.0,0.0057827112338735,45744128.0,0.1892896475770925,568.0,0.0,0.0014088632733238,125329408.0,0.1892896475770925,568.0,0.0,0.0085564137941966,132665344.0,0.1892896475770925,568.0,0.0,0.0008410899917359,9453568.0,0.0,21830.0,0.0430203744493392,0.0015605109521091,45809664.0,0.0,21829.0,0.0430203744493392,0.0017429903967977,102940672.0,0.1892896475770925,568.0,0.0,0.0023626849112426,6881280.0,0.1892896475770925,748.0,0.0
0.0139768386950095,15548416.0,0.1876556689071616,57.0,0.0,0.0051121485601846,54878208.0,0.1876556689071616,569.0,0.0,0.0011206426220267,11042816.0,0.1876556689071616,568.0,0.0,0.0060996877471157,10698752.0,0.1876556689071616,569.0,0.0,0.0066296183149572,45477888.0,0.1876556689071616,568.0,0.0,0.0013258104134038,125939712.0,0.1876556689071616,568.0,0.0,0.0087147650787417,132841472.0,0.1876556689071616,568.0,0.0,0.0007948820323308,9457664.0,0.0,21830.0,0.0511788187928622,0.0016121519448577,45809664.0,0.0,21829.0,0.0511788187928622,0.0017041499184191,102944768.0,0.1876556689071616,568.0,0.0,0.00205151,7143424.0,0.1876556689071616,748.0,0.0
0.0137506065110033,15380480.0,0.1889774601429357,57.0,0.0,0.0051116309726051,54833152.0,0.1889774601429357,569.0,0.0,0.0013036592078042,11046912.0,0.1886267077453719,568.0,0.0,0.0059403982136211,10715136.0,0.1886267077453719,569.0,0.0,0.006375695470405,45744128.0,0.1886267077453719,568.0,0.0,0.001086447808286,126029824.0,0.1886267077453719,568.0,0.0,0.0089278950847722,133427200.0,0.1886267077453719,568.0,0.0,0.0007172906987248,9465856.0,0.0,21830.0,0.0449111208917552,0.0017166238471064,45809664.0,0.0,21829.0,0.0449111208917552,0.0017991333636439,102940672.0,0.1886267077453719,568.0,0.0,0.0024764624361136,7143424.0,0.1886267077453719,748.0,0.0
0.0120322431703258,15675392.0,0.189310822555524,57.0,0.0,0.0055672899902778,55013376.0,0.189310822555524,569.0,0.0,0.001169994919692,11046912.0,0.189310822555524,568.0,0.0,0.0057310110379702,10231808.0,0.189310822555524,569.0,0.0,0.0063379774350478,45490176.0,0.189310822555524,568.0,0.0,0.0010293807763401,125988864.0,0.189310822555524,568.0,0.0,0.0113847937957528,133718016.0,0.189310822555524,568.0,0.0,0.0007149417950013,9461760.0,0.0,21830.0,0.0430251869444372,0.0017407761723951,45809664.0,0.0,21829.0,0.0430251869444372,0.0019999201046629,103063552.0,0.189310822555524,568.0,0.0,0.0024637630990969,7143424.0,0.189310822555524,748.0,0.0
0.0135771820880982,15515648.0,0.1793262456769565,57.0,0.008539345032236,0.0053557579776859,54984704.0,0.1878655907091926,569.0,0.0,0.0011934966924438,11132928.0,0.1878655907091926,568.0,0.0,0.0050142779816104,18477056.0,0.1878655907091926,569.0,0.0,0.0070547697318815,45760512.0,0.1878655907091926,568.0,0.0,0.0010066309899773,126693376.0,0.1878655907091926,568.0,0.0,0.0107343067672376,133206016.0,0.1878655907091926,568.0,0.0,0.0008079799117446,9588736.0,0.0,21830.0,0.0512360701934161,0.0016968995570796,45809664.0,0.0,21829.0,0.0512360701934161,0.0018650365084488,103067648.0,0.1878655907091926,568.0,0.0,0.0023798850574711,7143424.0,0.1878655907091926,748.0,0.0
0.0140781847708409,15609856.0,0.1806296232582143,57.0,0.0086014106313435,0.0059192242033383,54951936.0,0.1892310338895579,569.0,0.0,0.0012862122715034,11141120.0,0.1892310338895579,568.0,0.0,0.0065616234024102,19296256.0,0.1892310338895579,569.0,0.0,0.0076518520131526,45498368.0,0.1892310338895579,568.0,0.0,0.000995304099048,126361600.0,0.1887470789142549,568.0,0.0,0.0108544720285665,134021120.0,0.1887470789142549,568.0,0.0,0.0007549846815852,9588736.0,0.0,21830.0,0.0449397806938702,0.0016769145142727,45813760.0,0.0,21829.0,0.0449397806938702,0.0017639206551708,103202816.0,0.1887470789142549,568.0,0.0,0.0023779518278833,6881280.0,0.1887470789142549,748.0,0.0
0.0125904386679093,15425536.0,0.1535665839113409,57.0,0.0341259075358535,0.0047365289459195,54951936.0,0.1876924914471944,569.0,0.0,0.0014621448676224,11137024.0,0.1876924914471944,568.0,0.0,0.0062068456807342,19787776.0,0.1876924914471944,569.0,0.0,0.0077864145126095,45481984.0,0.1876924914471944,568.0,0.0,0.001097344240138,126402560.0,0.1876924914471944,568.0,0.0,0.0242284868342741,20234240.0,0.1706295376792676,568.0,0.0170629537679267,0.0007400104806935,9588736.0,0.0,21830.0,0.0511888613037802,0.0017381873533328,45809664.0,0.0,21829.0,0.0511888613037802,0.0017514132496998,102940672.0,0.1876924914471944,568.0,0.0,0.0022204152942724,7143424.0,0.1876924914471944,748.0,0.0
0.0125390513639714,15626240.0,0.1536727794283373,57.0,0.0341495065396305,0.0044354171665081,54951936.0,0.1878222859679677,569.0,0.0,0.0015104966427741,11177984.0,0.1878222859679677,568.0,0.0,0.0061624083222703,20541440.0,0.1878222859679677,569.0,0.0,0.0054158805555555,45498368.0,0.1878222859679677,568.0,0.0,0.0011171317393927,127078400.0,0.1878222859679677,568.0,0.0,0.0284836304092644,19537920.0,0.1707475326981525,568.0,0.0170747532698152,0.0007479529359693,9584640.0,0.0,21830.0,0.0426868831745381,0.0016175152108391,45809664.0,0.0,21829.0,0.0426868831745381,0.0015293689273874,102940672.0,0.1878222859679677,568.0,0.0,0.0023306954523905,6881280.0,0.1878222859679677,748.0,0.0
0.0125206130849219,15908864.0,0.1604964690776802,57.0,0.0267494115129467,0.0051978485671305,54931456.0,0.187245880590627,569.0,0.0,0.0015368245213455,10919936.0,0.187245880590627,568.0,0.0,0.0061962092405838,20127744.0,0.187245880590627,569.0,0.0,0.0061329983624458,45506560.0,0.187245880590627,568.0,0.0,0.0011391739242907,127004672.0,0.187245880590627,568.0,0.0,0.0300894228575776,18157568.0,0.1694129395819958,568.0,0.0178329410086311,0.0007850239647992,9588736.0,0.0,21830.0,0.0445823525215778,0.0017260392375772,45813760.0,0.0,21829.0,0.0445823525215778,0.001598437200179,102944768.0,0.187245880590627,568.0,0.0,0.0021426334537457,7143424.0,0.187245880590627,748.0,0.0
0.0123668026419975,16121856.0,0.1621824638077028,57.0,0.0256077574433215,0.0044943176339792,54923264.0,0.1877902212510243,569.0,0.0,0.0013012987521792,10919936.0,0.1877902212510243,568.0,0.0,0.0063921836623539,20467712.0,0.1877902212510243,569.0,0.0,0.0064150235578256,45498368.0,0.1877902212510243,568.0,0.0,0.0011106032530368,127078400.0,0.1877902212510243,568.0,0.0,0.0290453408791791,19853312.0,0.1707183829554766,568.0,0.0170718382955476,0.0007704555120557,9588736.0,0.0,21830.0,0.051215514886643,0.0017186448751153,45813760.0,0.0,21829.0,0.051215514886643,0.001529464402488,102944768.0,0.1877902212510243,568.0,0.0,0.0023703421634566,6881280.0,0.1877902212510243,748.0,0.0
0.0110115250000001,15466496.0,0.1836951775118626,57.0,0.0,0.0056550260466911,54956032.0,0.1877790011864218,569.0,0.0,0.0012313045756479,11132928.0,0.1877790011864218,568.0,0.0,0.0063246372796117,20180992.0,0.1877790011864218,569.0,0.0,0.0071560893198178,45506560.0,0.1877790011864218,568.0,0.0,0.0011123410523579,127639552.0,0.1877790011864218,568.0,0.0,0.0162805539294245,20254720.0,0.1877790011864218,568.0,0.0,0.0008933727640523,9588736.0,0.0,21830.0,0.0426770457241867,0.001653957387091,45813760.0,0.0,21829.0,0.0426770457241867,0.0018313920925394,102944768.0,0.1877790011864218,568.0,0.0,0.0024697226380899,6881280.0,0.1877790011864218,748.0,0.0
0.0132342873789237,15454208.0,0.1902518572205109,57.0,0.0,0.0049086416425989,54951936.0,0.1902518572205109,569.0,0.0,0.0013913858971954,11165696.0,0.1902518572205109,568.0,0.0,0.0060600030849915,20267008.0,0.1902518572205109,569.0,0.0,0.006924667209717,45527040.0,0.1902518572205109,568.0,0.0,0.0010551649840624,127528960.0,0.1902518572205109,568.0,0.0,0.0133175617549461,20586496.0,0.1902518572205109,568.0,0.0,0.000787740909994,9588736.0,0.0,21830.0,0.0543576734915745,0.0016569371531424,45813760.0,0.0,21829.0,0.0529122554983218,0.0018904507929669,103075840.0,0.1851278915262427,568.0,0.0,0.0024329409979419,6881280.0,0.1850105695476233,748.0,0.0
0.0130587334208673,15634432.0,0.190519077887663,57.0,0.0,0.0050008128521979,54927360.0,0.190519077887663,569.0,0.0,0.001118954662562,11165696.0,0.190519077887663,568.0,0.0,0.0055075767042055,20684800.0,0.190519077887663,569.0,0.0,0.0067697709361871,45498368.0,0.190519077887663,568.0,0.0,0.0010136954329884,128000000.0,0.190519077887663,568.0,0.0,0.0132743418811733,21626880.0,0.190519077887663,568.0,0.0,0.0006854788163599,9588736.0,0.0,21830.0,0.0432997904290143,0.0016576304905501,45813760.0,0.0,21829.0,0.0432997904290143,0.0020619927019842,103329792.0,0.190519077887663,568.0,0.0,0.0025021623339722,6881280.0,0.190519077887663,748.0,0.0
0.0133284829140066,15716352.0,0.1922774388645143,57.0,0.0,0.0050641769207287,54923264.0,0.1922774388645143,569.0,0.0,0.0012533925785546,11165696.0,0.1922774388645143,568.0,0.0,0.0060706771590213,9576448.0,0.1922774388645143,569.0,0.0,0.0064756441006152,45502464.0,0.1922774388645143,568.0,0.0,0.0010821991006795,128118784.0,0.1922774388645143,568.0,0.0,0.0181878379847944,23138304.0,0.1922774388645143,568.0,0.0,0.0007066372638027,9592832.0,0.0,21830.0,0.0524393015085039,0.0017060891279293,45813760.0,0.0,21829.0,0.0524393015085039,0.0024614605784171,102948864.0,0.1922774388645143,568.0,0.0,0.0024804363707203,7143424.0,0.1922774388645143,748.0,0.0
0.0149399955567223,15429632.0,0.1910468498979635,57.0,0.0,0.0056214341118677,54964224.0,0.1910468498979635,569.0,0.0,0.0013869478616692,11198464.0,0.1910468498979635,568.0,0.0,0.0060107179341378,9687040.0,0.1910468498979635,569.0,0.0,0.0066293263030223,45502464.0,0.1910468498979635,568.0,0.0,0.0117340189262263,128331776.0,0.1823629021753288,568.0,0.0,0.0192142675497274,23502848.0,0.1910468498979635,568.0,0.0,0.0007626823557663,9601024.0,0.0,21830.0,0.0521036863358082,0.001773472415039,45801472.0,0.0,21829.0,0.0521036863358082,0.0021323081943925,102948864.0,0.1910468498979636,568.0,0.0,0.002585939094583,6881280.0,0.1910468498979635,748.0,0.0
0.0125412159372421,15720448.0,0.1564645955390205,57.0,0.0347699101197823,0.0050957606125966,54964224.0,0.1912345056588029,569.0,0.0,0.0015471796885224,11075584.0,0.1912345056588029,568.0,0.0,0.0049338109071116,17625088.0,0.1912345056588029,569.0,0.0,0.0074113764563235,45637632.0,0.1912345056588029,568.0,0.0,0.0350927977420492,128573440.0,0.1912345056588029,568.0,0.0,0.0154070371522123,24088576.0,0.1912345056588029,568.0,0.0,0.000903936895529,9744384.0,0.0,21830.0,0.0434623876497279,0.0017697904710025,45809664.0,0.0,21829.0,0.0434623876497279,0.0018216361234449,102948864.0,0.1912345056588029,568.0,0.0,0.0025040210913441,6881280.0,0.1912345056588029,748.0,0.0
0.0125336595903308,15650816.0,0.1550347536239373,57.0,0.034452167471986,0.0051340713280824,54964224.0,0.1894869210959234,569.0,0.0,0.0013602288065998,11075584.0,0.1894869210959234,568.0,0.0,0.0065332715402394,18538496.0,0.1894869210959234,569.0,0.0,0.0072435882975035,45522944.0,0.1894869210959234,568.0,0.0,0.035796464934654,129114112.0,0.1894869210959234,568.0,0.0,0.0091242120178815,24248320.0,0.1894869210959234,568.0,0.0,0.00088573446867,9883648.0,0.0,21830.0,0.0516782512079791,0.0018394987515027,45801472.0,0.0,21829.0,0.0516782512079791,0.0013465337999369,102948864.0,0.1894869210959234,568.0,0.0,0.0024854315177521,6881280.0,0.1894869210959234,748.0,0.0
0.0118364909145071,15826944.0,0.1494355923377401,57.0,0.0351737012414886,0.0046452873394186,54964224.0,0.1847317126587823,569.0,0.0,0.0014859251212705,10878976.0,0.1848458999803646,568.0,0.0,0.0049323642704754,18698240.0,0.1850314543779358,569.0,0.0,0.0078960853838889,45514752.0,0.185153571374628,568.0,0.0,0.0241157892740622,129228800.0,0.1903122026371833,568.0,0.0,0.0091468248478136,25849856.0,0.1903122026371833,568.0,0.0,0.0008447739398087,9887744.0,0.0,21830.0,0.0453124291993293,0.0020032921884531,45801472.0,0.0,21829.0,0.0453124291993293,0.0014908667498599,102948864.0,0.1903122026371833,568.0,0.0,0.0025199499432495,7143424.0,0.1903122026371833,748.0,0.0
0.012858795833333,15519744.0,0.1525734047602902,57.0,0.0339052010578422,0.0051533735682083,54935552.0,0.1864786058181324,569.0,0.0,0.0013791894081592,10891264.0,0.1823615045640541,568.0,0.0,0.0058901391666666,18661376.0,0.1825645262826566,569.0,0.0,0.0072103365291408,45527040.0,0.1827124645892351,568.0,0.0,0.001367550748259,129216512.0,0.1829186339313818,568.0,0.0,0.0090369492991529,26574848.0,0.1830697198615045,568.0,0.0,0.001838903345906,9699328.0,0.0,21830.0,0.052364989432978,0.0020396861496475,45801472.0,0.0,21829.0,0.0523892711003192,0.001972639671963,102952960.0,0.183428548945546,568.0,0.0,0.0024654730373979,7143424.0,0.18359537299339,748.0,0.0
0.0146433697956866,15753216.0,0.1879651068410755,57.0,0.0,0.0052932459031399,54992896.0,0.1879651068410755,569.0,0.0,0.0012892709115172,10891264.0,0.1879651068410755,568.0,0.0,0.0071488559189217,18923520.0,0.1879651068410755,569.0,0.0,0.0075151721454968,45518848.0,0.1879651068410755,568.0,0.0,0.0021046113332125,128999424.0,0.1879651068410755,568.0,0.0,0.0099634674184962,27111424.0,0.1879651068410755,568.0,0.0,0.0019265054079139,9711616.0,0.0,21830.0,0.0427193424638808,0.0017006283640778,45805568.0,0.0,21829.0,0.0427193424638808,0.0022846143256107,102948864.0,0.1879651068410755,568.0,0.0,0.0024598091974333,6893568.0,0.1879651068410755,748.0,0.0
0.0154432854379662,15728640.0,0.1873544657275152,57.0,0.0,0.005748366042696,54972416.0,0.1873544657275152,569.0,0.0,0.0012080958198226,10903552.0,0.1873544657275152,568.0,0.0,0.0073350909296709,18833408.0,0.1873544657275152,569.0,0.0,0.0074480382964021,45527040.0,0.1873544657275152,568.0,0.0,0.0021729836094899,129400832.0,0.1873544657275152,568.0,0.0,0.0098341673157145,27959296.0,0.1873544657275152,568.0,0.0,0.0021361100920882,9756672.0,0.0,21830.0,0.0535298473507186,0.0018729608672714,45809664.0,0.0,21829.0,0.0446082061255988,0.00194219,102948864.0,0.1873544657275152,568.0,0.0,0.0024130748321961,7143424.0,0.1873544657275152,748.0,0.0
0.0139080855458497,15720448.0,0.1896617124728438,57.0,0.0,0.0055671559358208,55001088.0,0.1896617124728438,569.0,0.0,0.0013296463454378,10899456.0,0.1896617124728438,568.0,0.0,0.0071449738934098,19202048.0,0.1896617124728438,569.0,0.0,0.007190409099856,45531136.0,0.1896617124728438,568.0,0.0,0.0018649816029434,129310720.0,0.1896617124728438,568.0,0.0,0.0090661557407917,28778496.0,0.1896617124728438,568.0,0.0,0.001689639833716,9756672.0,0.0,21830.0,0.0517259215835028,0.0017163136365477,45809664.0,0.0,21829.0,0.0517259215835028,0.0022578482288195,102948864.0,0.1896617124728438,568.0,0.0,0.0024045377994011,7139328.0,0.1896617124728438,748.0,0.0
0.0151162285145816,15740928.0,0.1898237227883379,57.0,0.0,0.0052584693988598,55136256.0,0.1898237227883379,569.0,0.0,0.0011321097515758,10997760.0,0.1898237227883379,568.0,0.0,0.0064704143122641,19292160.0,0.1898237227883379,569.0,0.0,0.007107454712573,45522944.0,0.1898237227883379,568.0,0.0,0.0018284514040055,129941504.0,0.1898237227883379,568.0,0.0,0.0086461853065107,28299264.0,0.1898237227883379,568.0,0.0,0.0016423138048227,9756672.0,0.0,21830.0,0.0517701062150012,0.0017795808866292,45809664.0,0.0,21829.0,0.0431417551791677,0.0018140655570227,102948864.0,0.1898237227883379,568.0,0.0,0.0021068056011527,6881280.0,0.1898237227883379,748.0,0.0
0.0150007750015499,15564800.0,0.1876407305479109,57.0,0.0,0.0060156794245019,55185408.0,0.1876407305479109,569.0,0.0,0.001134686811703,11014144.0,0.1876407305479109,568.0,0.0,0.0060948129710024,19603456.0,0.1876407305479109,569.0,0.0,0.0069679213180064,45518848.0,0.1876407305479109,568.0,0.0,0.0010160481568452,129708032.0,0.1876407305479109,568.0,0.0,0.0087412571148166,28487680.0,0.1876407305479109,568.0,0.0,0.001155990139083,9756672.0,0.0,21830.0,0.0536116372994031,0.0015680773670329,45809664.0,0.0,21829.0,0.0536116372994031,0.0030375637376672,103088128.0,0.1876407305479109,568.0,0.0,0.0021866885697713,6881280.0,0.1876407305479109,748.0,0.0
0.0160457224581779,15273984.0,0.1882642888316489,57.0,0.0,0.0063789321619151,55111680.0,0.1882642888316489,569.0,0.0,0.0011524847948263,11014144.0,0.1882642888316489,568.0,0.0,0.0062236966247679,9949184.0,0.1882642888316489,569.0,0.0,0.0072279042930396,45518848.0,0.1882642888316489,568.0,0.0,0.0010914930235416,130195456.0,0.1882642888316489,568.0,0.0,0.0094012396817952,28913664.0,0.1882642888316489,568.0,0.0,0.0008466104648629,9568256.0,0.0,21830.0,0.0427873383708293,0.0017443468141968,45809664.0,0.0,21829.0,0.0427873383708293,0.0032795907795907,103084032.0,0.1882642888316489,568.0,0.0,0.0025288394141734,6881280.0,0.1882642888316489,748.0,0.0
0.0140229155172381,15556608.0,0.1695835029168362,57.0,0.0,0.0052402584142424,55107584.0,0.1865418532085198,569.0,0.0,0.0012761896594439,11112448.0,0.1865418532085198,568.0,0.0,0.0050487987297134,9920512.0,0.1695835029168362,569.0,0.0,0.0071103723537611,45613056.0,0.1865418532085198,568.0,0.0,0.0010903824857312,130064384.0,0.1865418532085198,568.0,0.0,0.0083066752433807,28758016.0,0.1865418532085198,568.0,0.0,0.000747628360084,9568256.0,0.0,21830.0,0.0508750508750508,0.00173141449093,45809664.0,0.0,21829.0,0.0508750508750508,0.0032556758183738,103088128.0,0.1865418532085198,568.0,0.0,0.0024408687013119,7143424.0,0.1865418532085198,748.0,0.0
0.0112559546719896,15093760.0,0.146439369793865,57.0,0.0430704028805485,0.0038592922877967,55140352.0,0.1895097726744136,569.0,0.0,0.0009976771086164,11108352.0,0.1895097726744136,568.0,0.0,0.0043803547851454,17592320.0,0.1808956920983039,569.0,0.009001872389457,0.0061009161828736,45514752.0,0.1890393201785971,568.0,0.0,0.0009879448535229,130592768.0,0.1890393201785971,568.0,0.0,0.0065406373112275,29126656.0,0.1890393201785971,568.0,0.0,0.0006739749487225,9564160.0,0.0,21830.0,0.045009361947285,0.0015662336857116,45809664.0,0.0,21829.0,0.045009361947285,0.0014939245910388,102965248.0,0.1890393201785971,568.0,0.0,0.0021694176693155,7143424.0,0.1890393201785971,748.0,0.0
0.0104683083278973,15462400.0,0.1474082167074207,57.0,0.0433553578551237,0.003669544457978,55140352.0,0.1907635745625444,569.0,0.0,0.0008918882902777,11112448.0,0.1907635745625444,568.0,0.0,0.0041235252746764,18673664.0,0.1820925029915197,569.0,0.0086710715710247,0.0050071292520766,45780992.0,0.1907635745625444,568.0,0.0,0.0009596729126512,130224128.0,0.1907635745625444,568.0,0.0,0.0061233440191568,29478912.0,0.1907635745625444,568.0,0.0,0.0005917710922834,9572352.0,0.0,21830.0,0.0520264294261484,0.0012784383446205,45809664.0,0.0,21829.0,0.0433553578551237,0.0012511001172433,102965248.0,0.1907635745625444,568.0,0.0,0.0016046975147624,7143424.0,0.1907635745625444,748.0,0.0
0.0076812524400132,15437824.0,0.1471428324129693,57.0,0.0432773036508733,0.0031035764488343,55140352.0,0.1904201360638426,569.0,0.0,0.0008014644929538,11112448.0,0.1904201360638426,568.0,0.0,0.0031116687015643,19005440.0,0.181764675333668,569.0,0.0086554607301746,0.0043936727777896,45502464.0,0.1904201360638426,568.0,0.0,0.0009644028244383,131014656.0,0.1904201360638426,568.0,0.0,0.0046188233550993,29327360.0,0.1904201360638426,568.0,0.0,0.0004537483358203,9572352.0,0.0,21830.0,0.0432773036508733,0.0009899655551614,45809664.0,0.0,21829.0,0.051932764381048,0.001135833560214,102965248.0,0.1904201360638426,568.0,0.0,0.0015425673540143,6881280.0,0.1904201360638426,748.0,0.0
0.0121757178863013,15454208.0,0.1673500125512509,57.0,0.0418375031378127,0.0043574807188176,55144448.0,0.1924525144339385,569.0,0.0,0.0008916515476314,11112448.0,0.1924525144339385,568.0,0.0,0.0046275530883778,19406848.0,0.2095886822111606,569.0,0.0087328617587983,0.0056862975748113,45789184.0,0.1921229586935638,568.0,0.0,0.0010903853712015,130781184.0,0.1921229586935638,568.0,0.0,0.0059907626694844,29368320.0,0.1921229586935638,568.0,0.0,0.0006976019207868,9707520.0,0.0,21830.0,0.0436643087939917,0.0012621639014017,45809664.0,0.0,21829.0,0.0436643087939917,0.0013645111258823,103088128.0,0.1921229586935638,568.0,0.0,0.0016267536815578,6881280.0,0.1921229586935638,748.0,0.0
0.0123164221892066,15622144.0,0.1906495082109277,57.0,0.0,0.0050176528062231,55414784.0,0.1906495082109277,569.0,0.0,0.0011593787470024,10915840.0,0.1906495082109277,568.0,0.0,0.0053385268562401,19521536.0,0.1906495082109277,569.0,0.0,0.0064012645199236,45527040.0,0.1906495082109277,568.0,0.0,0.0013716169140897,130641920.0,0.1906495082109277,568.0,0.0,0.0077922304278296,30146560.0,0.1906495082109277,568.0,0.0,0.0007291920858183,9703424.0,0.0,21830.0,0.0519953204211621,0.00155661018793,45809664.0,0.0,21829.0,0.0519953204211621,0.0054154899873461,103104512.0,0.1906495082109277,568.0,0.0,0.0021873044296126,6881280.0,0.1906495082109277,748.0,0.0
0.0135369311976701,15683584.0,0.1929959997192785,57.0,0.0,0.0056279117381553,55111680.0,0.1929959997192785,569.0,0.0,0.0011663355061133,10915840.0,0.1929959997192785,568.0,0.0,0.0058294105275233,19554304.0,0.1929959997192785,569.0,0.0,0.0069272991006672,45522944.0,0.1929959997192785,568.0,0.0,0.0013434169193615,131293184.0,0.1929959997192785,568.0,0.0,0.00912558544022,30130176.0,0.1929959997192785,568.0,0.0,0.0008427409535869,9707520.0,0.0,21830.0,0.0438627272089269,0.0018146859160486,45809664.0,0.0,21829.0,0.0438627272089269,0.005655333982673,103084032.0,0.1929959997192785,568.0,0.0,0.0025308858904006,6881280.0,0.1929959997192785,748.0,0.0
0.0136747429394385,15724544.0,0.1920541942017092,57.0,0.0,0.0059303537889531,55394304.0,0.1920541942017092,569.0,0.0,0.0011852603981991,10948608.0,0.1920541942017092,568.0,0.0,0.0056152692671133,19628032.0,0.1920541942017092,569.0,0.0,0.0072007210994049,45527040.0,0.1920541942017092,568.0,0.0,0.0015161899397049,131198976.0,0.1920541942017092,568.0,0.0,0.008344524754562,30646272.0,0.1920541942017092,568.0,0.0,0.0007839087546239,9326592.0,0.0,21830.0,0.0523784166004661,0.0018790075927708,45809664.0,0.0,21829.0,0.0523784166004661,0.0056118226246297,102973440.0,0.1920541942017092,568.0,0.0,0.0027194151036296,7143424.0,0.1920541942017092,748.0,0.0
0.0139674616454648,16396288.0,0.1909291305781681,57.0,0.0,0.0061111250603573,55136256.0,0.1909291305781681,569.0,0.0,0.0012726541034109,10952704.0,0.1909291305781681,568.0,0.0,0.0062120053979994,19480576.0,0.1909291305781681,569.0,0.0,0.0071701027420561,45522944.0,0.1909291305781681,568.0,0.0,0.0015033739174779,131190784.0,0.1909291305781681,568.0,0.0,0.0096513861642668,31019008.0,0.1909291305781681,568.0,0.0,0.0008433943155527,9330688.0,0.0,21830.0,0.0520715810667731,0.0019011359519984,45809664.0,0.0,21829.0,0.0520715810667731,0.0019966662374247,102977536.0,0.1909291305781681,568.0,0.0,0.0026633919967064,7143424.0,0.1909291305781681,748.0,0.0
0.0132665455024861,15634432.0,0.1890456631206283,57.0,0.0,0.0075034261354665,59265024.0,0.1890456631206283,569.0,0.0,0.0012000666108575,10952704.0,0.1890456631206283,568.0,0.0,0.00604971429635,19820544.0,0.1890456631206283,569.0,0.0,0.0067631029262403,45531136.0,0.1890456631206283,568.0,0.0,0.0014886868259674,131547136.0,0.1890456631206283,568.0,0.0,0.0087771547974732,30531584.0,0.1890456631206283,568.0,0.0,0.0008383298343829,9330688.0,0.0,21830.0,0.0515579081238077,0.0015452142682697,45809664.0,0.0,21829.0,0.0515579081238077,0.0021161740061848,103084032.0,0.1890456631206283,568.0,0.0,0.0024955509491006,7139328.0,0.1890456631206283,748.0,0.0
0.0136388822062119,15634432.0,0.186668325940675,57.0,0.0,0.0075858140422977,55578624.0,0.187237229569865,569.0,0.0,0.0013265526234363,10952704.0,0.187237229569865,568.0,0.0,0.0063575850626516,9863168.0,0.187237229569865,569.0,0.0,0.007085156279314,45531136.0,0.187237229569865,568.0,0.0,0.0015373862417041,132366336.0,0.187237229569865,568.0,0.0,0.0085692587124393,31281152.0,0.187237229569865,568.0,0.0,0.0009053589619093,9330688.0,0.0,21830.0,0.0510646989735995,0.0017736043410281,45813760.0,0.0,21829.0,0.0510646989735995,0.0020892561647868,103084032.0,0.187237229569865,568.0,0.0,0.002387668797155,7139328.0,0.187237229569865,748.0,0.0
0.013870111718381,15572992.0,0.1879766550896917,57.0,0.0,0.0075944828297412,55324672.0,0.1879766550896917,569.0,0.0,0.0014728712941155,10952704.0,0.1879766550896917,568.0,0.0,0.0062369543147208,10199040.0,0.1879766550896917,569.0,0.0,0.0068863356104053,45522944.0,0.1879766550896917,568.0,0.0,0.0012990431793475,132108288.0,0.1879766550896917,568.0,0.0,0.0083096040035277,31817728.0,0.1879766550896917,568.0,0.0,0.0008443339024121,9433088.0,0.0,21830.0,0.0447563464499266,0.0017244271060167,45813760.0,0.0,21829.0,0.0447563464499266,0.0017828681209214,103084032.0,0.1879766550896917,568.0,0.0,0.002308821291329,7139328.0,0.1879766550896917,748.0,0.0
0.0144461221438079,15642624.0,0.1868873069539068,57.0,0.0,0.0059472582044454,55349248.0,0.1868873069539068,569.0,0.0,0.0014679374854399,11210752.0,0.1868873069539068,568.0,0.0,0.0066773884291052,10620928.0,0.1868873069539068,569.0,0.0,0.0072220241136756,45518848.0,0.1868873069539068,568.0,0.0,0.0011452092721016,132001792.0,0.1868873069539068,568.0,0.0,0.0085504416264956,32137216.0,0.1868873069539068,568.0,0.0,0.0009278466399319,9433088.0,0.0,21830.0,0.0509692655328836,0.0018346160073398,45813760.0,0.0,21829.0,0.0509692655328836,0.0019102091605084,103079936.0,0.1868873069539068,568.0,0.0,0.0023517397881996,7139328.0,0.1868873069539068,748.0,0.0
0.0145077272386501,15454208.0,0.1872675875475971,57.0,0.0,0.0057617651399615,55324672.0,0.1872675875475971,569.0,0.0,0.0013298597972153,10952704.0,0.1872675875475971,568.0,0.0,0.0067186238727976,10338304.0,0.187811062071556,569.0,0.0,0.0072715205354677,45522944.0,0.1878110620715559,568.0,0.0,0.0012143527473999,132657152.0,0.187811062071556,568.0,0.0,0.0091298419779457,32755712.0,0.1878110620715559,568.0,0.0,0.0009335399584134,9433088.0,0.0,21830.0,0.04268433228899,0.001794655766878,45813760.0,0.0,21829.0,0.04268433228899,0.0016541460470669,103084032.0,0.1878110620715559,568.0,0.0,0.0023984038323728,6877184.0,0.187811062071556,748.0,0.0
0.0145696171082053,15560704.0,0.1866965381127647,57.0,0.0,0.0059190683734526,55324672.0,0.1866965381127647,569.0,0.0,0.0013160693167956,10952704.0,0.1866965381127647,568.0,0.0,0.0069644519872485,9744384.0,0.1866965381127647,569.0,0.0,0.007268786436587,45535232.0,0.1866965381127647,568.0,0.0,0.0012304249247488,132599808.0,0.1866965381127647,568.0,0.0,0.0094288661757237,32464896.0,0.1866965381127647,568.0,0.0,0.0009081985545362,9428992.0,0.0,21830.0,0.0533418680322184,0.0016981197311287,45813760.0,0.0,21829.0,0.0533418680322184,0.0030428837167097,103084032.0,0.1866965381127647,568.0,0.0,0.0024218610116382,6877184.0,0.1866965381127647,748.0,0.0
0.0149851225440549,15437824.0,0.1890879086877299,57.0,0.0,0.0053890067081183,55328768.0,0.1890879086877299,569.0,0.0,0.0011971413669503,10952704.0,0.1890879086877299,568.0,0.0,0.0066240306375826,9945088.0,0.1890879086877299,569.0,0.0,0.0065360225843677,45522944.0,0.1890879086877299,568.0,0.0,0.0011698299015219,132501504.0,0.1890879086877299,568.0,0.0,0.0096746284451791,32944128.0,0.1890879086877299,568.0,0.0,0.0008215078802285,9490432.0,0.0,21830.0,0.0429745247017568,0.0016938106477839,45801472.0,0.0,21829.0,0.0429745247017568,0.0029050565052747,103088128.0,0.1890879086877299,568.0,0.0,0.0024444400274297,6877184.0,0.1890879086877299,748.0,0.0
0.0142034879971923,15605760.0,0.1889449998282318,57.0,0.0,0.0062255624618874,55324672.0,0.1889449998282318,569.0,0.0,0.0013311882040199,11083776.0,0.1889449998282318,568.0,0.0,0.0061748936894305,9900032.0,0.1889449998282318,569.0,0.0,0.0071770693864694,45522944.0,0.1889449998282318,568.0,0.0,0.0013476931259141,132661248.0,0.1889449998282318,568.0,0.0,0.0090809669938178,32878592.0,0.1889449998282318,568.0,0.0,0.00078877237925,9490432.0,0.0,21830.0,0.0515304544986086,0.0016896985007419,45801472.0,0.0,21829.0,0.0515304544986086,0.0036094161546943,103096320.0,0.1889449998282318,568.0,0.0,0.0025527419513635,6877184.0,0.1889449998282318,748.0,0.0
0.0144385505397895,15450112.0,0.1896976908617449,57.0,0.0,0.0054175947523435,55586816.0,0.1896976908617449,569.0,0.0,0.0013005304672724,11083776.0,0.1892318089659833,568.0,0.0,0.0062176238441373,10301440.0,0.1892318089659833,569.0,0.0,0.0070886289535893,45531136.0,0.1892318089659833,568.0,0.0,0.0012913687026304,133357568.0,0.1892318089659833,568.0,0.0,0.0091478107757079,33132544.0,0.1892318089659833,568.0,0.0,0.0008282827288037,9793536.0,0.0,21830.0,0.0450551926109484,0.0018452200711322,46063616.0,0.0,21829.0,0.0450551926109484,0.002682348946445,103100416.0,0.1892318089659833,568.0,0.0,0.0027320039054409,6881280.0,0.1892318089659833,748.0,0.0
0.0133899750563303,15613952.0,0.1901124255753061,57.0,0.0,0.0059609097814915,55324672.0,0.1901124255753061,569.0,0.0,0.001417306441119,11083776.0,0.1901124255753061,568.0,0.0,0.0063159816945839,10092544.0,0.1901124255753061,569.0,0.0,0.0074186601665982,45531136.0,0.1901124255753061,568.0,0.0,0.0013415043739771,133246976.0,0.1901124255753061,568.0,0.0,0.0082919528457075,33054720.0,0.1901124255753061,568.0,0.0,0.0008378279128453,9793536.0,0.0,21830.0,0.0451581438196564,0.0019125992736559,45801472.0,0.0,21829.0,0.0451581438196564,0.0026692904743845,103624704.0,0.189664204042557,568.0,0.0,0.0024883588992026,6877184.0,0.189664204042557,748.0,0.0
0.0136737932124299,15593472.0,0.1900106233212129,57.0,0.0,0.0051185749910593,55341056.0,0.1900106233212129,569.0,0.0,0.0015898984988947,11104256.0,0.1900106233212129,568.0,0.0,0.0059077718089454,10424320.0,0.1900106233212129,569.0,0.0,0.0070915148448041,45522944.0,0.1900106233212129,568.0,0.0,0.0014613862799685,132313088.0,0.1900106233212129,568.0,0.0,0.0086389843773214,32919552.0,0.1900106233212129,568.0,0.0,0.0007583719942307,9682944.0,0.0,21830.0,0.0518210790876035,0.0017505975209287,45801472.0,0.0,21829.0,0.0518210790876035,0.0018893278755473,102981632.0,0.1900106233212129,568.0,0.0,0.0026638092860247,6877184.0,0.1900106233212129,748.0,0.0
0.0137433156148834,15773696.0,0.1915825590204906,57.0,0.0,0.0050650324814461,55291904.0,0.1915825590204906,569.0,0.0,0.0016775967930176,11104256.0,0.1915825590204906,568.0,0.0,0.0064111687530543,10219520.0,0.1915825590204906,569.0,0.0,0.006935161462879,45527040.0,0.1915825590204906,568.0,0.0,0.0014148045210302,132915200.0,0.1915825590204906,568.0,0.0,0.0086226287010859,33116160.0,0.1915825590204906,568.0,0.0,0.0008062730627306,9695232.0,0.0,21830.0,0.0435414906864751,0.0018540415384462,45801472.0,0.0,21829.0,0.0435414906864751,0.0019540360916999,103096320.0,0.1915825590204906,568.0,0.0,0.0025102405171071,7139328.0,0.1915825590204906,748.0,0.0
0.0129598681867862,15060992.0,0.187331067519469,57.0,0.0,0.0052659695462493,55287808.0,0.187331067519469,569.0,0.0,0.0015815705313451,10907648.0,0.187331067519469,568.0,0.0,0.0063333175337479,9969664.0,0.187331067519469,569.0,0.0,0.0068960231980115,45531136.0,0.187331067519469,568.0,0.0,0.0014870890119021,131829760.0,0.187331067519469,568.0,0.0,0.0088588112303036,34009088.0,0.187331067519469,568.0,0.0,0.0007551191264743,9584640.0,0.0,21830.0,0.0535231621484197,0.0015844128655882,45801472.0,0.0,21829.0,0.0535231621484197,0.001763362356274,103100416.0,0.187331067519469,568.0,0.0,0.0024071272295769,6877184.0,0.187331067519469,748.0,0.0
0.0138014281203205,15745024.0,0.1886032216859413,57.0,0.0,0.0045829659778589,55287808.0,0.1886032216859413,569.0,0.0,0.0013535123321886,10907648.0,0.1886032216859413,568.0,0.0,0.0062904689714915,10113024.0,0.1886032216859413,569.0,0.0,0.0068878684786738,45535232.0,0.1886032216859413,568.0,0.0,0.0013691061623548,132476928.0,0.1886032216859413,568.0,0.0,0.0088772600495409,34082816.0,0.1886032216859413,568.0,0.0,0.0007543766205053,9588736.0,0.0,21830.0,0.0428643685649866,0.0016669554973566,45809664.0,0.0,21829.0,0.051437242277984,0.0024101884459762,103141376.0,0.1886032216859413,568.0,0.0,0.0019015200000001,6881280.0,0.1886032216859413,748.0,0.0
0.0147961959745343,15310848.0,0.1898511024924737,57.0,0.0,0.0050721415239794,55287808.0,0.1892717339871811,569.0,0.0,0.0012317998263954,11137024.0,0.1892717339871811,568.0,0.0,0.0065313443486852,10113024.0,0.1892717339871811,569.0,0.0,0.0063406900136623,45522944.0,0.1892717339871811,568.0,0.0,0.0013624967768807,132284416.0,0.1892717339871811,568.0,0.0,0.0092208643932607,34189312.0,0.1892717339871811,568.0,0.0,0.0008302003939367,9588736.0,0.0,21830.0,0.0516195638146857,0.0014939726394717,45809664.0,0.0,21829.0,0.0516195638146857,0.0024611535130997,103399424.0,0.1892717339871811,568.0,0.0,0.0024244225931854,6877184.0,0.1892717339871811,748.0,0.0
0.0143001795162509,16125952.0,0.1886351795627257,57.0,0.0,0.0053856200013979,55287808.0,0.1886351795627257,569.0,0.0,0.0013538962802063,11137024.0,0.1886351795627257,568.0,0.0,0.0064733530026889,10244096.0,0.1886351795627257,569.0,0.0,0.0071199754889849,45522944.0,0.1886351795627257,568.0,0.0,0.0012676247028345,132407296.0,0.1886351795627257,568.0,0.0,0.0091646718860929,33685504.0,0.1886351795627257,568.0,0.0,0.0008290345012035,9588736.0,0.0,21830.0,0.0449131379911251,0.0016098567335243,45809664.0,0.0,21829.0,0.0449131379911251,0.0021924088540771,103141376.0,0.1886351795627257,568.0,0.0,0.0024212618714569,6877184.0,0.1886351795627257,748.0,0.0
0.0146358466170579,15527936.0,0.1910086995780444,57.0,0.0,0.0059373052386163,55242752.0,0.1910086995780444,569.0,0.0,0.0011448767290324,11137024.0,0.1910086995780444,568.0,0.0,0.0062794843307409,10244096.0,0.1910086995780444,569.0,0.0,0.006292920843797,45527040.0,0.1910086995780444,568.0,0.0,0.0011228168002419,133054464.0,0.1910086995780444,568.0,0.0,0.0087645786353476,34578432.0,0.1910086995780444,568.0,0.0,0.0007151015273327,9588736.0,0.0,21830.0,0.0434110680859191,0.0016111861882567,45809664.0,0.0,21829.0,0.0434110680859191,0.0022042830173692,103145472.0,0.1910086995780444,568.0,0.0,0.0022060480535028,7139328.0,0.1910086995780444,748.0,0.0
0.0144147654967634,15089664.0,0.1904606426686256,57.0,0.0,0.0064952079229007,55246848.0,0.1904606426686256,569.0,0.0,0.0014007957251553,11141120.0,0.190877777488569,568.0,0.0,0.0063042708836082,10203136.0,0.190877777488569,569.0,0.0,0.0070723999877755,45527040.0,0.190877777488569,568.0,0.0,0.0012817523087852,132722688.0,0.190877777488569,568.0,0.0,0.0077921316432315,34627584.0,0.190877777488569,568.0,0.0,0.000881798054725,9601024.0,0.0,21830.0,0.0520575756787006,0.0016712483100494,45813760.0,0.0,21829.0,0.0520575756787006,0.0017070553058355,103022592.0,0.190877777488569,568.0,0.0,0.0023729761892334,7139328.0,0.190877777488569,748.0,0.0
0.0140525817627114,16191488.0,0.1905388785920909,57.0,0.0,0.0064056339694054,55205888.0,0.1905388785920909,569.0,0.0,0.001223472603436,11141120.0,0.1905388785920909,568.0,0.0,0.0060203056355495,10403840.0,0.1905388785920909,569.0,0.0,0.006831771708484,45535232.0,0.1905388785920909,568.0,0.0,0.0012913021696404,133365760.0,0.1905388785920909,568.0,0.0,0.0088900132728776,34590720.0,0.1905388785920909,568.0,0.0,0.00075918171926,9601024.0,0.0,21830.0,0.0433042905891115,0.001701301339714,45813760.0,0.0,21829.0,0.0433042905891115,0.0019898094433131,103170048.0,0.1905388785920909,568.0,0.0,0.0024917776872805,6877184.0,0.1905388785920909,748.0,0.0
0.0120744098796306,15679488.0,0.1901732305245323,57.0,0.0,0.0048788632979048,55234560.0,0.1901732305245323,569.0,0.0,0.0011048529111906,11141120.0,0.1901732305245323,568.0,0.0,0.0055499716791343,10231808.0,0.1901732305245323,569.0,0.0,0.0063584219445246,45522944.0,0.1901732305245323,568.0,0.0,0.0014219854856717,133120000.0,0.1901732305245323,568.0,0.0,0.0086347238189081,35487744.0,0.1901732305245323,568.0,0.0,0.0006805828561895,9666560.0,0.0,21830.0,0.0518654265066906,0.0016000601684716,45813760.0,0.0,21829.0,0.0518654265066906,0.0019068073860691,103165952.0,0.1901732305245323,568.0,0.0,0.0024046286799426,7139328.0,0.1901732305245323,748.0,0.0
0.013045453644419,15740928.0,0.191054987444958,57.0,0.0,0.0050388540390278,55234560.0,0.1914441853179714,569.0,0.0,0.001098496418312,11149312.0,0.1914441853179714,568.0,0.0,0.0056722369991635,10194944.0,0.1914441853179714,569.0,0.0,0.0059015969018379,45789184.0,0.1914441853179714,568.0,0.0,0.0012591601902556,132935680.0,0.1914441853179714,568.0,0.0,0.0073962616115348,35713024.0,0.1914441853179714,568.0,0.0,0.0007900406716029,9666560.0,0.0,21830.0,0.0435100421177207,0.0016359055928072,45813760.0,0.0,21829.0,0.0435100421177207,0.0018178169663062,103047168.0,0.1914441853179714,568.0,0.0,0.0024698400767473,6877184.0,0.1914441853179714,748.0,0.0
0.0131428173629928,16044032.0,0.18873690076034,57.0,0.0,0.0052390257366938,55255040.0,0.18873690076034,569.0,0.0,0.0011525100069773,11141120.0,0.18873690076034,568.0,0.0,0.0060263831536463,10272768.0,0.18873690076034,569.0,0.0,0.0066689173810786,45527040.0,0.18873690076034,568.0,0.0,0.0020511224201917,132960256.0,0.18873690076034,568.0,0.0,0.0084075042158517,36118528.0,0.1887369007603401,568.0,0.0,0.0008930138595254,9699328.0,0.0,21830.0,0.0449373573238904,0.0015143484042272,45813760.0,0.0,21829.0,0.0449373573238904,0.001652360692732,103047168.0,0.1887369007603401,568.0,0.0,0.002394035555876,6885376.0,0.1887369007603401,748.0,0.0
0.0130638315306455,15560704.0,0.1860701146022751,57.0,0.0,0.0052711396786154,55275520.0,0.1860701146022751,569.0,0.0,0.0012335012264875,11141120.0,0.1860701146022751,568.0,0.0,0.0054166941615328,10334208.0,0.1860701146022751,569.0,0.0,0.0066433504789254,45522944.0,0.1860701146022751,568.0,0.0,0.0021792023707142,132841472.0,0.1820556479147673,568.0,0.0,0.0085126894376878,36835328.0,0.1821635741227364,568.0,0.0,0.0008553841181111,9703424.0,0.0,21830.0,0.0434017004309812,0.0015113620866981,45813760.0,0.0,21829.0,0.0434303764765769,0.0016948084165896,103055360.0,0.1824748395631111,568.0,0.0,0.0024626327022248,7397376.0,0.182598407250496,748.0,0.0
0.0118956043175517,15790080.0,0.1873845577278284,57.0,0.0,0.0055330393637,55242752.0,0.1873845577278284,569.0,0.0,0.0010785501064414,11141120.0,0.1873845577278284,568.0,0.0,0.0061069208802284,10027008.0,0.1873845577278284,569.0,0.0,0.0069368836671802,45522944.0,0.1879217562142308,568.0,0.0,0.0019800641075756,133435392.0,0.1879217562142308,568.0,0.0,0.0078413217641091,36061184.0,0.1879217562142308,568.0,0.0,0.0008139239229138,9711616.0,0.0,21830.0,0.0427094900486888,0.0018047964989059,45813760.0,0.0,21829.0,0.0427094900486888,0.0016485015624017,103047168.0,0.1879217562142308,568.0,0.0,0.0025527961718787,6877184.0,0.1879217562142308,748.0,0.0
0.0137157134877324,15634432.0,0.1860564016691917,57.0,0.0,0.0054862725626497,55242752.0,0.1860564016691917,569.0,0.0,0.0010607499703802,11337728.0,0.1860564016691917,568.0,0.0,0.00601375517167,10383360.0,0.1860564016691917,569.0,0.0,0.0070335965267466,45535232.0,0.1860564016691917,568.0,0.0,0.0011376004200577,133206016.0,0.1860564016691917,568.0,0.0,0.0093910056007864,36192256.0,0.1860564016691917,568.0,0.0,0.000693942960008,9715712.0,0.0,21830.0,0.0531589719054833,0.0017626187503392,45813760.0,0.0,21829.0,0.0531589719054833,0.00174207385123,103165952.0,0.1860564016691917,568.0,0.0,0.0023349397669443,6877184.0,0.1860564016691917,748.0,0.0
0.0138169244423169,15425536.0,0.1868127202479514,57.0,0.0,0.0057320862524986,55238656.0,0.1868127202479514,569.0,0.0,0.0011450747953711,11206656.0,0.1868127202479514,568.0,0.0,0.006036142938791,10272768.0,0.1868127202479514,569.0,0.0,0.006669025315468,45535232.0,0.1868127202479514,568.0,0.0,0.0033130240440732,133636096.0,0.1868127202479514,568.0,0.0,0.0093441272095369,36724736.0,0.1868127202479514,568.0,0.0,0.0007774382428039,9736192.0,0.0,21830.0,0.0424574364199889,0.0018397455408777,46063616.0,0.0,21829.0,0.0424574364199889,0.0017149731754032,103170048.0,0.1868127202479514,568.0,0.0,0.0026890392505682,6877184.0,0.1868127202479514,748.0,0.0
0.0131759814767074,15724544.0,0.1861784653575069,57.0,0.0,0.0057801375023545,55246848.0,0.1861784653575069,569.0,0.0,0.0011279325653488,11206656.0,0.186178465357507,568.0,0.0,0.0061159438322076,10375168.0,0.1861784653575069,569.0,0.0,0.0074838406355986,45522944.0,0.1861784653575069,568.0,0.0,0.0036544303681009,133070848.0,0.1861784653575069,568.0,0.0,0.0097029798550144,36950016.0,0.1861784653575069,568.0,0.0,0.0008460001922727,9736192.0,0.0,21830.0,0.0531938472450019,0.0017082638558068,45801472.0,0.0,21829.0,0.0443282060375016,0.0017230301513592,103428096.0,0.1861784653575069,568.0,0.0,0.0026598588333777,7401472.0,0.186178465357507,748.0,0.0
0.0140049871922215,15933440.0,0.1860976214951614,57.0,0.0,0.0053269410509879,55209984.0,0.1860976214951614,569.0,0.0,0.0011248138347723,11268096.0,0.1860976214951614,568.0,0.0,0.0054328375729547,10166272.0,0.1860976214951614,569.0,0.0,0.0068932123886935,45522944.0,0.1860976214951614,568.0,0.0,0.0035765325377855,133656576.0,0.1860976214951614,568.0,0.0,0.0092346988189949,37117952.0,0.1860976214951614,568.0,0.0,0.0007643083132745,9744384.0,0.0,21830.0,0.0443089574988479,0.0019036463813586,45801472.0,0.0,21829.0,0.0443089574988479,0.0016763427954707,103170048.0,0.1860976214951614,568.0,0.0,0.0026699349910961,6877184.0,0.1860976214951614,748.0,0.0
0.0141771285165449,15548416.0,0.1867049128851849,57.0,0.0,0.0051192371392722,55201792.0,0.1867049128851849,569.0,0.0,0.0012706661779672,10944512.0,0.1867049128851849,568.0,0.0,0.0057031676955773,10182656.0,0.1867049128851849,569.0,0.0,0.006766622293841,45527040.0,0.1867049128851849,568.0,0.0,0.0012089951912688,133971968.0,0.1697317389865317,568.0,0.0169731738986531,0.0088385176843024,37277696.0,0.1867049128851849,568.0,0.0,0.0007818720454981,9777152.0,0.0,21830.0,0.0509195216959595,0.0019057709693122,45809664.0,0.0,21829.0,0.0424329347466329,0.0015603867950851,103047168.0,0.1867049128851849,568.0,0.0,0.002799554100188,6877184.0,0.1867049128851849,748.0,0.0
