0.0137571096625608,14409728.0,0.1963496809317684,57.0,0.0,0.005401688036422,57741312.0,0.1963496809317684,569.0,0.0,0.0013810462199928,9883648.0,0.1963496809317684,568.0,0.0,0.0062990276460525,10489856.0,0.1963496809317684,569.0,0.0,0.0067343529174238,45211648.0,0.1963496809317684,568.0,0.0,0.0011635852409878,53280768.0,0.1963496809317684,568.0,0.0,0.0092915013370137,61288448.0,0.1963496809317685,568.0,0.0,0.0008912719879463,9060352.0,0.0,21830.0,0.0446249274844928,0.0018799297166703,45797376.0,0.0,21829.0,0.0446249274844928,0.0020463098229416,99676160.0,0.1963496809317684,568.0,0.0,0.0024668677005552,7061504.0,0.1963496809317684,748.0,0.0
0.0137312242401817,14307328.0,0.1939259034417632,57.0,0.0,0.004926972772767,57733120.0,0.1939259034417632,569.0,0.0,0.0013131857017636,9883648.0,0.1939259034417632,568.0,0.0,0.0065523614379615,10534912.0,0.1939259034417632,569.0,0.0,0.0069550976221954,44695552.0,0.1939259034417632,568.0,0.0,0.00117337274537,52711424.0,0.1939259034417632,568.0,0.0,0.0087112555210795,61542400.0,0.1939259034417632,568.0,0.0,0.000860324314392,9060352.0,0.0,21830.0,0.0505893661152425,0.0018550877597537,45797376.0,0.0,21829.0,0.0528159715497966,0.0018688361028148,99934208.0,0.1936585623492544,568.0,0.0,0.0026228503941544,7061504.0,0.1936585623492544,748.0,0.0
0.0126457503903705,14389248.0,0.1944923308137736,57.0,0.0,0.0055895378354994,57733120.0,0.1944923308137736,569.0,0.0,0.0011567003825795,10145792.0,0.1944923308137736,568.0,0.0,0.0063050110749668,10645504.0,0.1947254794056639,569.0,0.0,0.0066990880556078,44687360.0,0.1947254794056639,568.0,0.0,0.0011664203800445,53252096.0,0.1947254794056639,568.0,0.0,0.0081259337886372,61767680.0,0.1947254794056639,568.0,0.0,0.0007993847423608,9060352.0,0.0,21830.0,0.0507979511493036,0.0018326807974438,45797376.0,0.0,21829.0,0.0507979511493036,0.0018471814344922,99680256.0,0.1947254794056639,568.0,0.0,0.0025654500877052,7061504.0,0.1947254794056639,748.0,0.0
0.0128544311575365,14475264.0,0.1937506605136154,57.0,0.0,0.0052425082851907,57700352.0,0.1937506605136154,569.0,0.0,0.0011717642419021,10145792.0,0.1937506605136154,568.0,0.0,0.0059570173125933,10637312.0,0.1937506605136154,569.0,0.0,0.0066361702344235,44687360.0,0.1937506605136154,568.0,0.0,0.001032287260394,53280768.0,0.1937506605136154,568.0,0.0,0.0086937946528869,61583360.0,0.1937506605136154,568.0,0.0,0.0007459903519233,9060352.0,0.0,21830.0,0.0421770084691432,0.001856448874766,45805568.0,0.0,21829.0,0.0421770084691432,0.0020632299481785,99680256.0,0.1940142389580591,568.0,0.0,0.0024128647867626,7061504.0,0.1940142389580591,748.0,0.0
0.0118028609281023,14405632.0,0.1937660187248434,57.0,0.0,0.0051561948665415,57700352.0,0.1937660187248434,569.0,0.0,0.0010254997696913,9949184.0,0.1937660187248434,568.0,0.0,0.005990233794047,10928128.0,0.1937660187248434,569.0,0.0,0.0061472018948816,44695552.0,0.1937660187248434,568.0,0.0,0.0010535080476532,53837824.0,0.1937660187248434,568.0,0.0,0.0085767314017933,62337024.0,0.1937660187248434,568.0,0.0,0.0007486147938191,9064448.0,0.0,21830.0,0.0528452778340482,0.0018257735975066,45805568.0,0.0,21829.0,0.0528452778340482,0.0020732683558384,99815424.0,0.1937660187248434,568.0,0.0,0.0027573208564308,7061504.0,0.1937660187248434,748.0,0.0
0.0131590047033834,14893056.0,0.1956512072568811,57.0,0.0,0.0051251451889767,57761792.0,0.1956512072568811,569.0,0.0,0.0012866381977967,10067968.0,0.1956512072568811,568.0,0.0,0.0059950775138381,10694656.0,0.1956512072568811,569.0,0.0,0.0070488106787996,44687360.0,0.1956512072568811,568.0,0.0,0.0011011797640471,53555200.0,0.1956512072568811,568.0,0.0,0.0092453588184857,62095360.0,0.1956512072568811,568.0,0.0,0.0006990429893998,9068544.0,0.0,21830.0,0.0444661834674729,0.0020118472971517,45805568.0,0.0,21829.0,0.0444661834674729,0.0022744201810874,99823616.0,0.1956512072568811,568.0,0.0,0.0029184710538836,7061504.0,0.1956512072568811,748.0,0.0
0.0138708817682244,14344192.0,0.1944837340876944,57.0,0.0,0.0054114632719349,57724928.0,0.1944837340876944,569.0,0.0,0.0013129516340942,9687040.0,0.1944837340876944,568.0,0.0,0.0062162590537975,11325440.0,0.1944837340876944,569.0,0.0,0.0073347793823848,44687360.0,0.1944837340876944,568.0,0.0,0.0011685012785679,53583872.0,0.1944837340876944,568.0,0.0,0.0098865000898795,62697472.0,0.1944837340876944,568.0,0.0,0.0008180181582865,9068544.0,0.0,21830.0,0.053041018387553,0.0020802672099303,45805568.0,0.0,21829.0,0.053041018387553,0.0021464480016769,99831808.0,0.1944837340876944,568.0,0.0,0.0029981856725425,6799360.0,0.1944837340876944,748.0,0.0
0.0143811386189933,14516224.0,0.1899832131420917,57.0,0.0,0.0056048877195583,58257408.0,0.1900726543489123,569.0,0.0,0.0012416953649673,9691136.0,0.1901442073143688,568.0,0.0,0.0058672712945856,10858496.0,0.1951444512449329,569.0,0.0,0.007577695218985,44687360.0,0.1951444512449329,568.0,0.0,0.001233067575635,54251520.0,0.1951444512449329,568.0,0.0,0.0104724389813073,62767104.0,0.1951444512449329,568.0,0.0,0.0007860676846795,9068544.0,0.0,21830.0,0.0443510116465756,0.0021136205110862,45805568.0,0.0,21829.0,0.0443510116465756,0.0021618736696074,99831808.0,0.1951444512449329,568.0,0.0,0.0030341432616137,6799360.0,0.1951444512449329,748.0,0.0
0.0149050381854503,14188544.0,0.1940093293181837,57.0,0.0,0.0056536743229903,58028032.0,0.1940093293181837,569.0,0.0,0.0014580513030566,9854976.0,0.1940093293181837,568.0,0.0,0.0059343513097725,10743808.0,0.1940093293181837,569.0,0.0,0.0077130810408614,44687360.0,0.1940093293181837,568.0,0.0,0.0013191938230223,54145024.0,0.1940093293181837,568.0,0.0,0.0108311826733031,62529536.0,0.1940093293181837,568.0,0.0,0.000864098719622,9072640.0,0.0,21830.0,0.0506111293873522,0.0021749715500998,45805568.0,0.0,21829.0,0.0506111293873522,0.0046791690133168,99946496.0,0.1940093293181837,568.0,0.0,0.0030508284368217,6799360.0,0.1940093293181837,748.0,0.0
0.0144593079340216,14741504.0,0.1937967424529382,57.0,0.0,0.0053416946746961,57700352.0,0.1886902349932318,569.0,0.0,0.001287362000494,9854976.0,0.1885578072192222,568.0,0.0,0.0062928222492181,10600448.0,0.1884689837122646,569.0,0.0,0.0066604998158702,44687360.0,0.1883656254496231,568.0,0.0,0.0012838758587125,54120448.0,0.1882719570241042,568.0,0.0,0.0096312445976484,63283200.0,0.1881621388700475,568.0,0.0,0.0007986494329645,9068544.0,0.0,21830.0,0.0512825920874872,0.0020656071000863,45805568.0,0.0,21829.0,0.0512596888361064,0.0046108017194704,99938304.0,0.1878746737020757,568.0,0.0,0.0026396663475999,7061504.0,0.1919738247863247,748.0,0.0
0.0122848198709418,14286848.0,0.1937643121366919,57.0,0.0,0.005308724633971,57712640.0,0.1937643121366919,569.0,0.0,0.0012904016312176,9859072.0,0.1937643121366919,568.0,0.0,0.0062496455828947,10596352.0,0.1937643121366919,569.0,0.0,0.0074138360389763,44953600.0,0.1937643121366919,568.0,0.0,0.0013720216460705,55033856.0,0.1937643121366919,568.0,0.0,0.0097827191393189,63324160.0,0.1937643121366919,568.0,0.0,0.0009005317788576,9113600.0,0.0,21830.0,0.0440373436674299,0.0018590277738466,45805568.0,0.0,21829.0,0.0440373436674299,0.0044979087831109,99823616.0,0.1937643121366919,568.0,0.0,0.002927569652211,7061504.0,0.1937643121366919,748.0,0.0
0.0145580459198887,14340096.0,0.1934542129051547,57.0,0.0,0.0056931849979254,57733120.0,0.1934542129051547,569.0,0.0,0.0012462043046687,9723904.0,0.1934542129051547,568.0,0.0,0.0062095906740569,10629120.0,0.1934542129051547,569.0,0.0,0.0065231438122416,44687360.0,0.1934542129051547,568.0,0.0,0.0012114540740339,54358016.0,0.1934542129051547,568.0,0.0,0.0096107366285801,64065536.0,0.1934542129051547,568.0,0.0,0.0009037948878783,9117696.0,0.0,21830.0,0.052760239883224,0.0018942172080103,45805568.0,0.0,21829.0,0.052760239883224,0.0046390723259802,99823616.0,0.1934542129051547,568.0,0.0,0.0029404093298422,7061504.0,0.1934542129051547,748.0,0.0
0.015240069550619,14352384.0,0.1938164137222021,57.0,0.0,0.0054754935359776,57733120.0,0.1935444140442864,569.0,0.0,0.0014211715593343,9728000.0,0.1935444140442864,568.0,0.0,0.007129766771119,10690560.0,0.1935444140442864,569.0,0.0,0.0070565984973785,44695552.0,0.1935444140442864,568.0,0.0,0.0014999848761355,55300096.0,0.1935444140442864,568.0,0.0,0.0101012541228437,63156224.0,0.1935444140442864,568.0,0.0,0.0010195080904896,8994816.0,0.0,21830.0,0.0439873668282469,0.0021271690502759,45805568.0,0.0,21829.0,0.0439873668282469,0.0022205327650506,99942400.0,0.1935444140442864,568.0,0.0,0.0029543361862653,7061504.0,0.1935444140442864,748.0,0.0
0.0144161653043441,14356480.0,0.1937182456171246,57.0,0.0,0.005831047392608,57700352.0,0.1937182456171246,569.0,0.0,0.0013813701827965,9990144.0,0.1937182456171247,568.0,0.0,0.0066939714018825,10854400.0,0.1937182456171246,569.0,0.0,0.007875241211511,44687360.0,0.1937182456171247,568.0,0.0,0.001306685927383,55152640.0,0.1937182456171246,568.0,0.0,0.0099104558492398,64012288.0,0.193983148768207,568.0,0.0,0.0009387700862738,8994816.0,0.0,21830.0,0.0506042996786626,0.0020563908630985,45805568.0,0.0,21829.0,0.0506042996786627,0.0020809175801867,100114432.0,0.193983148768207,568.0,0.0,0.0029574822766491,7061504.0,0.193983148768207,748.0,0.0
0.014331634955253,14286848.0,0.1937643121366919,57.0,0.0,0.0059338768279676,57737216.0,0.1937643121366919,569.0,0.0,0.0012042361587852,9990144.0,0.1937643121366919,568.0,0.0,0.0060421075563301,10645504.0,0.1937643121366919,569.0,0.0,0.007409102698341,44687360.0,0.1937643121366919,568.0,0.0,0.0012590193620281,55074816.0,0.1937643121366919,568.0,0.0,0.0084977837118578,63856640.0,0.1937643121366919,568.0,0.0,0.0008453737480923,8998912.0,0.0,21830.0,0.0440373436674299,0.0020811467533907,45809664.0,0.0,21829.0,0.0440373436674299,0.00194398338094,99823616.0,0.1937643121366919,568.0,0.0,0.0029374015478391,6799360.0,0.1937643121366919,748.0,0.0
0.0121641358057887,14708736.0,0.1936807261266495,57.0,0.0,0.0057376681853586,57737216.0,0.1936807261266496,569.0,0.0,0.0008354694444444,9990144.0,0.1936807261266496,568.0,0.0,0.0059881573432497,10825728.0,0.1936807261266496,569.0,0.0,0.0062101569370773,44945408.0,0.1936807261266496,568.0,0.0,0.0010917240932362,55578624.0,0.1936807261266496,568.0,0.0,0.0094116803914766,63320064.0,0.1936807261266496,568.0,0.0,0.0008469492551986,8998912.0,0.0,21830.0,0.0440183468469658,0.0020864065093308,45809664.0,0.0,21829.0,0.0440183468469658,0.0022840698327349,100372480.0,0.1936807261266496,568.0,0.0,0.0026991140554324,7061504.0,0.1936807261266496,748.0,0.0
0.0131942031355645,14102528.0,0.193653448351745,57.0,0.0,0.0061281334562431,57712640.0,0.193653448351745,569.0,0.0,0.0011262458056666,9859072.0,0.193653448351745,568.0,0.0,0.0065537551051278,10842112.0,0.193653448351745,569.0,0.0,0.0075940024221415,44687360.0,0.193653448351745,568.0,0.0,0.0008921499999999,55492608.0,0.193653448351745,568.0,0.0,0.009201945266743,63619072.0,0.193653448351745,568.0,0.0,0.0009252443013032,8998912.0,0.0,21830.0,0.0440121473526693,0.0021605419569246,45809664.0,0.0,21829.0,0.0528145768232032,0.0023683973950221,99844096.0,0.193653448351745,568.0,0.0,0.0027565728814429,6799360.0,0.193653448351745,748.0,0.0
0.0148808267370273,14254080.0,0.1919834393415802,57.0,0.0,0.0058981036711229,57671680.0,0.1919834393415802,569.0,0.0,0.0012335085653974,9863168.0,0.1919834393415802,568.0,0.0,0.0067506926051085,10461184.0,0.1878743637137115,569.0,0.0,0.007708196294851,44683264.0,0.187951818275169,568.0,0.0,0.0011146015505905,55697408.0,0.1880550910237791,568.0,0.0,0.0100277217848883,63823872.0,0.1881293183118426,568.0,0.0,0.0009324456021786,8998912.0,0.0,21830.0,0.042780134331921,0.0022224044130191,45809664.0,0.0,21829.0,0.0427973709057302,0.0024315494679959,99979264.0,0.1883600683595182,568.0,0.0,0.0029986525433244,6799360.0,0.1884342956475817,748.0,0.0
0.0154452765531447,14356480.0,0.1906280327187023,57.0,0.0,0.0052974744475504,57704448.0,0.1906280327187023,569.0,0.0,0.0013367259583372,9678848.0,0.1906280327187023,568.0,0.0,0.006862326274716,11014144.0,0.1906280327187023,569.0,0.0,0.007961773848844,44683264.0,0.1906280327187023,568.0,0.0,0.0011813179097403,56508416.0,0.1906280327187023,568.0,0.0,0.0100751836761589,63852544.0,0.1906280327187023,568.0,0.0,0.0009344200918786,8998912.0,0.0,21830.0,0.051989463468737,0.0022110010042253,45797376.0,0.0,21829.0,0.051989463468737,0.0020976193449036,99962880.0,0.1906280327187023,568.0,0.0,0.002991510928761,7061504.0,0.1866384363180115,748.0,0.0
0.0132025501500141,14307328.0,0.1916877232726322,57.0,0.0,0.0056424497542916,58011648.0,0.1916877232726322,569.0,0.0,0.0012772137408663,9678848.0,0.1916877232726322,568.0,0.0,0.0065784826828901,10579968.0,0.1916877232726322,569.0,0.0,0.0075466507738368,44953600.0,0.1916877232726322,568.0,0.0,0.0011818116417722,56180736.0,0.1916877232726322,568.0,0.0,0.009444747976831,64245760.0,0.1916877232726322,568.0,0.0,0.0008197475416971,8998912.0,0.0,21830.0,0.0435653916528709,0.002246665573972,45797376.0,0.0,21829.0,0.0435653916528709,0.0017981520932282,99852288.0,0.1916877232726322,568.0,0.0,0.0029266722474687,7057408.0,0.1916877232726322,748.0,0.0
0.014548915391494,14491648.0,0.1916059188810214,57.0,0.0,0.005880884181962,57704448.0,0.1916059188810214,569.0,0.0,0.0013001834744949,9846784.0,0.1916059188810214,568.0,0.0,0.0057208367142077,10534912.0,0.1916059188810214,569.0,0.0,0.0073676695762422,44691456.0,0.1916059188810214,568.0,0.0,0.0022604435821685,56426496.0,0.1916059188810214,568.0,0.0,0.0096162049848761,64245760.0,0.1916059188810214,568.0,0.0,0.0007387011342046,8998912.0,0.0,21830.0,0.052256159694824,0.0022126748818678,45797376.0,0.0,21829.0,0.052256159694824,0.00195328369048,99848192.0,0.1916059188810214,568.0,0.0,0.0029458089563506,7061504.0,0.1916059188810214,748.0,0.0
0.014246320921543,14524416.0,0.1906131679042082,57.0,0.0,0.0054370569961838,57753600.0,0.1906131679042082,569.0,0.0,0.0012724584315109,9846784.0,0.1906131679042082,568.0,0.0,0.0065446432156768,10563584.0,0.1906131679042082,569.0,0.0,0.0076703448795322,44691456.0,0.1906131679042082,568.0,0.0,0.0024179727876806,56737792.0,0.1906131679042082,568.0,0.0,0.0093372725352856,65191936.0,0.1906131679042082,568.0,0.0,0.0008483827921458,9003008.0,0.0,21830.0,0.0433211745236836,0.0019739687416935,45797376.0,0.0,21829.0,0.0433211745236836,0.0017743178604632,100220928.0,0.1906131679042082,568.0,0.0,0.0029956297449873,7061504.0,0.1906131679042082,748.0,0.0
0.0141104169723905,14700544.0,0.1926478572304243,57.0,0.0,0.005822178746958,57708544.0,0.1926478572304243,569.0,0.0,0.0012294367154868,9867264.0,0.1926478572304243,568.0,0.0,0.0063885372491929,10616832.0,0.1926478572304243,569.0,0.0,0.0075759283118281,44687360.0,0.1926478572304243,568.0,0.0,0.0023767095249613,56885248.0,0.1926478572304243,568.0,0.0,0.0085349507658708,65662976.0,0.1926478572304243,568.0,0.0,0.0008462978804296,9035776.0,0.0,21830.0,0.0437836039160055,0.002161198143607,45797376.0,0.0,21829.0,0.0437836039160055,0.0020209517491169,99966976.0,0.1926478572304243,568.0,0.0,0.0030113902970861,6799360.0,0.1926478572304243,748.0,0.0
0.0141774441978854,14548992.0,0.1914308586544151,57.0,0.0,0.0056393710103718,57741312.0,0.1914308586544151,569.0,0.0,0.00123469740634,9871360.0,0.1914308586544151,568.0,0.0,0.0064156524613111,10891264.0,0.1914308586544151,569.0,0.0,0.0076580151418781,44687360.0,0.1914308586544151,568.0,0.0,0.0023613031220632,57196544.0,0.1914308586544151,568.0,0.0,0.0095482216816777,65744896.0,0.1914308586544151,568.0,0.0,0.0009081975095919,9138176.0,0.0,21830.0,0.0522084159966586,0.0021850881245114,45797376.0,0.0,21829.0,0.0522084159966586,0.0020151435940331,99962880.0,0.1914308586544151,568.0,0.0,0.003016348634372,6807552.0,0.1914308586544151,748.0,0.0
0.0127640938262183,14479360.0,0.1915325213515231,57.0,0.0,0.0059359752504419,57741312.0,0.1915325213515231,569.0,0.0,0.0010780097222222,9875456.0,0.1915325213515231,568.0,0.0,0.0058125620989452,10657792.0,0.1915325213515231,569.0,0.0,0.0075126946480297,44691456.0,0.1915325213515231,568.0,0.0,0.0013261737052128,57262080.0,0.1915325213515231,568.0,0.0,0.009761585320278,66011136.0,0.1915325213515231,568.0,0.0,0.0007996254341145,9138176.0,0.0,21830.0,0.0435301184889825,0.0020225550565634,45805568.0,0.0,21829.0,0.0435301184889825,0.0019922805958132,99962880.0,0.1915325213515231,568.0,0.0,0.0030687749350316,7061504.0,0.1915325213515231,748.0,0.0
0.0142103639435764,14671872.0,0.1939733328835401,57.0,0.0,0.0060499020388444,57737216.0,0.1939733328835401,569.0,0.0,0.0012310986367318,9875456.0,0.1939733328835401,568.0,0.0,0.0063178896625602,10670080.0,0.1939733328835401,569.0,0.0,0.0074535499278119,44687360.0,0.1939733328835401,568.0,0.0,0.0013635199327133,57151488.0,0.1939733328835401,568.0,0.0,0.0096237268069646,66064384.0,0.1939733328835401,568.0,0.0,0.0007444388109998,9138176.0,0.0,21830.0,0.0506017390130974,0.0022749433669371,45805568.0,0.0,21829.0,0.0506017390130974,0.0018797108151855,99962880.0,0.1939733328835401,568.0,0.0,0.0027362696168862,7061504.0,0.1937097171838129,748.0,0.0
0.0156298168628962,14577664.0,0.1926967915984199,57.0,0.0,0.0063600100171723,57704448.0,0.1926967915984199,569.0,0.0,0.0014412022971145,9891840.0,0.1926967915984199,568.0,0.0,0.0066972134300252,10665984.0,0.1926967915984199,569.0,0.0,0.0077154689948511,44687360.0,0.1930015943609969,568.0,0.0,0.0013440174717903,57868288.0,0.1930015943609969,568.0,0.0,0.0101242144951822,66293760.0,0.1930015943609969,568.0,0.0,0.0007925375273958,9142272.0,0.0,21830.0,0.0419568683393471,0.0023104764052969,45805568.0,0.0,21829.0,0.0419568683393471,0.0017514680555555,99971072.0,0.1930015943609969,568.0,0.0,0.0030476945357758,7061504.0,0.1930015943609969,748.0,0.0
0.0154079854635871,14249984.0,0.1932995352024812,57.0,0.0,0.0063270534690032,57749504.0,0.1932995352024812,569.0,0.0,0.0014762251829392,9895936.0,0.1932995352024812,568.0,0.0,0.0066136062193221,10665984.0,0.1932995352024812,569.0,0.0,0.0077091380722672,44699648.0,0.1932995352024812,568.0,0.0,0.0011479211270025,57425920.0,0.1932995352024812,568.0,0.0,0.0101465681098205,66310144.0,0.1932995352024812,568.0,0.0,0.0008475924445229,9150464.0,0.0,21830.0,0.0527180550552221,0.002262388932522,45805568.0,0.0,21829.0,0.0439317125460184,0.0017764930555555,99975168.0,0.1932995352024812,568.0,0.0,0.0030454757630161,7061504.0,0.1932995352024812,748.0,0.0
0.0158821805727333,14254080.0,0.1944579484686437,57.0,0.0,0.0058742830756982,57741312.0,0.1944579484686436,569.0,0.0,0.0014947805600305,9965568.0,0.1944579484686436,568.0,0.0,0.0070061766065649,11104256.0,0.1944579484686437,569.0,0.0,0.0077729466479466,44687360.0,0.1944579484686436,568.0,0.0,0.0013439578603576,57573376.0,0.1944579484686437,568.0,0.0,0.0109728053830227,66125824.0,0.1944579484686436,568.0,0.0,0.0009145826097024,9154560.0,0.0,21830.0,0.0441949882883281,0.0022961357823761,45809664.0,0.0,21829.0,0.0441949882883281,0.0020234623095073,99971072.0,0.1944579484686436,568.0,0.0,0.0030352200679959,6799360.0,0.1944579484686437,748.0,0.0
0.0151946479619848,14950400.0,0.1944716999478462,57.0,0.0,0.0060390820059718,57704448.0,0.1944716999478462,569.0,0.0,0.001285684708666,9977856.0,0.1944716999478462,568.0,0.0,0.0058450323911521,10588160.0,0.1944716999478462,569.0,0.0,0.0074960961505525,44683264.0,0.1944716999478462,568.0,0.0,0.0012612657175928,58081280.0,0.1944716999478462,568.0,0.0,0.0095599080609443,66371584.0,0.1944716999478462,568.0,0.0,0.000825931483358,9158656.0,0.0,21830.0,0.0441981136245105,0.0021148371897868,45813760.0,0.0,21829.0,0.0441981136245105,0.0019830158493935,100225024.0,0.1944716999478462,568.0,0.0,0.0030123682016575,7061504.0,0.1944716999478462,748.0,0.0
0.0150426795525515,14614528.0,0.1958305887379609,57.0,0.0,0.0058070391948646,57696256.0,0.1958305887379609,569.0,0.0,0.0013818480572201,9965568.0,0.1958305887379609,568.0,0.0,0.0066734156150326,10846208.0,0.1958305887379609,569.0,0.0,0.0075228537679187,44687360.0,0.1958305887379609,568.0,0.0,0.001287823671714,58519552.0,0.1958305887379609,568.0,0.0,0.0102814778658803,66535424.0,0.1958305887379609,568.0,0.0,0.0008851086619499,9162752.0,0.0,21830.0,0.0445069519859002,0.0022684438823225,45809664.0,0.0,21829.0,0.0445069519859002,0.0021583615009048,100007936.0,0.1958305887379609,568.0,0.0,0.0030813432765463,7061504.0,0.1958305887379609,748.0,0.0
0.0128560997390434,14327808.0,0.196823440816047,57.0,0.0,0.005628607600369,57729024.0,0.196823440816047,569.0,0.0,0.0013126952803815,9768960.0,0.196823440816047,568.0,0.0,0.0063887658368033,10629120.0,0.196823440816047,569.0,0.0,0.0073806109095551,44687360.0,0.196823440816047,568.0,0.0,0.0010679714587525,58261504.0,0.196823440816047,568.0,0.0,0.0098225481556087,66502656.0,0.196823440816047,568.0,0.0,0.0008056472455883,9162752.0,0.0,21830.0,0.0427877045252276,0.0022755040926332,46067712.0,0.0,21829.0,0.0427877045252276,0.0021592015998622,100003840.0,0.196823440816047,568.0,0.0,0.0030644602287038,6799360.0,0.196823440816047,748.0,0.0
0.0147180913008036,14630912.0,0.1968419701313705,57.0,0.0,0.0058024875668312,57741312.0,0.1968419701313705,569.0,0.0,0.0013432056891753,9818112.0,0.1968419701313705,568.0,0.0,0.0067661312905032,10608640.0,0.1968419701313705,569.0,0.0,0.007108135855126,44703744.0,0.1968419701313705,568.0,0.0,0.0010392977991865,58769408.0,0.1968419701313705,568.0,0.0,0.0097084723462243,67002368.0,0.1968419701313705,568.0,0.0,0.0008173780458568,9170944.0,0.0,21830.0,0.0513500791647053,0.0021732065358692,45809664.0,0.0,21829.0,0.0513500791647053,0.002198916149751,100003840.0,0.1968419701313705,568.0,0.0,0.0027415311252995,6799360.0,0.1968419701313705,748.0,0.0
0.0147974743980746,14626816.0,0.1969161222934735,57.0,0.0,0.0059715393507861,57704448.0,0.1969161222934735,569.0,0.0,0.0013288486758309,9809920.0,0.1969161222934735,568.0,0.0,0.0066018134118838,10665984.0,0.1969161222934735,569.0,0.0,0.0068571615787246,44687360.0,0.1969161222934735,568.0,0.0,0.0010585350575178,58511360.0,0.1969161222934735,568.0,0.0,0.0097721977043624,66613248.0,0.1969161222934735,568.0,0.0,0.000763260775608,9170944.0,0.0,21830.0,0.0428078526724942,0.0022651462775634,45809664.0,0.0,21829.0,0.0428078526724942,0.0023188303048549,100274176.0,0.1969161222934735,568.0,0.0,0.0030651737388769,6799360.0,0.1969161222934735,748.0,0.0
0.0143300748687467,14438400.0,0.1968840951891799,57.0,0.0,0.0052132197316612,57733120.0,0.1968840951891799,569.0,0.0,0.001283340870037,9908224.0,0.1968840951891799,568.0,0.0,0.0063256704631461,10416128.0,0.1968840951891799,569.0,0.0,0.0075272545167379,44687360.0,0.1968840951891799,568.0,0.0,0.0010878466490599,59252736.0,0.1968840951891799,568.0,0.0,0.0099387588432662,66940928.0,0.1968840951891799,568.0,0.0,0.000729299333708,9179136.0,0.0,21830.0,0.0513610683102208,0.0021955471754193,45797376.0,0.0,21829.0,0.0513610683102208,0.0027286108744521,100065280.0,0.1968840951891799,568.0,0.0,0.0030276555505925,7319552.0,0.1968840951891799,748.0,0.0
0.0129342492140767,14454784.0,0.1970190166181257,57.0,0.0,0.0052191916855093,57774080.0,0.1970190166181257,569.0,0.0,0.0013250902272314,9981952.0,0.1970190166181257,568.0,0.0,0.0061561768286972,10539008.0,0.1970190166181257,569.0,0.0,0.0072694883471738,44695552.0,0.1970190166181257,568.0,0.0,0.0011375924666067,59109376.0,0.1970190166181257,568.0,0.0,0.0099268838526912,67522560.0,0.1970190166181257,568.0,0.0,0.0007535859852641,9179136.0,0.0,21830.0,0.0428302210039403,0.0022374585032503,45797376.0,0.0,21829.0,0.0428302210039403,0.003014599466802,100089856.0,0.1970190166181257,568.0,0.0,0.0030216949551866,7319552.0,0.1970190166181257,748.0,0.0
0.0129438921942789,14630912.0,0.197169334167731,57.0,0.0,0.0056946976284797,57708544.0,0.197169334167731,569.0,0.0,0.0011190332947616,9986048.0,0.197169334167731,568.0,0.0,0.0060094483920307,10604544.0,0.197169334167731,569.0,0.0,0.0070704176370783,44695552.0,0.197169334167731,568.0,0.0,0.001276183300226,59154432.0,0.197169334167731,568.0,0.0,0.0097240046716105,67596288.0,0.197169334167731,568.0,0.0,0.000826437131549,9187328.0,0.0,21830.0,0.0514354784785385,0.0023042313285654,45797376.0,0.0,21829.0,0.0514354784785385,0.0030401887703115,100347904.0,0.197169334167731,568.0,0.0,0.0029833815028901,7061504.0,0.197169334167731,748.0,0.0
0.0148484338433844,14606336.0,0.19739269990302,57.0,0.0,0.0058323611862489,57708544.0,0.19739269990302,569.0,0.0,0.0014986485505931,9986048.0,0.19739269990302,568.0,0.0,0.0066680551341112,10833920.0,0.19739269990302,569.0,0.0,0.0074718398122988,44687360.0,0.1973926999030201,568.0,0.0,0.0011986935388997,58974208.0,0.1973926999030201,568.0,0.0,0.0100101493766277,67633152.0,0.19739269990302,568.0,0.0,0.0008337998978887,9187328.0,0.0,21830.0,0.0514937478007878,0.0023068748644545,45797376.0,0.0,21829.0,0.0514937478007878,0.0025260889223813,100093952.0,0.1973926999030201,568.0,0.0,0.0030061925065943,6799360.0,0.19739269990302,748.0,0.0
0.0154043961864406,14766080.0,0.1975326377790148,57.0,0.0,0.0059478773271592,57774080.0,0.1975326377790148,569.0,0.0,0.0013371530198765,9986048.0,0.1975326377790148,568.0,0.0,0.0070871409385598,10379264.0,0.1975326377790148,569.0,0.0,0.0078820564516129,44961792.0,0.1975326377790148,568.0,0.0,0.0011191916535133,59551744.0,0.1976386478079295,568.0,0.0,0.0105292546734645,68468736.0,0.1976386478079296,568.0,0.0,0.0009033439535079,9453568.0,0.0,21830.0,0.0429649234365064,0.0020456556742323,45797376.0,0.0,21829.0,0.0429649234365064,0.0024465369474288,100102144.0,0.1976386478079296,568.0,0.0,0.0029983007729055,6799360.0,0.1976386478079295,748.0,0.0
0.0150541739559068,14565376.0,0.1978381683782665,57.0,0.0,0.0060510477731879,57741312.0,0.1978381683782665,569.0,0.0,0.0015557662424152,9961472.0,0.1978381683782665,568.0,0.0,0.0070994721006071,11112448.0,0.1978381683782665,569.0,0.0,0.007971361060669,44687360.0,0.1978381683782665,568.0,0.0,0.001254476010987,59604992.0,0.1978381683782665,568.0,0.0,0.0103747461266176,68452352.0,0.1978381683782665,568.0,0.0,0.0009988206190311,9195520.0,0.0,21830.0,0.0516342231631125,0.0022125764949645,45797376.0,0.0,21829.0,0.0516342231631125,0.0019819508673339,100106240.0,0.1979311887919313,568.0,0.0,0.0029679389031341,6799360.0,0.1979311887919313,748.0,0.0
0.0136346066603552,14307328.0,0.1982142696254651,57.0,0.0,0.0062509263201761,57733120.0,0.1982142696254651,569.0,0.0,0.0015003228337853,9961472.0,0.1982142696254651,568.0,0.0,0.0061322161814825,10457088.0,0.1982142696254651,569.0,0.0,0.0078643377705064,44675072.0,0.1982142696254651,568.0,0.0,0.0012162676650017,59662336.0,0.1982142696254651,568.0,0.0,0.0109152781338119,68194304.0,0.1982142696254651,568.0,0.0,0.0008714890588213,9211904.0,0.0,21830.0,0.0450486976421511,0.0021627891352336,45805568.0,0.0,21829.0,0.0450486976421511,0.0021709324563441,100364288.0,0.1982912467346604,568.0,0.0,0.0030160463161473,6799360.0,0.1982912467346604,748.0,0.0
0.0149708484507478,14819328.0,0.1984305943898259,57.0,0.0,0.0059724352194606,57708544.0,0.1984305943898259,569.0,0.0,0.0013210629602654,9961472.0,0.1984305943898259,568.0,0.0,0.006895015297717,10448896.0,0.1984305943898259,569.0,0.0,0.0079765928443382,44699648.0,0.1984305943898259,568.0,0.0,0.0011893125749904,60080128.0,0.1984305943898259,568.0,0.0,0.010942154213252,68972544.0,0.1984305943898259,568.0,0.0,0.0008766321120519,9203712.0,0.0,21830.0,0.045097862361324,0.0022012343389383,45805568.0,0.0,21829.0,0.045097862361324,0.002095410543299,100106240.0,0.1984305943898259,568.0,0.0,0.0030401509225601,7061504.0,0.1984305943898259,748.0,0.0
0.0147943787969824,14667776.0,0.1986697762805563,57.0,0.0,0.0054036758375834,57708544.0,0.1986697762805563,569.0,0.0,0.0012590890674255,9998336.0,0.1986697762805563,568.0,0.0,0.0066083323751485,10493952.0,0.1986697762805562,569.0,0.0,0.007798204235941,44683264.0,0.1986097318768619,568.0,0.0,0.0010801892618597,60203008.0,0.1986097318768619,568.0,0.0,0.0091645063164999,69111808.0,0.1986097318768619,568.0,0.0,0.0008496138784174,9203712.0,0.0,21830.0,0.0451385754265595,0.0021683798525465,45805568.0,0.0,21829.0,0.0451385754265595,0.0020786011080332,99983360.0,0.1986097318768619,568.0,0.0,0.0030429762336249,7061504.0,0.1986097318768619,748.0,0.0
0.015140808281827,14295040.0,0.1988037202226601,57.0,0.0,0.0053027366086755,57712640.0,0.1988037202226601,569.0,0.0,0.0011412746427453,9867264.0,0.1988037202226601,568.0,0.0,0.0066147458359333,10661888.0,0.1988037202226601,569.0,0.0,0.0077322663522621,44695552.0,0.1988037202226601,568.0,0.0,0.001105046924719,60088320.0,0.1988037202226601,568.0,0.0,0.0095817170101424,69120000.0,0.1988037202226601,568.0,0.0,0.0009369588691469,9080832.0,0.0,21830.0,0.045170382683482,0.0021514854273699,45805568.0,0.0,21829.0,0.045170382683482,0.0019555780221593,100114432.0,0.1987496838073212,568.0,0.0,0.0031010593576593,6799360.0,0.1987496838073212,748.0,0.0
0.0154710726194887,14331904.0,0.1990135848403565,57.0,0.0,0.0057446330013025,57708544.0,0.1990135848403565,569.0,0.0,0.0012094277992728,9871360.0,0.1990135848403565,568.0,0.0,0.0058922124232776,10616832.0,0.1990135848403565,569.0,0.0,0.0076437073550624,44687360.0,0.1990135848403565,568.0,0.0,0.0011973722415795,60887040.0,0.1990135848403565,568.0,0.0,0.0104524648710302,68759552.0,0.1990135848403565,568.0,0.0,0.0007867304236304,9080832.0,0.0,21830.0,0.0519165873496582,0.00222096418011,45805568.0,0.0,21829.0,0.0519165873496582,0.0031886158894015,100192256.0,0.1989671794593519,568.0,0.0,0.0030933712010306,6799360.0,0.1989671794593519,748.0,0.0
0.0151055788184095,14622720.0,0.1991307509826669,57.0,0.0,0.0059458833483157,57737216.0,0.1991307509826669,569.0,0.0,0.0011619683733684,10002432.0,0.1991307509826669,568.0,0.0,0.0065653923732684,10792960.0,0.1991307509826669,569.0,0.0,0.0075105945989913,44687360.0,0.1991307509826669,568.0,0.0,0.0011703321888486,60727296.0,0.1991307509826669,568.0,0.0,0.0102141957464381,69459968.0,0.1991307509826669,568.0,0.0,0.0008627954729955,9080832.0,0.0,21830.0,0.0432892936918841,0.0022238508950534,45809664.0,0.0,21829.0,0.0432892936918841,0.0032048381306553,100188160.0,0.1991307509826669,568.0,0.0,0.0030649302776256,7061504.0,0.1991307509826669,748.0,0.0
0.015071558970068,14659584.0,0.1992083632867647,57.0,0.0,0.0056630579184264,57978880.0,0.1992083632867647,569.0,0.0,0.001247784267841,10133504.0,0.1992083632867647,568.0,0.0,0.0065044613688337,10678272.0,0.1992083632867647,569.0,0.0,0.0074303948549501,44695552.0,0.1992083632867647,568.0,0.0,0.0011822730594348,61177856.0,0.1992083632867647,568.0,0.0,0.0100508579425604,69664768.0,0.1991743318606503,568.0,0.0,0.0007778103071278,9084928.0,0.0,21830.0,0.0543202723256319,0.0021448065319168,45809664.0,0.0,21829.0,0.0543202723256319,0.0032128653859442,100773888.0,0.1991743318606503,568.0,0.0,0.0030635477409303,6799360.0,0.1991743318606503,748.0,0.0
0.0139578044658588,14696448.0,0.1992791294101337,57.0,0.0,0.0046826836991183,57708544.0,0.1992791294101337,569.0,0.0,0.0011751121245241,10149888.0,0.1992791294101337,568.0,0.0,0.0059382639142483,10678272.0,0.1992791294101337,569.0,0.0,0.0063912285993559,44687360.0,0.1992791294101337,568.0,0.0,0.0010524120721396,61370368.0,0.1992791294101337,568.0,0.0,0.0094630752457824,69386240.0,0.1992791294101337,568.0,0.0,0.0007081714124213,9084928.0,0.0,21830.0,0.0433215498717682,0.0017239341492849,45809664.0,0.0,21829.0,0.0433215498717682,0.0021123531840925,100253696.0,0.1992791294101337,568.0,0.0,0.0028459853527994,6799360.0,0.1992791294101337,748.0,0.0
0.014152501288858,14401536.0,0.199325758954493,57.0,0.0,0.0049636987394287,57970688.0,0.199325758954493,569.0,0.0,0.0011724246983621,9826304.0,0.199325758954493,568.0,0.0,0.0056480272346368,10772480.0,0.199325758954493,569.0,0.0,0.0064265349402998,44957696.0,0.199325758954493,568.0,0.0,0.0010760422954842,61304832.0,0.199325758954493,568.0,0.0,0.009813076495979,69873664.0,0.199325758954493,568.0,0.0,0.0007410107169253,9084928.0,0.0,21830.0,0.0433316867292376,0.0020241165400432,45809664.0,0.0,21829.0,0.0433316867292376,0.002126595381515,100130816.0,0.199325758954493,568.0,0.0,0.0028377480719794,7061504.0,0.199325758954493,748.0,0.0
0.0141887524507275,14524416.0,0.1994536703811299,57.0,0.0,0.0052147099400213,57741312.0,0.1994536703811299,569.0,0.0,0.0011193195893314,9826304.0,0.1994536703811299,568.0,0.0,0.0062844036697247,10678272.0,0.1994536703811299,569.0,0.0,0.0070491593305231,44953600.0,0.1994536703811299,568.0,0.0,0.001095609925386,61325312.0,0.1994536703811299,568.0,0.0,0.0096989618485793,69959680.0,0.1994536703811299,568.0,0.0,0.0007342933580583,9089024.0,0.0,21830.0,0.0520313922733382,0.0019868466253231,45809664.0,0.0,21829.0,0.0520313922733382,0.0020014919220274,100130816.0,0.1994536703811299,568.0,0.0,0.002874651474126,7061504.0,0.1994536703811299,748.0,0.0
0.0151261733354546,14557184.0,0.1995869418073899,57.0,0.0,0.0059211993193686,57704448.0,0.1995869418073899,569.0,0.0,0.0013078800627071,9957376.0,0.1995869418073899,568.0,0.0,0.0071291292475428,10772480.0,0.1995869418073899,569.0,0.0,0.0079406469441837,44695552.0,0.1995869418073899,568.0,0.0,0.0011988979872962,61734912.0,0.1995869418073899,568.0,0.0,0.010254371394381,70111232.0,0.1995869418073899,568.0,0.0,0.000722481942097,9084928.0,0.0,21830.0,0.0433884656103021,0.0022316165093609,45809664.0,0.0,21829.0,0.0433884656103021,0.0021450711280304,100253696.0,0.1995869418073899,568.0,0.0,0.0028689373504666,6799360.0,0.1995869418073899,748.0,0.0
0.0155507259473462,14450688.0,0.199703050247024,57.0,0.0,0.0058843603511463,57737216.0,0.199703050247024,569.0,0.0,0.0013236162722472,9961472.0,0.199703050247024,568.0,0.0,0.0071845738108572,10821632.0,0.199703050247024,569.0,0.0,0.0082268287069005,44687360.0,0.199703050247024,568.0,0.0,0.0012339164104555,61747200.0,0.199703050247024,568.0,0.0,0.0102519879699833,70934528.0,0.199703050247024,568.0,0.0,0.0008627616012407,9084928.0,0.0,21830.0,0.052096447890528,0.0022368966009711,45809664.0,0.0,21829.0,0.052096447890528,0.0020782437046521,100253696.0,0.199703050247024,568.0,0.0,0.0029002974554786,6799360.0,0.199703050247024,748.0,0.0
0.014764845743447,14643200.0,0.1997706979814474,57.0,0.0,0.0056631000120955,57737216.0,0.1997706979814474,569.0,0.0,0.0013158170461414,10027008.0,0.1997706979814474,568.0,0.0,0.0068255854431868,10612736.0,0.1997706979814474,569.0,0.0,0.0070474208117331,44679168.0,0.1997706979814474,568.0,0.0,0.0011723595997374,61890560.0,0.1997706979814474,568.0,0.0,0.0100704260278727,70377472.0,0.1997706979814474,568.0,0.0,0.000867876847489,9093120.0,0.0,21830.0,0.0434284126046624,0.0023303898260311,45801472.0,0.0,21829.0,0.0434284126046624,0.0020511529526616,100249600.0,0.1997706979814474,568.0,0.0,0.0031762588929698,7061504.0,0.1997706979814474,748.0,0.0
0.0142372241452972,14573568.0,0.1998661765600423,57.0,0.0,0.0055586990011937,57737216.0,0.1998661765600424,569.0,0.0,0.0012827804398009,10027008.0,0.1998661765600424,568.0,0.0,0.0062071509076081,10928128.0,0.1998661765600424,569.0,0.0,0.0075466695074473,44961792.0,0.1998661765600424,568.0,0.0,0.0011245970782023,62365696.0,0.1998661765600424,568.0,0.0,0.0103643951544825,71073792.0,0.1998661765600424,568.0,0.0,0.000799599979999,9093120.0,0.0,21830.0,0.0521390025808806,0.0024246489337212,46059520.0,0.0,21829.0,0.0521390025808806,0.0020665674594005,100130816.0,0.1998661765600424,568.0,0.0,0.0031682611836425,6799360.0,0.1998661765600424,748.0,0.0
0.0125381027411011,14569472.0,0.1999217697422747,57.0,0.0,0.0054434005720468,57778176.0,0.1999217697422748,569.0,0.0,0.0012660412902233,10047488.0,0.1999217697422747,568.0,0.0,0.0060010965458804,11001856.0,0.1999217697422747,569.0,0.0,0.0072697241275722,44687360.0,0.1999217697422747,568.0,0.0,0.0011393853138286,62509056.0,0.1999217697422748,568.0,0.0,0.010057741550017,70881280.0,0.1999217697422747,568.0,0.0,0.0008340050711474,9093120.0,0.0,21830.0,0.0434612542917988,0.0024040607931607,45801472.0,0.0,21829.0,0.0434612542917988,0.0018400493564636,100130816.0,0.1999217697422747,568.0,0.0,0.0031987003953404,7061504.0,0.1999217697422747,748.0,0.0
0.0149931053047472,14675968.0,0.1999582695785227,57.0,0.0,0.0063318673246439,57774080.0,0.1999582695785227,569.0,0.0,0.0015391492585777,10063872.0,0.1999582695785227,568.0,0.0,0.0068549700725776,11124736.0,0.1999582695785227,569.0,0.0,0.0078943112599294,44687360.0,0.1999582695785227,568.0,0.0,0.0012575458523414,62640128.0,0.1999582695785227,568.0,0.0,0.0105243361206995,71180288.0,0.1999582695785227,568.0,0.0,0.0008896219614753,9093120.0,0.0,21830.0,0.0434691890388092,0.0024346195819458,45801472.0,0.0,21829.0,0.0434691890388092,0.0020659998498724,100249600.0,0.1999582695785227,568.0,0.0,0.0032330389567513,6803456.0,0.1999582695785227,748.0,0.0
0.0154259120906487,14888960.0,0.1999843490509438,57.0,0.0,0.006358794293418,57753600.0,0.1999843490509438,569.0,0.0,0.0014773156171769,10072064.0,0.1999843490509438,568.0,0.0,0.0070157580211915,10608640.0,0.1999843490509438,569.0,0.0,0.0082527657483896,44695552.0,0.1999843490509438,568.0,0.0,0.0011921469223779,63401984.0,0.1999843490509438,568.0,0.0,0.0101531851983592,72011776.0,0.1999843490509438,568.0,0.0,0.0009172612749486,9039872.0,0.0,21830.0,0.0521698301872027,0.0024924005149587,45801472.0,0.0,21829.0,0.0521698301872027,0.0020643418982695,100257792.0,0.1999843490509438,568.0,0.0,0.0031800540211898,6799360.0,0.1999843490509438,748.0,0.0
0.0164776695245517,14585856.0,0.2,57.0,0.0,0.0061768753461753,57737216.0,0.2,569.0,0.0,0.0014606266192011,10113024.0,0.2,568.0,0.0,0.00679477978835,10620928.0,0.2,569.0,0.0,0.0086605290878415,44691456.0,0.2,568.0,0.0,0.0012095888941965,63164416.0,0.2,568.0,0.0,0.0107005263212532,72024064.0,0.2,568.0,0.0,0.0009162319441044,9039872.0,0.0,21830.0,0.0434782608695652,0.0024720204917639,45801472.0,0.0,21829.0,0.0434782608695652,0.0021654255156139,100130816.0,0.2,568.0,0.0,0.0031984021691764,7057408.0,0.2,748.0,0.0
0.0159188420057493,14708736.0,0.2000034783213621,57.0,0.0,0.0065758558626119,57749504.0,0.2000034783213621,569.0,0.0,0.0014371316591667,10125312.0,0.2000034783213621,568.0,0.0,0.0072848592437382,10788864.0,0.2000034783213621,569.0,0.0,0.008541209535103,44687360.0,0.2000034783213621,568.0,0.0,0.0011397163189991,63336448.0,0.2000034783213621,568.0,0.0,0.0109086880496459,71507968.0,0.2000034783213621,568.0,0.0,0.0007252938539481,9039872.0,0.0,21830.0,0.0521748204316596,0.0022679374862069,45801472.0,0.0,21829.0,0.0521748204316596,0.0022986636498621,100257792.0,0.2000034783213621,568.0,0.0,0.0032100714123781,7061504.0,0.2000034783213621,748.0,0.0
0.0155084229257014,14524416.0,0.2000121746541093,57.0,0.0,0.0062420931739207,57753600.0,0.2000121746541093,569.0,0.0,0.0012912525044252,10117120.0,0.2000121746541094,568.0,0.0,0.0067436533971687,10936320.0,0.2000121746541093,569.0,0.0,0.0078998763019666,44687360.0,0.2000121746541094,568.0,0.0,0.0010415805937555,63885312.0,0.2000121746541094,568.0,0.0,0.0108578344670056,71446528.0,0.2000121746541094,568.0,0.0,0.0008863826154731,9039872.0,0.0,21830.0,0.043480907533502,0.0024143109038166,45809664.0,0.0,21829.0,0.043480907533502,0.0022908618816734,100270080.0,0.2000121746541094,568.0,0.0,0.0032378404360483,7061504.0,0.2000121746541094,748.0,0.0
0.0153579090481951,14520320.0,0.2000139140114094,57.0,0.0,0.0061342705725003,57749504.0,0.2000139140114094,569.0,0.0,0.0013949083741535,10117120.0,0.2000139140114094,568.0,0.0,0.0067098543054802,10874880.0,0.2000139140114094,569.0,0.0,0.0078720257698936,44695552.0,0.2000139140114094,568.0,0.0,0.0011097921443052,63836160.0,0.2000139140114094,568.0,0.0,0.0106688578783876,72097792.0,0.2000139140114094,568.0,0.0,0.0008940129525229,9048064.0,0.0,21830.0,0.052177542785585,0.002354821568408,45809664.0,0.0,21829.0,0.052177542785585,0.0025585530942334,100294656.0,0.2000139140114094,568.0,0.0,0.0032191927041881,7061504.0,0.2000139140114094,748.0,0.0
0.0148792513443675,14581760.0,0.2000139140114094,57.0,0.0,0.0060439579470671,57810944.0,0.2000139140114094,569.0,0.0,0.0013174721189591,9854976.0,0.2000139140114094,568.0,0.0,0.0060783879324154,10948608.0,0.2000139140114094,569.0,0.0,0.007854214588215,44695552.0,0.2000139140114094,568.0,0.0,0.0010668606147503,63815680.0,0.2000139140114094,568.0,0.0,0.0101423474812923,71999488.0,0.2000139140114094,568.0,0.0,0.0009432204382983,9121792.0,0.0,21830.0,0.0434812856546542,0.002359883047288,45809664.0,0.0,21829.0,0.0434812856546542,0.0025602526189163,100294656.0,0.2000139140114094,568.0,0.0,0.0032059645852749,6799360.0,0.2000139140114094,748.0,0.0
0.0151607469326936,14794752.0,0.2000139140114094,57.0,0.0,0.0059334211267039,57769984.0,0.2000139140114094,569.0,0.0,0.0012660373691193,9859072.0,0.2000139140114094,568.0,0.0,0.0065662357782619,10686464.0,0.2000139140114094,569.0,0.0,0.0078015616274816,44687360.0,0.2000139140114094,568.0,0.0,0.0011385637702732,64512000.0,0.2000139140114094,568.0,0.0,0.0100679835424227,72794112.0,0.2000139140114094,568.0,0.0,0.000799465868404,9121792.0,0.0,21830.0,0.0434812856546542,0.0023748868318459,45809664.0,0.0,21829.0,0.0434812856546542,0.0023753268914266,100167680.0,0.2000139140114094,568.0,0.0,0.0031687769935742,7061504.0,0.2000139140114094,748.0,0.0
0.0149328442693474,14987264.0,0.2000139140114094,57.0,0.0,0.0057713157818907,57712640.0,0.2000139140114094,569.0,0.0,0.0012396180201997,9891840.0,0.2000139140114094,568.0,0.0,0.0070935976426466,10567680.0,0.2000139140114094,569.0,0.0,0.0079211141657942,44687360.0,0.2000139140114094,568.0,0.0,0.0016097834031883,64790528.0,0.2000139140114094,568.0,0.0,0.0096370831204479,72609792.0,0.2000139140114094,568.0,0.0,0.0008061048967419,9125888.0,0.0,21830.0,0.052177542785585,0.0023518505856036,45809664.0,0.0,21829.0,0.052177542785585,0.0022875520854403,100167680.0,0.2000139140114094,568.0,0.0,0.0032149321266968,7061504.0,0.2000139140114094,748.0,0.0
0.0156075496555446,14671872.0,0.2000156533989616,57.0,0.0,0.0057946051764335,57716736.0,0.2000156533989616,569.0,0.0,0.0013267761718609,10092544.0,0.2000156533989616,568.0,0.0,0.0073085042886196,10616832.0,0.2000156533989616,569.0,0.0,0.0082392326480765,44687360.0,0.2000156533989616,568.0,0.0,0.001646736775769,64479232.0,0.2000156533989616,568.0,0.0,0.0096463073242735,73068544.0,0.2000156533989616,568.0,0.0,0.0008246845726435,9125888.0,0.0,21830.0,0.0434816637823829,0.0024046172188996,45813760.0,0.0,21829.0,0.0434816637823829,0.0019906880955431,100290560.0,0.2000156533989616,568.0,0.0,0.0032922777037126,6799360.0,0.2000156533989616,748.0,0.0
0.0154899728498457,14422016.0,0.1987848197540253,57.0,0.0,0.0055353066750455,57741312.0,0.1987848197540253,569.0,0.0,0.0013371043586445,10092544.0,0.1987848197540253,568.0,0.0,0.0073911558454034,10641408.0,0.1987848197540253,569.0,0.0,0.0082317464855849,44699648.0,0.1987848197540253,568.0,0.0,0.001607133832248,64864256.0,0.1987848197540253,568.0,0.0,0.0100477853425675,72978432.0,0.1987848197540254,568.0,0.0,0.0008953016824068,9134080.0,0.0,21830.0,0.0518569095010501,0.0023892421441774,45813760.0,0.0,21829.0,0.0518569095010501,0.0017567569444444,100315136.0,0.1987848197540253,568.0,0.0,0.0032655247377098,6799360.0,0.1987848197540253,748.0,0.0
0.0163390497864231,14704640.0,0.2000156533989616,57.0,0.0,0.0058256146651406,57716736.0,0.2000156533989616,569.0,0.0,0.0012778987263451,10100736.0,0.2000156533989616,568.0,0.0,0.0075956340760552,10813440.0,0.2000156533989616,569.0,0.0,0.0085989705401126,44687360.0,0.2000156533989616,568.0,0.0,0.001241051006936,64954368.0,0.2000156533989616,568.0,0.0,0.0104357830063288,72560640.0,0.2000156533989616,568.0,0.0,0.0009644622045857,9134080.0,0.0,21830.0,0.0434816637823829,0.0024517349995279,45813760.0,0.0,21829.0,0.0434816637823829,0.0020912159606656,100192256.0,0.2000156533989616,568.0,0.0,0.0032619700292397,7319552.0,0.2000156533989616,748.0,0.0
0.0163557121024407,14639104.0,0.2000156533989616,57.0,0.0,0.0059387742797712,57745408.0,0.2000156533989616,569.0,0.0,0.0013095818700511,10104832.0,0.2000156533989616,568.0,0.0,0.007335381963312,10936320.0,0.2000156533989616,569.0,0.0,0.0083052761481278,44691456.0,0.2000156533989616,568.0,0.0,0.0011989990693434,65064960.0,0.2000156533989616,568.0,0.0,0.0104573229536392,72871936.0,0.2000156533989616,568.0,0.0,0.0009134471530405,9138176.0,0.0,21830.0,0.0521779965388595,0.0022351231855787,45813760.0,0.0,21829.0,0.0521779965388595,0.0020927703804466,100315136.0,0.2000156533989616,568.0,0.0,0.0032676631779771,6807552.0,0.2000156533989616,748.0,0.0
0.0162432930382959,14729216.0,0.198788255935558,57.0,0.0,0.0061133156311509,57749504.0,0.198788255935558,569.0,0.0,0.0012029215427723,10108928.0,0.198788255935558,568.0,0.0,0.0070555301311574,10678272.0,0.198788255935558,569.0,0.0,0.0080674892624407,44687360.0,0.198788255935558,568.0,0.0,0.0011997830525778,65327104.0,0.198788255935558,568.0,0.0,0.0105881687319136,73535488.0,0.198788255935558,568.0,0.0,0.0009151435774215,9658368.0,0.0,21830.0,0.0432148382468604,0.0024190366456834,45813760.0,0.0,21829.0,0.0432148382468604,0.0020020395788545,100315136.0,0.198788255935558,568.0,0.0,0.0032785743165489,6799360.0,0.198788255935558,748.0,0.0
0.0161361105382553,14376960.0,0.2000278299589508,57.0,0.0,0.0061654007742124,57737216.0,0.2000278299589508,569.0,0.0,0.0009779864340525,10108928.0,0.2000278299589507,568.0,0.0,0.0065584793040221,10895360.0,0.2000278299589508,569.0,0.0,0.0076490454798029,44687360.0,0.2000278299589508,568.0,0.0,0.0010950379702297,65114112.0,0.2000278299589508,568.0,0.0,0.0115652314077894,73977856.0,0.2000278299589508,568.0,0.0,0.0008394913196006,9134080.0,0.0,21830.0,0.0434843108606414,0.0021634926845503,45813760.0,0.0,21829.0,0.0434843108606414,0.0020078069286491,100196352.0,0.2000278299589507,568.0,0.0,0.0032473971765335,7061504.0,0.2000278299589507,748.0,0.0
0.0160316697286131,14528512.0,0.2000156533989616,57.0,0.0,0.0060560505299554,57774080.0,0.2000156533989616,569.0,0.0,0.0011391066545122,10108928.0,0.2000156533989616,568.0,0.0,0.0064244432192899,10940416.0,0.2000156533989616,569.0,0.0,0.0075618100281971,44683264.0,0.2000156533989616,568.0,0.0,0.0011187252516578,65138688.0,0.2000156533989616,568.0,0.0,0.010929369355686,74203136.0,0.2000156533989616,568.0,0.0,0.0008819729158901,9138176.0,0.0,21830.0,0.0521779965388595,0.0023581022572016,45813760.0,0.0,21829.0,0.0521779965388595,0.0020254373513569,100200448.0,0.2000156533989616,568.0,0.0,0.0032182376851798,7061504.0,0.2000156533989616,748.0,0.0
0.0163415213560378,14077952.0,0.1982707343775591,57.0,0.0,0.0060987654320987,57712640.0,0.1982707343775591,569.0,0.0,0.0012750650515926,10117120.0,0.1982707343775591,568.0,0.0,0.0066534351145037,10694656.0,0.1982707343775591,569.0,0.0,0.0077595828779785,44687360.0,0.1982707343775591,568.0,0.0,0.0011704773129051,65794048.0,0.1982707343775591,568.0,0.0,0.0110113638930666,73809920.0,0.1982707343775591,568.0,0.0,0.0008718248594525,9187328.0,0.0,21830.0,0.0431023335603389,0.0023225806451612,45801472.0,0.0,21829.0,0.0431023335603389,0.0021387231503579,100589568.0,0.1982707343775591,568.0,0.0,0.003165480672567,7061504.0,0.1982707343775591,748.0,0.0
0.0165809196802716,14450688.0,0.1982297223922018,57.0,0.0,0.0063944838501671,57712640.0,0.1982297223922018,569.0,0.0,0.0013679601699988,9723904.0,0.1982297223922018,568.0,0.0,0.0072431349704247,10694656.0,0.1982297223922018,569.0,0.0,0.0080606032260746,44687360.0,0.1982297223922018,568.0,0.0,0.0011052626052144,65466368.0,0.1982297223922018,568.0,0.0,0.011792682818483,73953280.0,0.1982297223922018,568.0,0.0,0.0008791226751217,9076736.0,0.0,21830.0,0.0517121014936178,0.0023165889234812,45801472.0,0.0,21829.0,0.0517121014936178,0.0021323951228403,100319232.0,0.1982297223922018,568.0,0.0,0.0031929970005775,6803456.0,0.1982297223922018,748.0,0.0
0.0160525667518348,14331904.0,0.1975605566053942,57.0,0.0,0.0058880142935133,57704448.0,0.1975605566053942,569.0,0.0,0.001354290400419,9723904.0,0.1975605566053942,568.0,0.0,0.0072909153291906,10702848.0,0.1975605566053942,569.0,0.0,0.0080226599814138,44687360.0,0.1975605566053942,568.0,0.0,0.0012841314624166,65552384.0,0.1975605566053942,568.0,0.0,0.0099012895593826,73949184.0,0.1975605566053942,568.0,0.0,0.0008039783314593,9080832.0,0.0,21830.0,0.0429479470881291,0.0023978006465611,45801472.0,0.0,21829.0,0.0429479470881291,0.0020923027909985,100319232.0,0.1975605566053942,568.0,0.0,0.0032472169343731,7061504.0,0.1975605566053942,748.0,0.0
0.0161070083267248,14262272.0,0.1947798987144526,57.0,0.0,0.0058606755582423,57716736.0,0.1947798987144526,569.0,0.0,0.0015922396756325,9883648.0,0.1947798987144526,568.0,0.0,0.0066528013293509,10829824.0,0.1947798987144526,569.0,0.0,0.0080106083102016,44699648.0,0.1947798987144526,568.0,0.0,0.0012474583016751,66387968.0,0.1947798987144526,568.0,0.0,0.0098802590010193,74194944.0,0.1947798987144526,568.0,0.0,0.0007435421344385,9101312.0,0.0,21830.0,0.0508121474907267,0.0024103249002143,45801472.0,0.0,21829.0,0.0508121474907267,0.002165461514555,100323328.0,0.1945490882722272,568.0,0.0,0.002966447588405,6799360.0,0.1945490882722272,748.0,0.0
0.014924244357839,14254080.0,0.1948871772710711,57.0,0.0,0.0052675571873265,57745408.0,0.1948871772710711,569.0,0.0,0.0012409863092251,9883648.0,0.1948871772710711,568.0,0.0,0.0064978466435726,10764288.0,0.1948871772710711,569.0,0.0,0.0069422752229643,44953600.0,0.1948871772710711,568.0,0.0,0.0012024913494809,66138112.0,0.1948871772710711,568.0,0.0,0.0102079447010172,75034624.0,0.1948871772710711,568.0,0.0,0.0007462277276894,9105408.0,0.0,21830.0,0.0423667776676241,0.002308157226501,45801472.0,0.0,21829.0,0.0423667776676241,0.0021641026191959,100196352.0,0.1948871772710711,568.0,0.0,0.0031234185759469,6799360.0,0.1948871772710711,748.0,0.0
0.0145729943319179,15065088.0,0.1959265097473438,57.0,0.0,0.0057389823088855,57745408.0,0.1959265097473438,569.0,0.0,0.0013064161688693,9981952.0,0.1959265097473438,568.0,0.0,0.006077398409177,10764288.0,0.1959265097473438,569.0,0.0,0.0073819860125021,44687360.0,0.1908699359676543,568.0,0.0,0.0010475796091939,66502656.0,0.190729521969002,568.0,0.0,0.010004594104892,75251712.0,0.1906201296677264,568.0,0.0,0.0006829455505146,9101312.0,0.0,21830.0,0.0432941841266602,0.0022247338793118,46067712.0,0.0,21829.0,0.0432700643858769,0.0021848214187622,100196352.0,0.1945278470841967,568.0,0.0,0.0029518755773324,7319552.0,0.1945278470841967,748.0,0.0
0.0137957307795578,14852096.0,0.1949507749293303,57.0,0.0,0.0052174269635971,57749504.0,0.1949507749293303,569.0,0.0,0.0010553059883874,9981952.0,0.1949507749293303,568.0,0.0,0.00552151408887,10842112.0,0.1949507749293303,569.0,0.0,0.0068804319099935,44695552.0,0.1949507749293303,568.0,0.0,0.0012583346227007,66813952.0,0.1949507749293303,568.0,0.0,0.0096540573341293,74641408.0,0.1949507749293303,568.0,0.0,0.0007553407051467,9232384.0,0.0,21830.0,0.0531683931625446,0.001926488797662,45809664.0,0.0,21829.0,0.0531683931625446,0.0019416166933794,100462592.0,0.1949507749293303,568.0,0.0,0.0029251659439797,7061504.0,0.1949507749293303,748.0,0.0
0.0135862864352814,14409728.0,0.195030274017535,57.0,0.0,0.0058585343588548,57761792.0,0.195030274017535,569.0,0.0,0.0011449206182516,9981952.0,0.1950302740175349,568.0,0.0,0.0059748942224884,11034624.0,0.195030274017535,569.0,0.0,0.0069422934580976,44687360.0,0.195030274017535,568.0,0.0,0.0012973990385946,66535424.0,0.195030274017535,568.0,0.0,0.0092548041838968,75010048.0,0.195030274017535,568.0,0.0,0.00073147401524,9236480.0,0.0,21830.0,0.0443250622767124,0.0021371069985497,45801472.0,0.0,21829.0,0.0443250622767125,0.0021797119099194,100319232.0,0.1950302740175349,568.0,0.0,0.0029873663751214,6799360.0,0.195030274017535,748.0,0.0
0.0134770265704803,14835712.0,0.1951479132478822,57.0,0.0,0.0055675155305931,57679872.0,0.1951479132478822,569.0,0.0,0.0010579261342047,9986048.0,0.1951479132478822,568.0,0.0,0.006276377360137,11100160.0,0.1951479132478822,569.0,0.0,0.0072037279459173,44687360.0,0.1951479132478822,568.0,0.0,0.0012935409737508,66969600.0,0.1951479132478822,568.0,0.0,0.0090077447149584,75145216.0,0.1951479132478822,568.0,0.0,0.0007844022014104,9244672.0,0.0,21830.0,0.0532221581585133,0.0018714088245305,45801472.0,0.0,21829.0,0.0532221581585133,0.0021178303519907,100319232.0,0.1951479132478822,568.0,0.0,0.0030034695487685,6799360.0,0.1951479132478822,748.0,0.0
0.0132136713403129,14442496.0,0.1952876247081299,57.0,0.0,0.0054536307463078,57741312.0,0.1952876247081299,569.0,0.0,0.000960423342072,10321920.0,0.1952876247081299,568.0,0.0,0.0062167493863217,10919936.0,0.1952876247081299,569.0,0.0,0.0072367584067746,44687360.0,0.1952876247081299,568.0,0.0,0.0012039409994191,66928640.0,0.1952876247081298,568.0,0.0,0.0086882551420374,74952704.0,0.1952876247081298,568.0,0.0,0.0007340024398358,9240576.0,0.0,21830.0,0.0424538314582891,0.0018933672581894,45809664.0,0.0,21829.0,0.0424538314582891,0.0020418202844688,100577280.0,0.1952876247081299,568.0,0.0,0.0026975991402334,6803456.0,0.1950804263394044,748.0,0.0
0.0131074107824998,14667776.0,0.1950043432785548,57.0,0.0,0.0052628251409838,57765888.0,0.1950043432785548,569.0,0.0,0.0010854295579974,9961472.0,0.1950043432785548,568.0,0.0,0.0060788923493332,10924032.0,0.1950043432785548,569.0,0.0,0.0066817154517933,44695552.0,0.1952180075880391,568.0,0.0,0.0010269216609871,66867200.0,0.1952180075880391,568.0,0.0,0.0089684619021352,75096064.0,0.1952180075880391,568.0,0.0,0.000787057626352,9302016.0,0.0,21830.0,0.0509264367620971,0.001980796147484,45809664.0,0.0,21829.0,0.0509264367620971,0.0019796765522407,100319232.0,0.1952180075880391,568.0,0.0,0.0028013768066967,6799360.0,0.1952180075880391,748.0,0.0
0.0131212701510813,14405632.0,0.1948661623766585,57.0,0.0,0.0052362448091583,57753600.0,0.1948661623766585,569.0,0.0,0.0014248481480011,9965568.0,0.1948661623766585,568.0,0.0,0.0062580852092729,10670080.0,0.1948661623766585,569.0,0.0,0.007289722681832,44695552.0,0.1948661623766585,568.0,0.0,0.0010514802810898,67547136.0,0.1948661623766585,568.0,0.0,0.0088982180293501,75370496.0,0.1948661623766585,568.0,0.0,0.0008133578734353,9302016.0,0.0,21830.0,0.0442877641765133,0.0019960008182468,45813760.0,0.0,21829.0,0.0442877641765133,0.0019364775117336,100327424.0,0.1948661623766585,568.0,0.0,0.0028438707782133,6799360.0,0.1948661623766585,748.0,0.0
0.0137029717034736,14585856.0,0.1949887881446816,57.0,0.0,0.0054871513811312,57790464.0,0.1949887881446816,569.0,0.0,0.0015693870974239,10047488.0,0.1949887881446816,568.0,0.0,0.006281323513445,10932224.0,0.1949887881446816,569.0,0.0,0.0073555983852563,44687360.0,0.1949887881446816,568.0,0.0,0.0010466045141326,67227648.0,0.1949887881446816,568.0,0.0,0.009209685275544,75612160.0,0.1949887881446816,568.0,0.0,0.0008593042093412,9187328.0,0.0,21830.0,0.0443156336692458,0.0019798135309586,45813760.0,0.0,21829.0,0.0443156336692458,0.0021565051307018,100605952.0,0.1949887881446816,568.0,0.0,0.0029041656969978,6807552.0,0.1949887881446816,748.0,0.0
0.0139318993319511,14540800.0,0.1943222569646863,57.0,0.0,0.004928792744276,57749504.0,0.1943222569646863,569.0,0.0,0.0014028718357295,10113024.0,0.1943222569646863,568.0,0.0,0.0059780476566613,10670080.0,0.1943222569646863,569.0,0.0,0.0073563946496277,44687360.0,0.1943222569646863,568.0,0.0,0.000968242105368,67903488.0,0.1943222569646863,568.0,0.0,0.0074142152777778,75911168.0,0.1943222569646863,568.0,0.0,0.000739431813955,9187328.0,0.0,21830.0,0.0529969791721871,0.0019651642458192,45813760.0,0.0,21829.0,0.0529969791721871,0.0022504931590662,100220928.0,0.1943222569646863,568.0,0.0,0.003048841373499,7061504.0,0.1943222569646863,748.0,0.0
0.0136365933412603,14716928.0,0.1936988908633075,57.0,0.0,0.0055001059286598,58195968.0,0.1896392112877531,569.0,0.0,0.0011288077124464,10117120.0,0.1897887610130368,568.0,0.0,0.0054259461821823,10670080.0,0.1899009233069995,569.0,0.0,0.0072096221954067,44687360.0,0.1900130856009623,568.0,0.0,0.0010239321361023,67858432.0,0.1950648590656393,568.0,0.0,0.0098453120405762,76292096.0,0.1950648590656393,568.0,0.0,0.000674180864201,9187328.0,0.0,21830.0,0.044332922514918,0.0021884401203354,45813760.0,0.0,21829.0,0.044332922514918,0.0020939169687709,100220928.0,0.1950648590656393,568.0,0.0,0.0030537234395907,7061504.0,0.1950648590656393,748.0,0.0
0.0131756074486672,14475264.0,0.1949995336967672,57.0,0.0,0.0051826284847335,57704448.0,0.1949995336967672,569.0,0.0,0.0011144096803741,10199040.0,0.1949995336967672,568.0,0.0,0.00591991673422,10969088.0,0.1949995336967672,569.0,0.0,0.0073266042857967,44695552.0,0.1949995336967672,568.0,0.0,0.0009377678425333,68009984.0,0.1949995336967672,568.0,0.0,0.0094571755095129,76812288.0,0.1949995336967672,568.0,0.0,0.0008411944631655,9187328.0,0.0,21830.0,0.0508694435730697,0.0021706241115238,45813760.0,0.0,21829.0,0.0508694435730697,0.001891237335746,100216832.0,0.1949995336967672,568.0,0.0,0.0029808417334709,6799360.0,0.1949995336967672,748.0,0.0
0.0131288096083626,14462976.0,0.1938650522995038,57.0,0.0,0.0054497699044979,58564608.0,0.1938650522995038,569.0,0.0,0.0012038189035726,10231808.0,0.1938650522995038,568.0,0.0,0.0059722349384122,11390976.0,0.1938650522995038,569.0,0.0,0.0064804502587008,44687360.0,0.1938650522995038,568.0,0.0,0.0011862023355784,68530176.0,0.1938650522995038,568.0,0.0,0.0092379455924832,77250560.0,0.1941239523636701,568.0,0.0,0.0008361630957373,9191424.0,0.0,21830.0,0.0422008592094935,0.0021934275726961,45813760.0,0.0,21829.0,0.0422008592094935,0.0018977257393163,100216832.0,0.1941239523636701,568.0,0.0,0.0029407660878447,7061504.0,0.1941239523636701,748.0,0.0
0.0127629921588255,14462976.0,0.1945697355620412,57.0,0.0,0.0052958636871279,57737216.0,0.1945697355620412,569.0,0.0,0.0012004744388847,10231808.0,0.1945697355620412,568.0,0.0,0.0058177540476693,10817536.0,0.1945697355620412,569.0,0.0,0.0072562181918634,45211648.0,0.1945697355620412,568.0,0.0,0.0012877879485395,68268032.0,0.1945697355620412,568.0,0.0,0.0090346946054392,76824576.0,0.1945697355620412,568.0,0.0,0.000759459993043,9187328.0,0.0,21830.0,0.0442203944459184,0.0021638021331438,45813760.0,0.0,21829.0,0.0442203944459184,0.0017727312640828,100347904.0,0.1945697355620412,568.0,0.0,0.0029476618521507,7061504.0,0.1945697355620412,748.0,0.0
0.0138739931344581,14512128.0,0.1938462622916152,57.0,0.0,0.0054578844693046,57712640.0,0.1938462622916152,569.0,0.0,0.0012551366369721,10100736.0,0.1938462622916152,568.0,0.0,0.0056387723595596,10813440.0,0.1938462622916152,569.0,0.0,0.0073712999355523,44687360.0,0.1938462622916152,568.0,0.0,0.0012828471436802,68591616.0,0.1938462622916152,568.0,0.0,0.0090411460994907,77185024.0,0.1938462622916152,568.0,0.0,0.0006080666666666,9187328.0,0.0,21830.0,0.0440559687026398,0.0019368266393409,45813760.0,0.0,21829.0,0.0440559687026398,0.0022289507486248,100356096.0,0.1938462622916152,568.0,0.0,0.0029500040905744,6799360.0,0.1938462622916152,748.0,0.0
0.0144433444110565,14372864.0,0.1926579795432254,57.0,0.0,0.0056044269939641,57765888.0,0.1926579795432254,569.0,0.0,0.0011442077410383,10100736.0,0.1926579795432254,568.0,0.0,0.0066195538468416,10743808.0,0.1926579795432254,569.0,0.0,0.0076201125651326,44687360.0,0.1926579795432254,568.0,0.0,0.0013106151602247,68501504.0,0.1926579795432254,568.0,0.0,0.0093537921548166,77246464.0,0.1926579795432254,568.0,0.0,0.0007710652619839,9187328.0,0.0,21830.0,0.0437859044416421,0.0021510910400405,45801472.0,0.0,21829.0,0.0437859044416421,0.0020142543598867,100352000.0,0.1926579795432254,568.0,0.0,0.0030004079845563,6799360.0,0.1926579795432254,748.0,0.0
0.0151542751515024,14565376.0,0.1935293870167024,57.0,0.0,0.0058773783947822,57737216.0,0.1935293870167024,569.0,0.0,0.0011847489344006,9916416.0,0.1935293870167024,568.0,0.0,0.0066524736179688,10735616.0,0.1935293870167024,569.0,0.0,0.0075485807970067,44957696.0,0.1935293870167024,568.0,0.0,0.0011952194510384,68583424.0,0.193243504383114,568.0,0.0,0.0098366523388116,77078528.0,0.193243504383114,568.0,0.0,0.0007577206013006,9187328.0,0.0,21830.0,0.0439189782688895,0.0021936977670896,45801472.0,0.0,21829.0,0.0439189782688895,0.0021664821648216,100356096.0,0.193243504383114,568.0,0.0,0.0029992196525933,6799360.0,0.193243504383114,748.0,0.0
0.0148976851722888,14204928.0,0.1933422999327505,57.0,0.0,0.0055915554760342,57782272.0,0.1933422999327505,569.0,0.0,0.0013189108239651,10031104.0,0.1933422999327505,568.0,0.0,0.006714280236582,10588160.0,0.1933422999327505,569.0,0.0,0.0076587855991402,44687360.0,0.1933422999327505,568.0,0.0,0.0011039675418405,69349376.0,0.1933422999327505,568.0,0.0,0.0099688589195182,77434880.0,0.1933422999327505,568.0,0.0,0.0008075878458665,9187328.0,0.0,21830.0,0.0420309347679892,0.002227240899717,46059520.0,0.0,21829.0,0.0420309347679892,0.0026062800229609,100528128.0,0.1933422999327505,568.0,0.0,0.0026082458633382,7061504.0,0.1933422999327505,748.0,0.0
0.0139336083988963,14499840.0,0.1943394226352426,57.0,0.0,0.0059733262564134,57712640.0,0.1943394226352426,569.0,0.0,0.0010897920888136,10031104.0,0.1943394226352426,568.0,0.0,0.0060835225993902,10579968.0,0.1943394226352425,569.0,0.0,0.0073022949316678,44953600.0,0.1943394226352425,568.0,0.0,0.0011053770922726,69165056.0,0.1943394226352426,568.0,0.0,0.0087825680760074,77799424.0,0.1943394226352426,568.0,0.0,0.000807221871955,9187328.0,0.0,21830.0,0.0516063116947361,0.00170123,45801472.0,0.0,21829.0,0.0515749523788108,0.0024333209813772,100270080.0,0.1890449984099502,568.0,0.0,0.0030113021559144,7061504.0,0.1889235362708031,748.0,0.0
0.0137027078719548,14880768.0,0.1930332543651838,57.0,0.0,0.0059109080317483,57765888.0,0.1930332543651838,569.0,0.0,0.0011268500694634,10039296.0,0.1930332543651838,568.0,0.0,0.0062478155540831,10797056.0,0.1930332543651838,569.0,0.0,0.0071124287637631,44691456.0,0.1930332543651838,568.0,0.0,0.0011662151104645,69120000.0,0.1930332543651838,568.0,0.0,0.0103066764490094,77676544.0,0.1930332543651838,568.0,0.0,0.000825295432769,9191424.0,0.0,21830.0,0.0438711941739054,0.0020501991953102,45801472.0,0.0,21829.0,0.0438711941739054,0.0026322704650125,100392960.0,0.1930332543651838,568.0,0.0,0.0030100643024162,6799360.0,0.1930332543651838,748.0,0.0
0.0141012414342931,14635008.0,0.1933454027736277,57.0,0.0,0.0051281208257328,57679872.0,0.1933454027736277,569.0,0.0,0.0013439115356932,10031104.0,0.1933454027736277,568.0,0.0,0.0062717403124659,10604544.0,0.1933454027736277,569.0,0.0,0.0072873129725252,44695552.0,0.1933454027736277,568.0,0.0,0.0012829073055173,69820416.0,0.1933454027736277,568.0,0.0,0.0103930965369233,78331904.0,0.1933454027736277,568.0,0.0,0.0007722078763865,9191424.0,0.0,21830.0,0.0527305643928075,0.0020062702048071,45801472.0,0.0,21829.0,0.0527305643928075,0.0020617489724503,100388864.0,0.1933454027736277,568.0,0.0,0.0030584070472653,6799360.0,0.1933454027736277,748.0,0.0
0.0139235883048652,14360576.0,0.1934593163851247,57.0,0.0,0.0056383200152035,57704448.0,0.1934593163851247,569.0,0.0,0.001265613933768,10031104.0,0.1934593163851247,568.0,0.0,0.0058856708320585,10801152.0,0.1934593163851247,569.0,0.0,0.0067776204965631,44691456.0,0.1934593163851247,568.0,0.0,0.0013148987206823,69455872.0,0.1934593163851247,568.0,0.0,0.0100324203465624,78331904.0,0.1934593163851247,568.0,0.0,0.0007431740121382,9191424.0,0.0,21830.0,0.0439680264511647,0.0020658224076281,45809664.0,0.0,21829.0,0.0439680264511647,0.002045151764129,100655104.0,0.1934593163851247,568.0,0.0,0.0030583019093467,7061504.0,0.1934593163851247,748.0,0.0
0.0134752207299483,15020032.0,0.195619817137997,57.0,0.0,0.0059383656188914,57757696.0,0.195619817137997,569.0,0.0,0.0013562732269039,10326016.0,0.195619817137997,568.0,0.0,0.006628840217551,10649600.0,0.195619817137997,569.0,0.0,0.007079966849438,44687360.0,0.195619817137997,568.0,0.0,0.0013445726348863,69828608.0,0.195619817137997,568.0,0.0,0.0093776312930142,78098432.0,0.195619817137997,568.0,0.0,0.0009411292019821,9195520.0,0.0,21830.0,0.0425260472039124,0.0019147692224244,45809664.0,0.0,21829.0,0.0425260472039124,0.0020402618784064,100274176.0,0.195619817137997,568.0,0.0,0.0030691354663036,6799360.0,0.195619817137997,748.0,0.0
0.0141608603931311,14700544.0,0.1933742935245981,57.0,0.0,0.0058523587252193,57753600.0,0.1933742935245981,569.0,0.0,0.0012565323132048,9998336.0,0.1933742935245981,568.0,0.0,0.0063596700081707,10768384.0,0.1933742935245981,569.0,0.0,0.0075918627411001,44691456.0,0.1933742935245981,568.0,0.0,0.001291168052861,70295552.0,0.1933742935245981,568.0,0.0,0.0092512538833864,78012416.0,0.1936548565270106,568.0,0.0,0.0008408271814388,9195520.0,0.0,21830.0,0.0505186582244375,0.0021201185767123,45809664.0,0.0,21829.0,0.0505186582244375,0.0021161860682276,100532224.0,0.1936548565270106,568.0,0.0,0.0027905012342736,7061504.0,0.1936548565270106,748.0,0.0
0.0133984454976302,14581760.0,0.1933318101130112,57.0,0.0,0.0058536893861117,57765888.0,0.1933318101130112,569.0,0.0,0.0011751441346608,10096640.0,0.1933318101130112,568.0,0.0,0.0061694928803397,10768384.0,0.1933318101130112,569.0,0.0,0.007381940365374,44695552.0,0.1933318101130112,568.0,0.0,0.0012100835559597,69947392.0,0.1933318101130112,568.0,0.0,0.0088401267643809,78770176.0,0.1933318101130112,568.0,0.0,0.0008501536384788,9834496.0,0.0,21830.0,0.0439390477529571,0.0021272624077694,45813760.0,0.0,21829.0,0.0439390477529571,0.0020361087010079,100540416.0,0.1933318101130112,568.0,0.0,0.0029859775859623,6799360.0,0.1933318101130112,748.0,0.0
0.0133144864987943,14430208.0,0.1931688471331986,57.0,0.0,0.005950914602671,57761792.0,0.1931688471331986,569.0,0.0,0.0011811044843595,10100736.0,0.1931688471331986,568.0,0.0,0.0063869613904337,10887168.0,0.1931688471331986,569.0,0.0,0.007362870350914,44687360.0,0.1931688471331986,568.0,0.0,0.0012437851001441,70668288.0,0.1931688471331986,568.0,0.0,0.0086474809989141,78798848.0,0.1931688471331986,568.0,0.0,0.0007425283972849,9396224.0,0.0,21830.0,0.0526824128545087,0.0021338636339435,45809664.0,0.0,21829.0,0.0526824128545087,0.0032005044399048,100331520.0,0.1931688471331986,568.0,0.0,0.0029657592450038,7061504.0,0.1931688471331986,748.0,0.0
0.0138773334886565,14917632.0,0.1952189113883614,57.0,0.0,0.0060755408958804,58015744.0,0.1952189113883614,569.0,0.0,0.0011085069419949,9908224.0,0.1952189113883614,568.0,0.0,0.0065662511783806,11231232.0,0.1952189113883614,569.0,0.0,0.0076148370311483,44691456.0,0.1952189113883614,568.0,0.0,0.0011669241795268,70594560.0,0.1952189113883614,568.0,0.0,0.0092991229760987,79208448.0,0.1952189113883614,568.0,0.0,0.0007953380243684,9203712.0,0.0,21830.0,0.0443679344064457,0.001855176543525,45809664.0,0.0,21829.0,0.0443679344064457,0.0034827181132245,100343808.0,0.1952189113883614,568.0,0.0,0.0025888168796681,6799360.0,0.1952189113883614,748.0,0.0
0.0148604445214512,14573568.0,0.1935147323607114,57.0,0.0,0.006126787994598,57749504.0,0.1935147323607114,569.0,0.0,0.0012194825727321,9908224.0,0.1935147323607114,568.0,0.0,0.0066118855313353,10604544.0,0.1935147323607114,569.0,0.0,0.0075755788664434,44687360.0,0.1935147323607114,568.0,0.0,0.0012001020876933,71434240.0,0.1932316232334677,568.0,0.0,0.0104617471179335,79122432.0,0.1932316232334677,568.0,0.0,0.0008038118410381,9203712.0,0.0,21830.0,0.0526995336091275,0.0020532363650834,45809664.0,0.0,21829.0,0.0526995336091275,0.0031990464996752,100474880.0,0.1932316232334677,568.0,0.0,0.0027026413515467,6799360.0,0.1932316232334677,748.0,0.0
0.0131030083333332,14503936.0,0.1943806326206043,57.0,0.0,0.0061475419223684,57753600.0,0.1946183787442884,569.0,0.0,0.0012925452384603,9932800.0,0.1946183787442883,568.0,0.0,0.0068539034661483,10862592.0,0.1946183787442883,569.0,0.0,0.0076892066760491,44687360.0,0.1946183787442883,568.0,0.0,0.001030207429896,70844416.0,0.1946183787442883,568.0,0.0,0.0109077689430573,79351808.0,0.1946183787442884,568.0,0.0,0.0009016329578287,9203712.0,0.0,21830.0,0.0507700118463361,0.0020588115229391,45809664.0,0.0,21829.0,0.050770011846336,0.0021396749076812,100745216.0,0.1946183787442884,568.0,0.0,0.0030142208121351,6799360.0,0.1946183787442883,748.0,0.0
0.0156616299464438,14458880.0,0.1933963922782095,57.0,0.0,0.0061410538471493,58028032.0,0.1933963922782095,569.0,0.0,0.0010374093028583,9965568.0,0.1933963922782095,568.0,0.0,0.0065980574159734,10588160.0,0.1933963922782095,569.0,0.0,0.0075816109931851,44687360.0,0.1933963922782095,568.0,0.0,0.0009452165427807,71561216.0,0.1933963922782095,568.0,0.0,0.0111735153229064,79949824.0,0.1933963922782095,568.0,0.0,0.000833693933594,9207808.0,0.0,21830.0,0.0439537255177748,0.0017719339781413,45809664.0,0.0,21829.0,0.0439537255177748,0.0020323991872746,100356096.0,0.1933963922782095,568.0,0.0,0.0030049808464656,6799360.0,0.1933963922782095,748.0,0.0
0.0150898439309035,14405632.0,0.1931247585940517,57.0,0.0,0.0063120312499999,57749504.0,0.1931247585940517,569.0,0.0,0.0011623390378504,10067968.0,0.1931247585940517,568.0,0.0,0.0066887099663817,10702848.0,0.1931247585940517,569.0,0.0,0.0075441809009647,44687360.0,0.1931247585940517,568.0,0.0,0.0010967861932591,71548928.0,0.1931247585940517,568.0,0.0,0.0104843128721488,80027648.0,0.1931247585940517,568.0,0.0,0.0007700854666524,9211904.0,0.0,21830.0,0.0526703887074686,0.0018888812918092,45813760.0,0.0,21829.0,0.0526703887074686,0.002024211954521,100474880.0,0.1931247585940517,568.0,0.0,0.0030962648996816,7057408.0,0.1931247585940517,748.0,0.0
0.0147059968677948,14405632.0,0.1938257682548633,57.0,0.0,0.0062015064956187,57790464.0,0.1938257682548632,569.0,0.0,0.0011668023717065,10067968.0,0.1938257682548632,568.0,0.0,0.0063873291767861,10874880.0,0.1938257682548633,569.0,0.0,0.0076450306152926,44752896.0,0.1938257682548632,568.0,0.0,0.0020416951469582,71577600.0,0.1938257682548632,568.0,0.0,0.0100908275697591,80027648.0,0.1938257682548633,568.0,0.0,0.0007290159630602,9203712.0,0.0,21830.0,0.0440513109670143,0.0021205849889624,45813760.0,0.0,21829.0,0.0440513109670143,0.0025229043124319,100503552.0,0.1938257682548632,568.0,0.0,0.0030967234626518,7061504.0,0.1938257682548632,748.0,0.0
0.0144853393282607,14540800.0,0.1909689067898126,57.0,0.0,0.0059144719662774,57716736.0,0.1909689067898126,569.0,0.0,0.0013195513199952,10067968.0,0.1909689067898126,568.0,0.0,0.0065087653898079,10940416.0,0.1909689067898126,569.0,0.0,0.006749234567662,45006848.0,0.1909689067898126,568.0,0.0,0.0021833030106797,72241152.0,0.1909689067898126,568.0,0.0,0.0097870880062127,79597568.0,0.1909689067898126,568.0,0.0,0.0008064069517452,9203712.0,0.0,21830.0,0.0520824291244943,0.0021936321834504,45813760.0,0.0,21829.0,0.0520824291244943,0.0023364137048564,100515840.0,0.1909689067898126,568.0,0.0,0.0028965343387623,7061504.0,0.1909689067898126,748.0,0.0
0.0135212163255867,15081472.0,0.1885510788199031,57.0,0.0,0.0056173336602293,57745408.0,0.1884655071187435,569.0,0.0,0.0012537139528109,10067968.0,0.1883476442095993,568.0,0.0,0.0060392604802251,10989568.0,0.1881603552032878,569.0,0.0,0.007265153513667,44736512.0,0.1880586378981359,568.0,0.0,0.002207407253757,72081408.0,0.1879246293849992,568.0,0.0,0.0093079419378697,80273408.0,0.1878293703214442,568.0,0.0,0.0007727168415351,9281536.0,0.0,21830.0,0.0426617062300681,0.0021260849266812,45813760.0,0.0,21829.0,0.0426371208785343,0.002309544485345,100499456.0,0.1917433640122715,568.0,0.0,0.0025588280836393,6799360.0,0.191384229939453,748.0,0.0
0.013261067924842,14516224.0,0.1920189924239779,57.0,0.0,0.0057151630497034,57999360.0,0.1920189924239779,569.0,0.0,0.0012505289436177,10072064.0,0.1920189924239779,568.0,0.0,0.0060009080762027,11014144.0,0.1920189924239779,569.0,0.0,0.0070879725283134,44736512.0,0.1920189924239779,568.0,0.0,0.0020009845898144,72028160.0,0.1920189924239779,568.0,0.0,0.0093702199569353,80154624.0,0.1920189924239779,568.0,0.0,0.0007330685222403,9281536.0,0.0,21830.0,0.0436406800963586,0.0020367689942208,45813760.0,0.0,21829.0,0.0436406800963586,0.0025630348982135,100388864.0,0.1920189924239779,568.0,0.0,0.0027908928996835,6799360.0,0.1920189924239779,748.0,0.0
0.0138255945138812,14467072.0,0.1917846432805635,57.0,0.0,0.005894338431001,58003456.0,0.1917846432805635,569.0,0.0,0.0011293331045264,10072064.0,0.1917846432805635,568.0,0.0,0.0056970471811677,10690560.0,0.1917846432805635,569.0,0.0,0.007501132365052,44994560.0,0.1917846432805635,568.0,0.0,0.0010321148399096,72343552.0,0.1917846432805635,568.0,0.0,0.0084732872196472,80457728.0,0.1917846432805635,568.0,0.0,0.0007399435317199,9166848.0,0.0,21830.0,0.0435874189274007,0.0020845385067607,45801472.0,0.0,21829.0,0.0523049027128809,0.0021700283050612,100524032.0,0.1917846432805635,568.0,0.0,0.0028858735258193,6799360.0,0.1917846432805635,748.0,0.0
0.0137737717167943,14970880.0,0.1937200997237382,57.0,0.0,0.0052729878308828,57741312.0,0.1937200997237382,569.0,0.0,0.0012118736990781,10080256.0,0.1937200997237382,568.0,0.0,0.0062930260070983,10784768.0,0.1937200997237382,569.0,0.0,0.0069904802372333,44736512.0,0.1937200997237382,568.0,0.0,0.0010731104995534,72458240.0,0.1937200997237382,568.0,0.0,0.0092305748213028,80388096.0,0.1937200997237382,568.0,0.0,0.0007986581213699,9166848.0,0.0,21830.0,0.0439641604164285,0.002071746092443,45801472.0,0.0,21829.0,0.0439641604164285,0.0021939023915244,100790272.0,0.1934423058322855,568.0,0.0,0.0029447195125552,7061504.0,0.1934423058322855,748.0,0.0
0.0141729120499873,14323712.0,0.1937318926725314,57.0,0.0,0.0057742097289329,57733120.0,0.1937318926725314,569.0,0.0,0.0012258479581505,10100736.0,0.1937318926725314,568.0,0.0,0.0063665462811886,10854400.0,0.1937318926725314,569.0,0.0,0.0074837328927853,44736512.0,0.1939946018893387,568.0,0.0,0.0010725829394759,72364032.0,0.1939946018893387,568.0,0.0,0.0092591762614943,80719872.0,0.1939946018893387,568.0,0.0,0.0008157600134734,9166848.0,0.0,21830.0,0.0506072874493927,0.0021178183447194,45801472.0,0.0,21829.0,0.0506072874493927,0.0022071586045908,100425728.0,0.1939946018893387,568.0,0.0,0.0029553797496079,7061504.0,0.1939946018893387,748.0,0.0
0.0127781969833647,14757888.0,0.1930281733392996,57.0,0.0,0.0058590532957795,57774080.0,0.1930281733392996,569.0,0.0,0.0010846834742748,10100736.0,0.1930281733392996,568.0,0.0,0.0056161807833265,10891264.0,0.1930281733392996,569.0,0.0,0.0063835610548504,44736512.0,0.1930281733392996,568.0,0.0,0.0010798260449383,73039872.0,0.1930281733392996,568.0,0.0,0.0095355007658481,81195008.0,0.1930281733392996,568.0,0.0,0.0007403676423019,9166848.0,0.0,21830.0,0.0438700393952953,0.0021574763489838,45801472.0,0.0,21829.0,0.0438700393952953,0.0020680706799079,100532224.0,0.1930281733392996,568.0,0.0,0.003047409923785,6799360.0,0.1930281733392996,748.0,0.0
0.0152540431972433,14573568.0,0.1937796725123534,57.0,0.0,0.0063191360836584,57757696.0,0.1937796725123534,569.0,0.0,0.0012214848077227,10100736.0,0.1937796725123534,568.0,0.0,0.0067552243870712,10715136.0,0.1937796725123534,569.0,0.0,0.007541386234336,44998656.0,0.1937796725123534,568.0,0.0,0.0011171276088471,73011200.0,0.1937796725123534,568.0,0.0,0.0102867262468596,80674816.0,0.1937796725123534,568.0,0.0,0.0007867810923876,9252864.0,0.0,21830.0,0.0528490015942782,0.0019778215720929,45801472.0,0.0,21829.0,0.0528490015942782,0.0021540677951167,100536320.0,0.1937796725123534,568.0,0.0,0.0030611590367822,7061504.0,0.1937796725123534,748.0,0.0
0.015121956919721,14974976.0,0.193798449612403,57.0,0.0,0.0060865927707291,57683968.0,0.193798449612403,569.0,0.0,0.0013214938486697,9859072.0,0.193798449612403,568.0,0.0,0.0068994051736063,10665984.0,0.193798449612403,569.0,0.0,0.0074854428539115,45002752.0,0.193798449612403,568.0,0.0,0.0010826562035717,72642560.0,0.193798449612403,568.0,0.0,0.0100337557532353,81207296.0,0.193798449612403,568.0,0.0,0.0008412034269774,9252864.0,0.0,21830.0,0.044045102184637,0.0021427757427757,45809664.0,0.0,21829.0,0.044045102184637,0.0020001330457011,100409344.0,0.193798449612403,568.0,0.0,0.003005167729415,7061504.0,0.193798449612403,748.0,0.0
0.0148698010849909,14286848.0,0.1921229586935639,57.0,0.0,0.0058235181487458,57712640.0,0.1925180485670531,569.0,0.0,0.001294976635514,9891840.0,0.1925180485670531,568.0,0.0,0.0066809328182803,10768384.0,0.1925180485670531,569.0,0.0,0.0068171731045649,44740608.0,0.1925180485670531,568.0,0.0,0.0010652078908052,73240576.0,0.1925180485670531,568.0,0.0,0.0095719528613318,81235968.0,0.1925180485670531,568.0,0.0,0.0008194779729822,9252864.0,0.0,21830.0,0.052504922336469,0.0020496405094494,45809664.0,0.0,21829.0,0.052504922336469,0.0018379204051097,100413440.0,0.1925180485670531,568.0,0.0,0.0028092309298804,7061504.0,0.1925180485670531,748.0,0.0
0.0140366328844462,14630912.0,0.1927525057825751,57.0,0.0,0.0054138481519563,58023936.0,0.1927525057825752,569.0,0.0,0.0011543504944764,10088448.0,0.1927525057825752,568.0,0.0,0.0063369103185752,10661888.0,0.1927525057825752,569.0,0.0,0.0070039140706334,44748800.0,0.1927525057825752,568.0,0.0,0.0011396144463616,73306112.0,0.1927525057825752,568.0,0.0,0.0093295551308494,81940480.0,0.1927525057825751,568.0,0.0,0.000767960486357,9256960.0,0.0,21830.0,0.0525688652134296,0.0018636219287732,45809664.0,0.0,21829.0,0.0525688652134296,0.0019518562685404,100532224.0,0.1927525057825752,568.0,0.0,0.0026189592541358,7061504.0,0.1927525057825752,748.0,0.0
0.0138801172416013,14442496.0,0.1916810427448725,57.0,0.0,0.0053455621088324,57712640.0,0.1916810427448725,569.0,0.0,0.0009717738039144,9957376.0,0.1916810427448725,568.0,0.0,0.0065853829215496,10936320.0,0.1916810427448725,569.0,0.0,0.006647830521121,44736512.0,0.1916810427448725,568.0,0.0,0.0010161622530474,73920512.0,0.1916810427448725,568.0,0.0,0.0089620139092956,82153472.0,0.1916810427448725,568.0,0.0,0.0007704218382747,9256960.0,0.0,21830.0,0.0435638733511073,0.0018819828934056,45809664.0,0.0,21829.0,0.0435638733511073,0.0019985113370983,100532224.0,0.1916810427448725,568.0,0.0,0.0026626465108167,6799360.0,0.1916810427448725,748.0,0.0
0.014955547057486,14921728.0,0.1929147667485092,57.0,0.0,0.0056617644398618,57749504.0,0.1929147667485092,569.0,0.0,0.0012475666109527,9965568.0,0.1929147667485092,568.0,0.0,0.0069664378051746,11042816.0,0.1929147667485092,569.0,0.0,0.0075515240878731,44994560.0,0.1929147667485092,568.0,0.0,0.0012578032800227,73809920.0,0.1929147667485092,568.0,0.0,0.0101896326643246,82399232.0,0.1929147667485092,568.0,0.0,0.0008472875886492,9256960.0,0.0,21830.0,0.0526131182041388,0.0018356157072868,45809664.0,0.0,21829.0,0.0526131182041388,0.0020858632989092,100532224.0,0.1929147667485092,568.0,0.0,0.0025711736682546,6799360.0,0.1929147667485092,748.0,0.0
