index,score,threshold,prediction,attack
5,31510.052734375,45.028438568115234,1,0
6,31484.859375,45.028438568115234,1,0
7,31488.693359375,45.028438568115234,1,0
8,31382.60546875,45.028438568115234,1,0
9,31334.818359375,45.028438568115234,1,0
10,31277.00390625,45.028438568115234,1,0
11,31275.93359375,45.028438568115234,1,0
12,31217.990234375,45.028438568115234,1,0
13,31195.87890625,45.028438568115234,1,0
14,31179.7890625,45.028438568115234,1,0
15,31096.431640625,45.028438568115234,1,0
16,31058.078125,45.028438568115234,1,0
17,31032.294921875,45.028438568115234,1,0
18,31036.830078125,45.028438568115234,1,0
19,31025.599609375,45.028438568115234,1,0
20,31010.388671875,45.028438568115234,1,0
21,30997.23828125,45.028438568115234,1,0
22,30957.92578125,45.028438568115234,1,0
23,30968.11328125,45.028438568115234,1,0
24,30970.421875,45.028438568115234,1,0
25,30968.978515625,45.028438568115234,1,0
26,30966.626953125,45.028438568115234,1,0
27,30933.267578125,45.028438568115234,1,0
28,30902.677734375,45.028438568115234,1,0
29,30785.64453125,45.028438568115234,1,0
30,30736.03125,45.028438568115234,1,0
31,30668.0703125,45.028438568115234,1,0
32,30645.48828125,45.028438568115234,1,0
33,30628.1171875,45.028438568115234,1,0
34,30644.3671875,45.028438568115234,1,0
35,30616.966796875,45.028438568115234,1,0
36,30602.9609375,45.028438568115234,1,0
37,30600.830078125,45.028438568115234,1,0
38,30607.220703125,45.028438568115234,1,0
39,30599.91796875,45.028438568115234,1,0
40,50043.6484375,45.028438568115234,1,0
41,34697.44140625,45.028438568115234,1,0
42,31380.16796875,45.028438568115234,1,0
43,31364.90625,45.028438568115234,1,0
44,31200.107421875,45.028438568115234,1,0
45,31189.44921875,45.028438568115234,1,0
46,31148.8125,45.028438568115234,1,0
47,31153.48046875,45.028438568115234,1,0
48,31142.001953125,45.028438568115234,1,0
49,31134.5703125,45.028438568115234,1,0
50,31117.578125,45.028438568115234,1,1
51,31099.904296875,45.028438568115234,1,1
52,31075.62890625,45.028438568115234,1,1
53,31053.0390625,45.028438568115234,1,1
54,31041.52734375,45.028438568115234,1,1
55,30960.76171875,45.028438568115234,1,1
56,30909.556640625,45.028438568115234,1,0
57,30872.580078125,45.028438568115234,1,0
58,30887.373046875,45.028438568115234,1,0
59,30884.6015625,45.028438568115234,1,0
60,30866.345703125,45.028438568115234,1,0
61,30855.759765625,45.028438568115234,1,0
62,30845.63671875,45.028438568115234,1,0
63,30857.314453125,45.028438568115234,1,0
64,30859.3515625,45.028438568115234,1,0
65,30861.408203125,45.028438568115234,1,1
66,30848.41796875,45.028438568115234,1,1
67,30786.8125,45.028438568115234,1,1
68,30757.390625,45.028438568115234,1,1
69,30735.44140625,45.028438568115234,1,1
70,30740.8984375,45.028438568115234,1,1
71,30742.328125,45.028438568115234,1,1
72,30745.806640625,45.028438568115234,1,0
73,30743.734375,45.028438568115234,1,0
74,30743.021484375,45.028438568115234,1,0
75,30777.123046875,45.028438568115234,1,0
76,30796.634765625,45.028438568115234,1,0
77,30733.802734375,45.028438568115234,1,0
78,30704.8515625,45.028438568115234,1,0
79,30661.8671875,45.028438568115234,1,0
80,30663.259765625,45.028438568115234,1,0
81,30657.64453125,45.028438568115234,1,1
82,30655.3515625,45.028438568115234,1,1
83,30651.53125,45.028438568115234,1,1
84,30640.84765625,45.028438568115234,1,1
85,30636.396484375,45.028438568115234,1,1
86,30631.23828125,45.028438568115234,1,1
87,30629.853515625,45.028438568115234,1,1
88,30624.541015625,45.028438568115234,1,0
89,30622.482421875,45.028438568115234,1,0
90,30617.423828125,45.028438568115234,1,0
91,30623.203125,45.028438568115234,1,0
92,30625.408203125,45.028438568115234,1,0
93,30603.140625,45.028438568115234,1,0
94,30589.314453125,45.028438568115234,1,0
95,30576.08203125,45.028438568115234,1,0
96,30574.056640625,45.028438568115234,1,0
97,30572.693359375,45.028438568115234,1,0
98,30565.05078125,45.028438568115234,1,1
99,459229.53125,45.028438568115234,1,1
100,3962384.75,45.028438568115234,1,1
101,1955596.625,45.028438568115234,1,1
102,1399863.0,45.028438568115234,1,1
103,1266464.0,45.028438568115234,1,1
104,542803.875,45.028438568115234,1,0
105,411602.40625,45.028438568115234,1,0
106,412138.75,45.028438568115234,1,0
107,449405.71875,45.028438568115234,1,0
108,446577.40625,45.028438568115234,1,0
109,434867.90625,45.028438568115234,1,0
110,430298.84375,45.028438568115234,1,0
111,424566.59375,45.028438568115234,1,0
112,434527.875,45.028438568115234,1,0
113,429035.71875,45.028438568115234,1,1
114,426972.15625,45.028438568115234,1,1
115,438676.75,45.028438568115234,1,1
116,431866.96875,45.028438568115234,1,1
117,429495.46875,45.028438568115234,1,1
118,428653.84375,45.028438568115234,1,1
119,427019.84375,45.028438568115234,1,0
120,426710.96875,45.028438568115234,1,0
121,426710.96875,45.028438568115234,1,0
122,426713.5625,45.028438568115234,1,0
123,426713.5625,45.028438568115234,1,0
124,426714.1875,45.028438568115234,1,0
125,426714.1875,45.028438568115234,1,0
126,426714.1875,45.028438568115234,1,0
127,439256.90625,45.028438568115234,1,0
128,434082.71875,45.028438568115234,1,0
129,432020.125,45.028438568115234,1,1
130,1664689.0,45.028438568115234,1,0
131,427693.75,45.028438568115234,1,0
132,427353.0625,45.028438568115234,1,0
133,427353.0625,45.028438568115234,1,0
134,427353.0625,45.028438568115234,1,0
135,427353.71875,45.028438568115234,1,0
136,427353.71875,45.028438568115234,1,0
137,464982.15625,45.028438568115234,1,0
138,450288.59375,45.028438568115234,1,0
139,444463.53125,45.028438568115234,1,1
140,3603582.5,45.028438568115234,1,1
141,494419.34375,45.028438568115234,1,0
142,214395.171875,45.028438568115234,1,0
143,477066.53125,45.028438568115234,1,0
144,331705.59375,45.028438568115234,1,0
145,141944.40625,45.028438568115234,1,0
146,142072.328125,45.028438568115234,1,0
147,142112.5625,45.028438568115234,1,0
148,141662.203125,45.028438568115234,1,0
149,141776.421875,45.028438568115234,1,1
150,902464.25,45.028438568115234,1,0
151,142402.78125,45.028438568115234,1,0
152,146202.640625,45.028438568115234,1,0
153,155217.46875,45.028438568115234,1,0
154,154212.53125,45.028438568115234,1,0
155,163963.15625,45.028438568115234,1,0
156,163653.140625,45.028438568115234,1,0
157,163607.796875,45.028438568115234,1,0
158,163570.96875,45.028438568115234,1,0
159,163629.859375,45.028438568115234,1,0
160,163492.9375,45.028438568115234,1,1
161,163277.015625,45.028438568115234,1,1
162,163160.53125,45.028438568115234,1,1
163,163280.578125,45.028438568115234,1,1
164,163155.828125,45.028438568115234,1,0
165,163113.8125,45.028438568115234,1,0
166,163248.703125,45.028438568115234,1,0
167,162992.9375,45.028438568115234,1,0
168,162474.703125,45.028438568115234,1,0
169,162237.03125,45.028438568115234,1,0
170,162359.109375,45.028438568115234,1,0
171,162481.671875,45.028438568115234,1,0
172,162362.59375,45.028438568115234,1,0
173,162250.8125,45.028438568115234,1,1
174,161994.5,45.028438568115234,1,1
175,162094.59375,45.028438568115234,1,1
176,161781.96875,45.028438568115234,1,1
177,161663.78125,45.028438568115234,1,1
178,161395.21875,45.028438568115234,1,0
179,163796.0625,45.028438568115234,1,0
180,161163.875,45.028438568115234,1,0
181,158910.734375,45.028438568115234,1,0
182,159717.75,45.028438568115234,1,0
183,158541.8125,45.028438568115234,1,0
184,158393.78125,45.028438568115234,1,0
185,158354.84375,45.028438568115234,1,0
186,158506.859375,45.028438568115234,1,1
187,133307.15625,45.028438568115234,1,1
188,173521.96875,45.028438568115234,1,1
189,182325.421875,45.028438568115234,1,1
190,185097.78125,45.028438568115234,1,1
191,182783.140625,45.028438568115234,1,1
192,178459.375,45.028438568115234,1,1
193,178103.203125,45.028438568115234,1,0
194,178125.5,45.028438568115234,1,0
195,177989.71875,45.028438568115234,1,0
196,178013.734375,45.028438568115234,1,0
197,177833.65625,45.028438568115234,1,0
198,177763.65625,45.028438568115234,1,0
199,177897.890625,45.028438568115234,1,0
200,178016.15625,45.028438568115234,1,0
201,178111.953125,45.028438568115234,1,1
202,176920.53125,45.028438568115234,1,1
203,176418.1875,45.028438568115234,1,1
204,175834.734375,45.028438568115234,1,1
205,175800.734375,45.028438568115234,1,1
206,175659.921875,45.028438568115234,1,1
207,175527.703125,45.028438568115234,1,1
208,175416.09375,45.028438568115234,1,0
209,176323.125,45.028438568115234,1,0
210,176583.578125,45.028438568115234,1,0
211,176941.703125,45.028438568115234,1,0
212,176989.8125,45.028438568115234,1,0
213,177066.21875,45.028438568115234,1,0
214,177074.984375,45.028438568115234,1,0
215,177054.625,45.028438568115234,1,0
216,176985.515625,45.028438568115234,1,1
217,176997.84375,45.028438568115234,1,1
218,176995.484375,45.028438568115234,1,1
219,151677.921875,45.028438568115234,1,1
220,189563.171875,45.028438568115234,1,1
221,198059.59375,45.028438568115234,1,1
222,200821.5,45.028438568115234,1,1
223,199065.03125,45.028438568115234,1,0
224,194847.265625,45.028438568115234,1,0
225,194699.390625,45.028438568115234,1,0
226,194729.734375,45.028438568115234,1,0
227,194778.484375,45.028438568115234,1,0
228,194835.1875,45.028438568115234,1,0
229,194651.859375,45.028438568115234,1,0
230,194561.65625,45.028438568115234,1,0
231,194366.578125,45.028438568115234,1,1
232,194303.0625,45.028438568115234,1,1
233,2430096.5,45.028438568115234,1,1
234,4644211.0,45.028438568115234,1,1
235,2533969.0,45.028438568115234,1,1
236,2002966.25,45.028438568115234,1,1
237,1791134.125,45.028438568115234,1,1
238,861951.5,45.028438568115234,1,1
239,667461.9375,45.028438568115234,1,0
240,657912.0625,45.028438568115234,1,0
241,656519.8125,45.028438568115234,1,0
242,656506.1875,45.028438568115234,1,0
243,656366.625,45.028438568115234,1,0
244,668909.0,45.028438568115234,1,0
245,664050.875,45.028438568115234,1,0
246,662192.0,45.028438568115234,1,0
247,661341.9375,45.028438568115234,1,0
248,659756.9375,45.028438568115234,1,1
249,709590.0,45.028438568115234,1,1
250,688830.625,45.028438568115234,1,1
251,681150.625,45.028438568115234,1,1
252,677513.4375,45.028438568115234,1,1
253,671287.625,45.028438568115234,1,1
254,682786.875,45.028438568115234,1,1
255,690212.1875,45.028438568115234,1,0
256,683168.125,45.028438568115234,1,0
257,680286.25,45.028438568115234,1,0
258,677764.5625,45.028438568115234,1,0
259,675871.3125,45.028438568115234,1,0
260,675592.9375,45.028438568115234,1,0
261,675592.9375,45.028438568115234,1,0
262,675592.9375,45.028438568115234,1,0
263,675824.25,45.028438568115234,1,1
264,3306370.5,45.028438568115234,1,0
265,747283.3125,45.028438568115234,1,0
266,721625.5625,45.028438568115234,1,0
267,711231.125,45.028438568115234,1,0
268,702806.8125,45.028438568115234,1,0
269,695349.0625,45.028438568115234,1,0
270,694056.75,45.028438568115234,1,0
271,694056.75,45.028438568115234,1,0
272,694056.75,45.028438568115234,1,0
273,694056.75,45.028438568115234,1,1
274,694056.75,45.028438568115234,1,0
275,4530372.0,45.028438568115234,1,0
276,498369.65625,45.028438568115234,1,0
277,289052.34375,45.028438568115234,1,0
278,420420.5,45.028438568115234,1,0
279,375719.21875,45.028438568115234,1,0
280,183354.59375,45.028438568115234,1,0
281,183335.34375,45.028438568115234,1,0
282,183333.203125,45.028438568115234,1,0
283,183332.546875,45.028438568115234,1,1
284,2508186.0,45.028438568115234,1,0
285,240692.75,45.028438568115234,1,0
286,183340.421875,45.028438568115234,1,0
287,260633.203125,45.028438568115234,1,0
288,183504.0,45.028438568115234,1,0
289,185810.234375,45.028438568115234,1,0
290,185807.8125,45.028438568115234,1,0
291,185808.171875,45.028438568115234,1,0
292,185807.015625,45.028438568115234,1,0
293,185805.578125,45.028438568115234,1,1
294,185800.125,45.028438568115234,1,1
295,185795.765625,45.028438568115234,1,1
296,185793.53125,45.028438568115234,1,1
297,185794.125,45.028438568115234,1,0
298,185771.515625,45.028438568115234,1,0
299,185552.453125,45.028438568115234,1,0
300,185452.359375,45.028438568115234,1,0
301,185377.515625,45.028438568115234,1,0
302,185379.796875,45.028438568115234,1,0
303,185363.671875,45.028438568115234,1,0
304,185363.53125,45.028438568115234,1,0
305,185363.34375,45.028438568115234,1,0
306,185361.828125,45.028438568115234,1,1
307,185361.109375,45.028438568115234,1,1
308,185361.1875,45.028438568115234,1,1
309,185360.78125,45.028438568115234,1,1
310,185360.5,45.028438568115234,1,0
311,185361.15625,45.028438568115234,1,0
312,185360.75,45.028438568115234,1,0
313,185361.21875,45.028438568115234,1,0
314,185360.0,45.028438568115234,1,0
315,185359.625,45.028438568115234,1,0
316,185359.109375,45.028438568115234,1,0
317,185359.0,45.028438568115234,1,0
318,185358.859375,45.028438568115234,1,0
319,185337.8125,45.028438568115234,1,1
320,185327.109375,45.028438568115234,1,1
321,185284.453125,45.028438568115234,1,1
322,185268.875,45.028438568115234,1,1
323,185255.40625,45.028438568115234,1,1
324,185253.53125,45.028438568115234,1,1
325,185251.515625,45.028438568115234,1,1
326,185251.65625,45.028438568115234,1,0
327,185250.921875,45.028438568115234,1,0
328,185250.75,45.028438568115234,1,0
329,185250.859375,45.028438568115234,1,0
330,185250.3125,45.028438568115234,1,0
331,185202.578125,45.028438568115234,1,0
332,185182.046875,45.028438568115234,1,0
333,185159.546875,45.028438568115234,1,0
334,185158.796875,45.028438568115234,1,0
335,185150.75,45.028438568115234,1,1
336,185147.6875,45.028438568115234,1,1
337,185146.390625,45.028438568115234,1,1
338,185145.328125,45.028438568115234,1,1
339,185145.046875,45.028438568115234,1,1
340,185144.921875,45.028438568115234,1,1
341,185144.765625,45.028438568115234,1,1
342,185144.65625,45.028438568115234,1,0
343,185144.53125,45.028438568115234,1,0
344,185128.9375,45.028438568115234,1,0
345,185120.984375,45.028438568115234,1,0
346,185115.40625,45.028438568115234,1,0
347,185115.234375,45.028438568115234,1,0
348,185114.015625,45.028438568115234,1,0
349,185113.96875,45.028438568115234,1,0
350,185114.21875,45.028438568115234,1,1
351,185113.796875,45.028438568115234,1,1
352,185113.40625,45.028438568115234,1,1
353,185113.40625,45.028438568115234,1,1
354,185113.671875,45.028438568115234,1,1
355,185113.78125,45.028438568115234,1,1
356,185108.6875,45.028438568115234,1,1
357,185106.140625,45.028438568115234,1,0
358,185103.71875,45.028438568115234,1,0
359,185103.796875,45.028438568115234,1,0
360,185103.4375,45.028438568115234,1,0
361,185103.484375,45.028438568115234,1,0
362,185102.625,45.028438568115234,1,0
363,185087.015625,45.028438568115234,1,0
364,185078.59375,45.028438568115234,1,0
365,185072.8125,45.028438568115234,1,1
366,5412651.0,45.028438568115234,1,1
367,3150401.5,45.028438568115234,1,1
368,2156396.5,45.028438568115234,1,1
369,2066568.75,45.028438568115234,1,1
370,1006220.3125,45.028438568115234,1,1
371,768613.6875,45.028438568115234,1,1
372,763141.6875,45.028438568115234,1,0
373,761886.3125,45.028438568115234,1,0
374,760238.375,45.028438568115234,1,0
375,759867.1875,45.028438568115234,1,0
376,759869.8125,45.028438568115234,1,0
377,759871.75,45.028438568115234,1,0
378,759872.375,45.028438568115234,1,0
379,759869.8125,45.028438568115234,1,0
380,759869.8125,45.028438568115234,1,1
381,759869.8125,45.028438568115234,1,1
382,759869.8125,45.028438568115234,1,1
383,759883.4375,45.028438568115234,1,1
384,759886.0625,45.028438568115234,1,1
385,759919.125,45.028438568115234,1,1
386,759926.5625,45.028438568115234,1,1
387,759928.875,45.028438568115234,1,0
388,759931.8125,45.028438568115234,1,0
389,759924.3125,45.028438568115234,1,0
390,759924.3125,45.028438568115234,1,0
391,759924.3125,45.028438568115234,1,0
392,759924.3125,45.028438568115234,1,0
393,759924.3125,45.028438568115234,1,0
394,759924.3125,45.028438568115234,1,0
395,759924.3125,45.028438568115234,1,1
396,2611497.25,45.028438568115234,1,0
397,787857.1875,45.028438568115234,1,0
398,779304.75,45.028438568115234,1,0
399,775645.75,45.028438568115234,1,0
400,771522.1875,45.028438568115234,1,0
401,769118.875,45.028438568115234,1,0
402,768732.125,45.028438568115234,1,0
403,768732.125,45.028438568115234,1,0
404,768732.125,45.028438568115234,1,0
405,768732.125,45.028438568115234,1,1
406,4731637.0,45.028438568115234,1,0
407,553170.875,45.028438568115234,1,0
408,191481.453125,45.028438568115234,1,0
409,430307.28125,45.028438568115234,1,0
410,327200.375,45.028438568115234,1,0
411,143717.828125,45.028438568115234,1,0
412,143718.796875,45.028438568115234,1,0
413,143720.671875,45.028438568115234,1,0
414,143715.71875,45.028438568115234,1,0
415,143724.484375,45.028438568115234,1,0
416,127118.671875,45.028438568115234,1,1
417,1332702.0,45.028438568115234,1,0
418,174414.640625,45.028438568115234,1,0
419,178194.671875,45.028438568115234,1,0
420,284976.5,45.028438568115234,1,0
421,199858.0,45.028438568115234,1,0
422,205427.3125,45.028438568115234,1,0
423,203666.609375,45.028438568115234,1,0
424,195681.140625,45.028438568115234,1,0
425,195681.546875,45.028438568115234,1,1
426,195680.328125,45.028438568115234,1,1
427,195698.984375,45.028438568115234,1,1
428,195669.296875,45.028438568115234,1,1
429,170476.890625,45.028438568115234,1,1
430,189165.875,45.028438568115234,1,0
431,193367.8125,45.028438568115234,1,0
432,195451.09375,45.028438568115234,1,0
433,195009.75,45.028438568115234,1,0
434,192557.140625,45.028438568115234,1,0
435,193093.875,45.028438568115234,1,0
436,142450.203125,45.028438568115234,1,0
437,174739.625,45.028438568115234,1,0
438,156817.03125,45.028438568115234,1,0
439,174616.015625,45.028438568115234,1,1
440,152947.578125,45.028438568115234,1,1
441,167128.8125,45.028438568115234,1,1
442,170894.515625,45.028438568115234,1,1
443,170172.921875,45.028438568115234,1,0
444,169635.59375,45.028438568115234,1,0
445,167554.671875,45.028438568115234,1,0
446,165291.875,45.028438568115234,1,0
447,164131.765625,45.028438568115234,1,0
448,163199.34375,45.028438568115234,1,0
449,163278.421875,45.028438568115234,1,0
450,163056.015625,45.028438568115234,1,0
451,160767.171875,45.028438568115234,1,0
452,160210.484375,45.028438568115234,1,0
453,159900.296875,45.028438568115234,1,0
454,159853.421875,45.028438568115234,1,1
455,159779.4375,45.028438568115234,1,1
456,154609.46875,45.028438568115234,1,1
457,127391.296875,45.028438568115234,1,1
458,142635.625,45.028438568115234,1,1
459,146807.546875,45.028438568115234,1,1
460,148083.015625,45.028438568115234,1,0
461,147783.859375,45.028438568115234,1,0
462,145282.578125,45.028438568115234,1,0
463,145077.53125,45.028438568115234,1,0
464,144903.296875,45.028438568115234,1,0
465,144910.921875,45.028438568115234,1,0
466,144904.09375,45.028438568115234,1,0
467,144891.125,45.028438568115234,1,0
468,144870.109375,45.028438568115234,1,0
469,144858.59375,45.028438568115234,1,1
470,144853.15625,45.028438568115234,1,1
471,144851.21875,45.028438568115234,1,1
472,144739.515625,45.028438568115234,1,1
473,144680.21875,45.028438568115234,1,1
474,144661.96875,45.028438568115234,1,1
475,144669.03125,45.028438568115234,1,1
476,144675.765625,45.028438568115234,1,0
477,144662.375,45.028438568115234,1,0
478,144749.171875,45.028438568115234,1,0
479,144819.421875,45.028438568115234,1,0
480,144845.625,45.028438568115234,1,0
481,144833.53125,45.028438568115234,1,0
482,144843.90625,45.028438568115234,1,0
483,144847.8125,45.028438568115234,1,0
484,144847.0,45.028438568115234,1,0
485,144845.625,45.028438568115234,1,1
486,144826.5625,45.028438568115234,1,1
487,144819.5,45.028438568115234,1,1
488,144813.984375,45.028438568115234,1,1
489,144812.609375,45.028438568115234,1,1
490,144809.4375,45.028438568115234,1,1
491,144804.328125,45.028438568115234,1,0
492,144807.328125,45.028438568115234,1,0
493,144781.453125,45.028438568115234,1,0
494,144766.375,45.028438568115234,1,0
495,144756.0625,45.028438568115234,1,0
496,144756.234375,45.028438568115234,1,0
497,144730.59375,45.028438568115234,1,0
498,144712.015625,45.028438568115234,1,0
499,144701.234375,45.028438568115234,1,0
500,144681.765625,45.028438568115234,1,0
501,144668.375,45.028438568115234,1,1
502,144824.28125,45.028438568115234,1,1
503,144989.265625,45.028438568115234,1,1
504,145074.53125,45.028438568115234,1,1
505,145061.875,45.028438568115234,1,1
506,145037.375,45.028438568115234,1,1
507,144957.46875,45.028438568115234,1,0
508,144920.40625,45.028438568115234,1,0
509,144918.546875,45.028438568115234,1,0
510,144883.828125,45.028438568115234,1,0
511,144879.03125,45.028438568115234,1,0
512,144828.828125,45.028438568115234,1,0
513,132262.03125,45.028438568115234,1,0
514,141047.71875,45.028438568115234,1,0
515,143149.25,45.028438568115234,1,0
516,143839.875,45.028438568115234,1,0
517,143667.171875,45.028438568115234,1,1
518,142578.53125,45.028438568115234,1,1
519,142558.65625,45.028438568115234,1,1
520,142525.46875,45.028438568115234,1,1
521,142503.734375,45.028438568115234,1,1
522,142502.6875,45.028438568115234,1,1
523,142469.90625,45.028438568115234,1,0
524,142420.4375,45.028438568115234,1,0
525,142367.78125,45.028438568115234,1,0
526,142335.015625,45.028438568115234,1,0
527,142309.875,45.028438568115234,1,0
528,142288.53125,45.028438568115234,1,0
529,142292.265625,45.028438568115234,1,0
530,142287.5625,45.028438568115234,1,0
531,144876.921875,45.028438568115234,1,0
532,145874.234375,45.028438568115234,1,1
533,555097.875,45.028438568115234,1,0
534,148492.71875,45.028438568115234,1,0
535,167140.578125,45.028438568115234,1,0
536,159157.53125,45.028438568115234,1,0
537,173872.671875,45.028438568115234,1,0
538,175000.171875,45.028438568115234,1,0
539,176142.921875,45.028438568115234,1,0
540,176172.28125,45.028438568115234,1,0
541,174563.859375,45.028438568115234,1,0
542,174077.640625,45.028438568115234,1,1
543,725769.0625,45.028438568115234,1,1
544,50398.9765625,45.028438568115234,1,0
545,104762.6796875,45.028438568115234,1,0
546,122946.5546875,45.028438568115234,1,0
547,124012.8125,45.028438568115234,1,0
548,72608.6015625,45.028438568115234,1,0
549,72608.40625,45.028438568115234,1,0
550,72609.1484375,45.028438568115234,1,0
551,72609.09375,45.028438568115234,1,0
552,999999.9375,45.028438568115234,1,1
553,1086423.75,45.028438568115234,1,0
554,163290.6875,45.028438568115234,1,0
555,80443.875,45.028438568115234,1,0
556,85496.0,45.028438568115234,1,0
557,69613.9453125,45.028438568115234,1,0
558,54792.09375,45.028438568115234,1,0
559,54815.92578125,45.028438568115234,1,0
560,54829.80078125,45.028438568115234,1,0
561,54841.89453125,45.028438568115234,1,0
562,54846.08984375,45.028438568115234,1,1
563,54847.76171875,45.028438568115234,1,1
564,53906.46875,45.028438568115234,1,1
565,55827.296875,45.028438568115234,1,1
566,55957.70703125,45.028438568115234,1,0
567,55994.32421875,45.028438568115234,1,0
568,58181.109375,45.028438568115234,1,0
569,59115.42578125,45.028438568115234,1,0
570,64473.4609375,45.028438568115234,1,0
571,61966.35546875,45.028438568115234,1,0
572,61679.43359375,45.028438568115234,1,0
573,58762.7265625,45.028438568115234,1,0
574,56903.13671875,45.028438568115234,1,0
575,56164.5234375,45.028438568115234,1,1
576,50216.18359375,45.028438568115234,1,1
577,50237.73828125,45.028438568115234,1,1
578,50246.76171875,45.028438568115234,1,1
579,50254.734375,45.028438568115234,1,0
580,49001.8046875,45.028438568115234,1,0
581,48797.25390625,45.028438568115234,1,0
582,48341.1015625,45.028438568115234,1,0
583,48009.96875,45.028438568115234,1,0
584,48183.453125,45.028438568115234,1,0
585,48187.671875,45.028438568115234,1,0
586,48188.5234375,45.028438568115234,1,0
587,48188.23828125,45.028438568115234,1,1
588,48188.6015625,45.028438568115234,1,1
589,48189.05078125,45.028438568115234,1,1
590,48704.94140625,45.028438568115234,1,1
591,48856.58984375,45.028438568115234,1,1
592,48951.9375,45.028438568115234,1,1
593,48964.20703125,45.028438568115234,1,1
594,48966.0546875,45.028438568115234,1,1
595,61508.77734375,45.028438568115234,1,0
596,47418.71875,45.028438568115234,1,0
597,43452.30078125,45.028438568115234,1,0
598,42024.10546875,45.028438568115234,1,0
599,41584.8828125,45.028438568115234,1,0
600,43584.73828125,45.028438568115234,1,0
601,43585.79296875,45.028438568115234,1,0
602,43585.8359375,45.028438568115234,1,0
603,43586.484375,45.028438568115234,1,1
604,43586.0390625,45.028438568115234,1,1
605,43590.2578125,45.028438568115234,1,1
606,43592.73046875,45.028438568115234,1,1
607,43594.37109375,45.028438568115234,1,1
608,43594.6953125,45.028438568115234,1,1
609,43595.48828125,45.028438568115234,1,1
610,43596.0546875,45.028438568115234,1,1
611,43596.23828125,45.028438568115234,1,0
612,43595.93359375,45.028438568115234,1,0
613,43593.54296875,45.028438568115234,1,0
614,43591.23046875,45.028438568115234,1,0
615,43589.6484375,45.028438568115234,1,0
616,43589.52734375,45.028438568115234,1,0
617,43589.56640625,45.028438568115234,1,0
618,43599.94921875,45.028438568115234,1,0
619,43605.22265625,45.028438568115234,1,1
620,43619.41796875,45.028438568115234,1,1
621,43624.76953125,45.028438568115234,1,1
622,56173.0703125,45.028438568115234,1,1
623,43145.98828125,45.028438568115234,1,1
624,39767.23046875,45.028438568115234,1,1
625,38857.91015625,45.028438568115234,1,1
626,38828.50390625,45.028438568115234,1,0
627,40879.34375,45.028438568115234,1,0
628,40880.6015625,45.028438568115234,1,0
629,40880.55859375,45.028438568115234,1,0
630,40880.82421875,45.028438568115234,1,0
631,40880.82421875,45.028438568115234,1,0
632,40881.53515625,45.028438568115234,1,0
633,40881.33203125,45.028438568115234,1,0
634,79580.8671875,45.028438568115234,1,1
635,40881.65625,45.028438568115234,1,1
636,40882.08203125,45.028438568115234,1,1
637,40882.36328125,45.028438568115234,1,1
638,40881.98046875,45.028438568115234,1,1
639,40881.8359375,45.028438568115234,1,1
640,53424.4140625,45.028438568115234,1,1
641,39456.7421875,45.028438568115234,1,1
642,58854.421875,45.028438568115234,1,0
643,33464.9765625,45.028438568115234,1,0
644,32946.62890625,45.028438568115234,1,0
645,34669.15234375,45.028438568115234,1,0
646,34806.30078125,45.028438568115234,1,0
647,34806.84765625,45.028438568115234,1,0
648,34806.625,45.028438568115234,1,0
649,34806.09765625,45.028438568115234,1,0
650,34805.8515625,45.028438568115234,1,1
651,34805.953125,45.028438568115234,1,1
652,34806.13671875,45.028438568115234,1,1
653,34806.625,45.028438568115234,1,1
654,34807.171875,45.028438568115234,1,1
655,34819.03515625,45.028438568115234,1,1
656,34824.734375,45.028438568115234,1,1
657,34829.15234375,45.028438568115234,1,0
658,34828.890625,45.028438568115234,1,0
659,34829.96484375,45.028438568115234,1,0
660,34829.90234375,45.028438568115234,1,0
661,34829.7421875,45.028438568115234,1,0
662,34829.76171875,45.028438568115234,1,0
663,34829.984375,45.028438568115234,1,0
664,34830.4296875,45.028438568115234,1,0
665,1000000.0,45.028438568115234,1,1
666,1040498.375,45.028438568115234,1,0
667,179037.53125,45.028438568115234,1,0
668,43569.70703125,45.028438568115234,1,0
669,45356.95703125,45.028438568115234,1,0
670,45201.52734375,45.028438568115234,1,0
671,45934.00390625,45.028438568115234,1,0
672,45927.84375,45.028438568115234,1,0
673,46011.9453125,45.028438568115234,1,0
674,46150.75,45.028438568115234,1,0
675,46248.51171875,45.028438568115234,1,0
676,46314.33203125,45.028438568115234,1,1
677,91308.4375,45.028438568115234,1,0
678,47670.4609375,45.028438568115234,1,0
679,1173331456.0,45.028438568115234,1,0
680,1344654080.0,45.028438568115234,1,0
681,1894725760.0,45.028438568115234,1,0
682,4767271936.0,45.028438568115234,1,0
683,6178526720.0,45.028438568115234,1,0
684,6404424192.0,45.028438568115234,1,0
685,7859295232.0,45.028438568115234,1,1
686,10704500736.0,45.028438568115234,1,1
687,9458874368.0,45.028438568115234,1,0
688,9590945792.0,45.028438568115234,1,0
689,8887139328.0,45.028438568115234,1,0
690,7992039936.0,45.028438568115234,1,0
691,6834762752.0,45.028438568115234,1,0
692,6568997376.0,45.028438568115234,1,0
693,4887213568.0,45.028438568115234,1,0
694,886075584.0,45.028438568115234,1,0
695,339782304.0,45.028438568115234,1,0
696,339782304.0,45.028438568115234,1,1
697,339782304.0,45.028438568115234,1,1
698,339782304.0,45.028438568115234,1,1
699,339782304.0,45.028438568115234,1,1
700,339782304.0,45.028438568115234,1,0
701,339782304.0,45.028438568115234,1,0
702,339782304.0,45.028438568115234,1,0
703,339782304.0,45.028438568115234,1,0
704,339782304.0,45.028438568115234,1,0
705,339782304.0,45.028438568115234,1,0
706,339782304.0,45.028438568115234,1,0
707,339782304.0,45.028438568115234,1,0
708,339782304.0,45.028438568115234,1,0
709,339782304.0,45.028438568115234,1,0
710,339782304.0,45.028438568115234,1,1
711,339782304.0,45.028438568115234,1,1
712,339782304.0,45.028438568115234,1,1
713,339782304.0,45.028438568115234,1,1
714,339782304.0,45.028438568115234,1,0
715,339782304.0,45.028438568115234,1,0
716,339782304.0,45.028438568115234,1,0
717,339782304.0,45.028438568115234,1,0
718,339782304.0,45.028438568115234,1,0
719,339782304.0,45.028438568115234,1,0
720,339782304.0,45.028438568115234,1,0
721,339782304.0,45.028438568115234,1,0
722,339782304.0,45.028438568115234,1,0
723,339782304.0,45.028438568115234,1,1
724,339782304.0,45.028438568115234,1,1
725,339782304.0,45.028438568115234,1,1
726,339782304.0,45.028438568115234,1,1
727,339782304.0,45.028438568115234,1,1
728,339782304.0,45.028438568115234,1,1
729,339782304.0,45.028438568115234,1,0
730,339782304.0,45.028438568115234,1,0
731,339782304.0,45.028438568115234,1,0
732,339782304.0,45.028438568115234,1,0
733,339782304.0,45.028438568115234,1,0
734,339782304.0,45.028438568115234,1,0
735,339782304.0,45.028438568115234,1,0
736,339782304.0,45.028438568115234,1,0
737,339782304.0,45.028438568115234,1,0
738,339782304.0,45.028438568115234,1,1
739,339782304.0,45.028438568115234,1,1
740,339782304.0,45.028438568115234,1,1
741,339782304.0,45.028438568115234,1,1
742,339782304.0,45.028438568115234,1,1
743,339782304.0,45.028438568115234,1,1
744,339782304.0,45.028438568115234,1,1
745,339782304.0,45.028438568115234,1,0
746,339782304.0,45.028438568115234,1,0
747,339782304.0,45.028438568115234,1,0
748,339782304.0,45.028438568115234,1,0
749,339782304.0,45.028438568115234,1,0
750,339782304.0,45.028438568115234,1,0
751,339782304.0,45.028438568115234,1,0
752,339782304.0,45.028438568115234,1,0
753,339782304.0,45.028438568115234,1,0
754,339782304.0,45.028438568115234,1,1
755,339782304.0,45.028438568115234,1,1
756,339782304.0,45.028438568115234,1,1
757,339782304.0,45.028438568115234,1,1
758,339782304.0,45.028438568115234,1,1
759,339782304.0,45.028438568115234,1,1
760,339782304.0,45.028438568115234,1,1
761,339782304.0,45.028438568115234,1,0
762,339782304.0,45.028438568115234,1,0
763,339782304.0,45.028438568115234,1,0
764,339782304.0,45.028438568115234,1,0
765,339782304.0,45.028438568115234,1,0
766,339782304.0,45.028438568115234,1,0
767,339782304.0,45.028438568115234,1,0
768,339782304.0,45.028438568115234,1,0
769,339782304.0,45.028438568115234,1,1
770,339782304.0,45.028438568115234,1,1
771,339782304.0,45.028438568115234,1,1
772,339782304.0,45.028438568115234,1,1
773,339782304.0,45.028438568115234,1,1
774,339782304.0,45.028438568115234,1,1
775,339782304.0,45.028438568115234,1,1
776,339782304.0,45.028438568115234,1,0
777,339782304.0,45.028438568115234,1,0
778,339782304.0,45.028438568115234,1,0
779,339782304.0,45.028438568115234,1,0
780,339782304.0,45.028438568115234,1,0
781,339782304.0,45.028438568115234,1,0
782,339782304.0,45.028438568115234,1,0
783,339782304.0,45.028438568115234,1,0
784,339782304.0,45.028438568115234,1,0
785,339782304.0,45.028438568115234,1,1
786,339782304.0,45.028438568115234,1,1
787,339782304.0,45.028438568115234,1,1
788,339782304.0,45.028438568115234,1,1
789,339782304.0,45.028438568115234,1,1
790,339782304.0,45.028438568115234,1,1
791,339782304.0,45.028438568115234,1,1
792,339782304.0,45.028438568115234,1,0
793,339782304.0,45.028438568115234,1,0
794,339782304.0,45.028438568115234,1,0
795,339782304.0,45.028438568115234,1,0
796,339782304.0,45.028438568115234,1,0
797,339782304.0,45.028438568115234,1,0
798,339782304.0,45.028438568115234,1,0
799,339782304.0,45.028438568115234,1,0
800,339782304.0,45.028438568115234,1,1
801,339782304.0,45.028438568115234,1,0
802,339782304.0,45.028438568115234,1,0
803,339782304.0,45.028438568115234,1,0
804,339782304.0,45.028438568115234,1,0
805,339782304.0,45.028438568115234,1,0
806,339782304.0,45.028438568115234,1,0
807,339782304.0,45.028438568115234,1,0
808,339782304.0,45.028438568115234,1,0
809,339782304.0,45.028438568115234,1,0
810,339782304.0,45.028438568115234,1,0
811,339782304.0,45.028438568115234,1,1
812,56782288.0,45.028438568115234,1,0
813,685313.9375,45.028438568115234,1,0
814,314907.40625,45.028438568115234,1,0
815,338032.65625,45.028438568115234,1,0
816,319898.46875,45.028438568115234,1,0
817,314907.0,45.028438568115234,1,0
818,314907.0,45.028438568115234,1,0
819,314907.40625,45.028438568115234,1,0
820,314907.0,45.028438568115234,1,0
821,322525.46875,45.028438568115234,1,0
822,318855.9375,45.028438568115234,1,1
823,2909771.5,45.028438568115234,1,0
824,234338.6875,45.028438568115234,1,0
825,52310.2578125,45.028438568115234,1,0
826,311254.3125,45.028438568115234,1,0
827,114303.5,45.028438568115234,1,0
828,109005.7421875,45.028438568115234,1,0
829,89535.703125,45.028438568115234,1,0
830,89535.625,45.028438568115234,1,0
831,89535.625,45.028438568115234,1,1
832,89535.625,45.028438568115234,1,1
833,89502.4453125,45.028438568115234,1,1
834,89486.46875,45.028438568115234,1,1
835,89472.84375,45.028438568115234,1,0
836,89473.4921875,45.028438568115234,1,0
837,89001.3203125,45.028438568115234,1,0
838,88783.6875,45.028438568115234,1,0
839,88607.015625,45.028438568115234,1,0
840,88612.53125,45.028438568115234,1,0
841,88588.84375,45.028438568115234,1,0
842,88588.84375,45.028438568115234,1,0
843,88588.6015625,45.028438568115234,1,0
844,88588.5234375,45.028438568115234,1,0
845,88588.5234375,45.028438568115234,1,0
846,88588.6015625,45.028438568115234,1,1
847,88588.6015625,45.028438568115234,1,1
848,88588.765625,45.028438568115234,1,1
849,88588.5234375,45.028438568115234,1,1
850,76045.984375,45.028438568115234,1,0
851,96059.5703125,45.028438568115234,1,0
852,100802.3046875,45.028438568115234,1,0
853,102319.3203125,45.028438568115234,1,0
854,101581.65625,45.028438568115234,1,0
855,99420.6640625,45.028438568115234,1,0
856,99420.1796875,45.028438568115234,1,0
857,99420.015625,45.028438568115234,1,0
858,281005.125,45.028438568115234,1,0
859,103130.9375,45.028438568115234,1,0
860,98140.7421875,45.028438568115234,1,1
861,173715.875,45.028438568115234,1,1
862,4744224.0,45.028438568115234,1,1
863,4676126.0,45.028438568115234,1,1
864,3369839.0,45.028438568115234,1,1
865,1268539.125,45.028438568115234,1,1
866,3248865.0,45.028438568115234,1,0
867,3867462.25,45.028438568115234,1,0
868,5249193.0,45.028438568115234,1,0
869,5211153.0,45.028438568115234,1,0
870,1456174.875,45.028438568115234,1,0
871,5936313.5,45.028438568115234,1,0
872,9986327.0,45.028438568115234,1,0
873,6178565.0,45.028438568115234,1,0
874,14508097.0,45.028438568115234,1,0
875,11402133.0,45.028438568115234,1,0
876,16756981.0,45.028438568115234,1,1
877,7902233.0,45.028438568115234,1,1
878,9446174.0,45.028438568115234,1,1
879,11031940.0,45.028438568115234,1,1
880,14172238.0,45.028438568115234,1,1
881,11918243.0,45.028438568115234,1,1
882,8713268.0,45.028438568115234,1,0
883,2941537.5,45.028438568115234,1,0
884,1311094.25,45.028438568115234,1,0
885,1311366.125,45.028438568115234,1,0
886,1159764.75,45.028438568115234,1,0
887,124144.2109375,45.028438568115234,1,0
888,123168.8046875,45.028438568115234,1,0
889,122846.6953125,45.028438568115234,1,0
890,122143.75,45.028438568115234,1,0
891,121904.5390625,45.028438568115234,1,0
892,121866.171875,45.028438568115234,1,0
893,121076.515625,45.028438568115234,1,1
894,120451.03125,45.028438568115234,1,1
895,118987.2265625,45.028438568115234,1,1
896,118475.7109375,45.028438568115234,1,1
897,117567.140625,45.028438568115234,1,1
898,117230.5078125,45.028438568115234,1,1
899,116749.984375,45.028438568115234,1,0
900,116511.2578125,45.028438568115234,1,0
901,115775.0546875,45.028438568115234,1,0
902,114767.6875,45.028438568115234,1,0
903,113150.0859375,45.028438568115234,1,0
904,110924.6875,45.028438568115234,1,0
905,109908.9609375,45.028438568115234,1,0
906,108571.6875,45.028438568115234,1,0
907,108425.1171875,45.028438568115234,1,0
908,107681.53125,45.028438568115234,1,1
909,5670348.0,45.028438568115234,1,1
910,3226254.75,45.028438568115234,1,1
911,2407377.75,45.028438568115234,1,1
912,2363675.5,45.028438568115234,1,1
913,1256052.0,45.028438568115234,1,1
914,969608.125,45.028438568115234,1,1
915,2457324.25,45.028438568115234,1,0
916,1892261.375,45.028438568115234,1,0
917,1654503.875,45.028438568115234,1,0
918,1554181.625,45.028438568115234,1,0
919,1337413.0,45.028438568115234,1,0
920,1255054.25,45.028438568115234,1,0
921,1254689.625,45.028438568115234,1,0
922,1254689.625,45.028438568115234,1,0
923,1279775.0,45.028438568115234,1,0
924,1308005.125,45.028438568115234,1,0
925,1290046.125,45.028438568115234,1,1
926,1282486.125,45.028438568115234,1,1
927,1276674.375,45.028438568115234,1,1
928,1271088.5,45.028438568115234,1,1
929,1270024.25,45.028438568115234,1,1
930,1270036.0,45.028438568115234,1,1
931,1282555.625,45.028438568115234,1,1
932,1277848.375,45.028438568115234,1,0
933,1300998.0,45.028438568115234,1,0
934,1290721.625,45.028438568115234,1,0
935,1285220.125,45.028438568115234,1,0
936,1283100.125,45.028438568115234,1,0
937,1279838.625,45.028438568115234,1,0
938,1279168.25,45.028438568115234,1,0
939,1279179.25,45.028438568115234,1,0
940,1279191.0,45.028438568115234,1,0
941,1316824.625,45.028438568115234,1,1
942,4341785.5,45.028438568115234,1,0
943,1296855.875,45.028438568115234,1,0
944,1294226.5,45.028438568115234,1,0
945,1289335.625,45.028438568115234,1,0
946,1288237.625,45.028438568115234,1,0
947,1288237.625,45.028438568115234,1,0
948,1288237.625,45.028438568115234,1,0
949,1288237.625,45.028438568115234,1,0
950,1288237.625,45.028438568115234,1,1
951,6657970.0,45.028438568115234,1,0
952,547000.5625,45.028438568115234,1,0
953,341281.9375,45.028438568115234,1,0
954,341281.9375,45.028438568115234,1,0
955,341281.9375,45.028438568115234,1,0
956,341281.9375,45.028438568115234,1,0
957,341281.9375,45.028438568115234,1,0
958,341281.9375,45.028438568115234,1,0
959,341281.9375,45.028438568115234,1,0
960,341281.9375,45.028438568115234,1,0
961,341281.9375,45.028438568115234,1,1
962,3640243.75,45.028438568115234,1,0
963,279367.78125,45.028438568115234,1,0
964,137595.265625,45.028438568115234,1,0
965,148354.390625,45.028438568115234,1,0
966,139230.28125,45.028438568115234,1,0
967,79069.34375,45.028438568115234,1,0
968,79173.1875,45.028438568115234,1,0
969,79145.84375,45.028438568115234,1,0
970,79119.28125,45.028438568115234,1,0
971,79124.765625,45.028438568115234,1,1
972,79084.328125,45.028438568115234,1,1
973,77208.6328125,45.028438568115234,1,1
974,72981.4453125,45.028438568115234,1,1
975,63125.58203125,45.028438568115234,1,1
976,52472.11328125,45.028438568115234,1,1
977,52723.20703125,45.028438568115234,1,0
978,53149.29296875,45.028438568115234,1,0
979,74134.4609375,45.028438568115234,1,0
980,77608.4921875,45.028438568115234,1,0
981,78648.328125,45.028438568115234,1,0
982,78823.734375,45.028438568115234,1,0
983,79008.8515625,45.028438568115234,1,0
984,79123.7421875,45.028438568115234,1,0
985,79170.0859375,45.028438568115234,1,0
986,79270.0078125,45.028438568115234,1,1
987,79296.6875,45.028438568115234,1,1
988,79357.28125,45.028438568115234,1,1
989,79517.828125,45.028438568115234,1,1
990,79592.9375,45.028438568115234,1,0
991,79596.921875,45.028438568115234,1,0
992,79584.9453125,45.028438568115234,1,0
993,79657.328125,45.028438568115234,1,0
994,79690.1796875,45.028438568115234,1,0
995,87415.2734375,45.028438568115234,1,0
996,82958.34375,45.028438568115234,1,0
997,81670.6796875,45.028438568115234,1,0
998,81174.515625,45.028438568115234,1,0
999,81357.6875,45.028438568115234,1,0
1000,81341.453125,45.028438568115234,1,1
1001,81169.984375,45.028438568115234,1,1
1002,81261.0078125,45.028438568115234,1,1
1003,81288.3125,45.028438568115234,1,1
1004,81005.0234375,45.028438568115234,1,1
1005,80984.4375,45.028438568115234,1,1
1006,80798.765625,45.028438568115234,1,0
1007,80481.484375,45.028438568115234,1,0
1008,80147.046875,45.028438568115234,1,0
1009,80544.578125,45.028438568115234,1,0
1010,80823.5859375,45.028438568115234,1,0
1011,80862.640625,45.028438568115234,1,0
1012,80668.671875,45.028438568115234,1,0
1013,80731.7734375,45.028438568115234,1,0
1014,80382.3203125,45.028438568115234,1,0
1015,80477.5859375,45.028438568115234,1,1
1016,80189.6328125,45.028438568115234,1,1
1017,71719.3125,45.028438568115234,1,1
1018,64252.6875,45.028438568115234,1,1
1019,58766.42578125,45.028438568115234,1,1
1020,56657.43359375,45.028438568115234,1,1
1021,56751.84765625,45.028438568115234,1,0
1022,54278.17578125,45.028438568115234,1,0
1023,70534.265625,45.028438568115234,1,0
1024,76614.8828125,45.028438568115234,1,0
1025,78680.125,45.028438568115234,1,0
1026,78077.40625,45.028438568115234,1,0
1027,78191.8203125,45.028438568115234,1,0
1028,77775.8359375,45.028438568115234,1,0
1029,77384.765625,45.028438568115234,1,0
1030,76932.8359375,45.028438568115234,1,1
1031,77449.8125,45.028438568115234,1,1
1032,77655.6875,45.028438568115234,1,1
1033,77976.34375,45.028438568115234,1,1
1034,77380.21875,45.028438568115234,1,1
1035,77150.4140625,45.028438568115234,1,1
1036,76948.640625,45.028438568115234,1,0
1037,75612.3125,45.028438568115234,1,0
1038,74953.9453125,45.028438568115234,1,0
1039,74558.6796875,45.028438568115234,1,0
1040,74727.453125,45.028438568115234,1,0
1041,74779.421875,45.028438568115234,1,0
1042,72860.0,45.028438568115234,1,0
1043,71875.2578125,45.028438568115234,1,0
1044,70802.453125,45.028438568115234,1,0
1045,71615.0546875,45.028438568115234,1,1
1046,71331.1015625,45.028438568115234,1,1
1047,67772.953125,45.028438568115234,1,1
1048,2295844.25,45.028438568115234,1,1
1049,2825114.0,45.028438568115234,1,1
1050,1937701.5,45.028438568115234,1,1
1051,1618494.125,45.028438568115234,1,1
1052,1636626.625,45.028438568115234,1,0
1053,973999.6875,45.028438568115234,1,0
1054,784238.125,45.028438568115234,1,0
1055,778260.9375,45.028438568115234,1,0
1056,681341.375,45.028438568115234,1,0
1057,664294.5,45.028438568115234,1,0
1058,653658.6875,45.028438568115234,1,0
1059,646112.375,45.028438568115234,1,0
1060,656653.8125,45.028438568115234,1,0
1061,650269.375,45.028438568115234,1,0
1062,647974.125,45.028438568115234,1,1
1063,647099.375,45.028438568115234,1,1
1064,645473.5,45.028438568115234,1,1
1065,645098.125,45.028438568115234,1,1
1066,645099.75,45.028438568115234,1,1
1067,645100.6875,45.028438568115234,1,1
1068,645100.6875,45.028438568115234,1,1
1069,645100.6875,45.028438568115234,1,0
1070,645100.6875,45.028438568115234,1,0
1071,645100.6875,45.028438568115234,1,0
1072,645100.6875,45.028438568115234,1,0
1073,670186.125,45.028438568115234,1,0
1074,660668.6875,45.028438568115234,1,0
1075,656829.3125,45.028438568115234,1,0
1076,655080.8125,45.028438568115234,1,0
1077,651829.375,45.028438568115234,1,0
1078,864301.25,45.028438568115234,1,1
1079,783800.4375,45.028438568115234,1,0
1080,1374289.875,45.028438568115234,1,0
1081,736106.25,45.028438568115234,1,0
1082,720992.1875,45.028438568115234,1,0
1083,709656.8125,45.028438568115234,1,0
1084,707737.625,45.028438568115234,1,0
1085,706867.75,45.028438568115234,1,0
1086,705240.5625,45.028438568115234,1,0
1087,704850.25,45.028438568115234,1,0
1088,704850.25,45.028438568115234,1,1
1089,704850.25,45.028438568115234,1,0
1090,4607377.5,45.028438568115234,1,0
1091,368239.96875,45.028438568115234,1,0
1092,140951.546875,45.028438568115234,1,0
1093,335272.03125,45.028438568115234,1,0
1094,229989.84375,45.028438568115234,1,0
1095,133678.796875,45.028438568115234,1,0
1096,133740.75,45.028438568115234,1,0
1097,133742.4375,45.028438568115234,1,0
1098,133747.484375,45.028438568115234,1,1
1099,1112756.625,45.028438568115234,1,0
1100,345906.5,45.028438568115234,1,0
1101,186191.671875,45.028438568115234,1,0
1102,111526.3203125,45.028438568115234,1,0
1103,114367.5546875,45.028438568115234,1,0
1104,151030.234375,45.028438568115234,1,0
1105,150967.546875,45.028438568115234,1,0
1106,151226.8125,45.028438568115234,1,0
1107,150712.5,45.028438568115234,1,0
1108,150344.296875,45.028438568115234,1,1
1109,150442.0625,45.028438568115234,1,1
1110,140119.46875,45.028438568115234,1,1
1111,128500.8359375,45.028438568115234,1,1
1112,128856.9296875,45.028438568115234,1,0
1113,129595.0,45.028438568115234,1,0
1114,142463.8125,45.028438568115234,1,0
1115,155513.8125,45.028438568115234,1,0
1116,156712.6875,45.028438568115234,1,0
1117,157579.296875,45.028438568115234,1,0
1118,156041.609375,45.028438568115234,1,0
1119,153426.203125,45.028438568115234,1,0
1120,150564.484375,45.028438568115234,1,1
1121,149697.125,45.028438568115234,1,1
1122,149855.046875,45.028438568115234,1,1
1123,148635.625,45.028438568115234,1,1
1124,147430.84375,45.028438568115234,1,1
1125,146295.8125,45.028438568115234,1,0
1126,147057.796875,45.028438568115234,1,0
1127,145589.546875,45.028438568115234,1,0
1128,145331.75,45.028438568115234,1,0
1129,144534.25,45.028438568115234,1,0
1130,142861.09375,45.028438568115234,1,0
1131,142469.921875,45.028438568115234,1,0
1132,141459.515625,45.028438568115234,1,0
1133,140357.140625,45.028438568115234,1,1
1134,139981.453125,45.028438568115234,1,1
1135,139330.8125,45.028438568115234,1,1
1136,140101.984375,45.028438568115234,1,1
1137,139846.078125,45.028438568115234,1,1
1138,140167.609375,45.028438568115234,1,1
1139,140479.125,45.028438568115234,1,1
1140,140006.640625,45.028438568115234,1,0
1141,139987.140625,45.028438568115234,1,0
1142,140200.265625,45.028438568115234,1,0
1143,141169.484375,45.028438568115234,1,0
1144,141066.984375,45.028438568115234,1,0
1145,140789.59375,45.028438568115234,1,0
1146,139875.0625,45.028438568115234,1,0
1147,139655.5,45.028438568115234,1,0
1148,139218.9375,45.028438568115234,1,0
1149,139286.171875,45.028438568115234,1,1
1150,139180.0625,45.028438568115234,1,1
1151,136387.28125,45.028438568115234,1,1
1152,132643.5625,45.028438568115234,1,1
1153,126238.890625,45.028438568115234,1,1
1154,130539.4296875,45.028438568115234,1,1
1155,127952.0078125,45.028438568115234,1,0
1156,127689.453125,45.028438568115234,1,0
1157,136052.125,45.028438568115234,1,0
1158,138761.71875,45.028438568115234,1,0
1159,137677.5,45.028438568115234,1,0
1160,136745.0,45.028438568115234,1,0
1161,137878.09375,45.028438568115234,1,0
1162,137483.875,45.028438568115234,1,0
1163,136487.9375,45.028438568115234,1,0
1164,135696.5,45.028438568115234,1,1
1165,136218.3125,45.028438568115234,1,1
1166,134795.796875,45.028438568115234,1,1
1167,134043.046875,45.028438568115234,1,1
1168,132787.75,45.028438568115234,1,1
1169,146894.3125,45.028438568115234,1,1
1170,154739.375,45.028438568115234,1,1
1171,156442.71875,45.028438568115234,1,0
1172,156597.5625,45.028438568115234,1,0
1173,152224.46875,45.028438568115234,1,0
1174,152613.828125,45.028438568115234,1,0
1175,150898.0,45.028438568115234,1,0
1176,149420.234375,45.028438568115234,1,0
1177,147384.0,45.028438568115234,1,0
1178,147449.625,45.028438568115234,1,0
1179,146057.515625,45.028438568115234,1,0
1180,146909.46875,45.028438568115234,1,1
1181,8312355.5,45.028438568115234,1,1
1182,4929869.0,45.028438568115234,1,1
1183,3867618.25,45.028438568115234,1,1
1184,3743084.25,45.028438568115234,1,1
1185,2004992.75,45.028438568115234,1,1
1186,1550769.0,45.028438568115234,1,0
1187,1549035.125,45.028438568115234,1,0
1188,1537087.125,45.028438568115234,1,0
1189,1533313.0,45.028438568115234,1,0
1190,1533313.0,45.028438568115234,1,0
1191,1533313.0,45.028438568115234,1,0
1192,1533313.0,45.028438568115234,1,0
1193,1533313.0,45.028438568115234,1,0
1194,1533313.0,45.028438568115234,1,0
1195,1533313.0,45.028438568115234,1,1
1196,1533313.0,45.028438568115234,1,1
1197,1533313.0,45.028438568115234,1,1
1198,1538390.125,45.028438568115234,1,1
1199,1539205.25,45.028438568115234,1,1
1200,1540238.25,45.028438568115234,1,1
1201,1540479.0,45.028438568115234,1,0
1202,1551517.25,45.028438568115234,1,0
1203,1545393.375,45.028438568115234,1,0
1204,1581071.75,45.028438568115234,1,0
1205,1562246.5,45.028438568115234,1,0
1206,1554730.625,45.028438568115234,1,0
1207,1551745.0,45.028438568115234,1,0
1208,1546742.375,45.028438568115234,1,0
1209,1545949.5,45.028438568115234,1,0
1210,1545949.5,45.028438568115234,1,1
1211,1583577.875,45.028438568115234,1,0
1212,5448791.5,45.028438568115234,1,0
1213,1533806.75,45.028438568115234,1,0
1214,1531529.75,45.028438568115234,1,0
1215,1526344.25,45.028438568115234,1,0
1216,1524342.25,45.028438568115234,1,0
1217,1524342.25,45.028438568115234,1,0
1218,1536884.625,45.028438568115234,1,0
1219,1532516.75,45.028438568115234,1,0
1220,1530593.375,45.028438568115234,1,1
1221,7156394.5,45.028438568115234,1,0
1222,713923.1875,45.028438568115234,1,0
1223,351173.875,45.028438568115234,1,0
1224,370711.59375,45.028438568115234,1,0
1225,351173.875,45.028438568115234,1,0
1226,351173.875,45.028438568115234,1,0
1227,351173.875,45.028438568115234,1,0
1228,351173.875,45.028438568115234,1,0
1229,351173.875,45.028438568115234,1,1
1230,351173.875,45.028438568115234,1,0
1231,3196101.25,45.028438568115234,1,0
1232,334989.78125,45.028438568115234,1,0
1233,126565.015625,45.028438568115234,1,0
1234,365615.96875,45.028438568115234,1,0
1235,142690.109375,45.028438568115234,1,0
1236,142163.25,45.028438568115234,1,0
1237,142562.828125,45.028438568115234,1,0
1238,140592.375,45.028438568115234,1,0
1239,139760.703125,45.028438568115234,1,1
1240,140219.0,45.028438568115234,1,1
1241,139509.484375,45.028438568115234,1,1
1242,139554.34375,45.028438568115234,1,1
1243,138287.15625,45.028438568115234,1,0
1244,139051.265625,45.028438568115234,1,0
1245,138671.484375,45.028438568115234,1,0
1246,137723.484375,45.028438568115234,1,0
1247,136959.953125,45.028438568115234,1,0
1248,136845.328125,45.028438568115234,1,0
1249,136918.09375,45.028438568115234,1,0
1250,136838.28125,45.028438568115234,1,0
1251,136747.34375,45.028438568115234,1,0
1252,137213.109375,45.028438568115234,1,0
1253,136624.453125,45.028438568115234,1,1
1254,136104.015625,45.028438568115234,1,1
1255,136438.453125,45.028438568115234,1,1
1256,136819.703125,45.028438568115234,1,1
1257,136440.484375,45.028438568115234,1,0
1258,135645.875,45.028438568115234,1,0
1259,135060.71875,45.028438568115234,1,0
1260,133857.203125,45.028438568115234,1,0
1261,133763.1875,45.028438568115234,1,0
1262,108215.59375,45.028438568115234,1,0
1263,149706.65625,45.028438568115234,1,0
1264,156345.625,45.028438568115234,1,0
1265,159204.609375,45.028438568115234,1,1
1266,158585.140625,45.028438568115234,1,1
1267,153868.921875,45.028438568115234,1,1
1268,153346.78125,45.028438568115234,1,1
1269,152967.40625,45.028438568115234,1,1
1270,152869.59375,45.028438568115234,1,1
1271,152766.578125,45.028438568115234,1,1
1272,152224.3125,45.028438568115234,1,1
1273,151097.953125,45.028438568115234,1,0
1274,150563.390625,45.028438568115234,1,0
1275,151217.75,45.028438568115234,1,0
1276,151730.8125,45.028438568115234,1,0
1277,151298.78125,45.028438568115234,1,0
1278,150865.234375,45.028438568115234,1,0
1279,150515.625,45.028438568115234,1,0
1280,150681.015625,45.028438568115234,1,0
1281,150046.6875,45.028438568115234,1,1
1282,149889.984375,45.028438568115234,1,1
1283,145560.046875,45.028438568115234,1,1
1284,143692.4375,45.028438568115234,1,1
1285,138969.421875,45.028438568115234,1,1
1286,137344.359375,45.028438568115234,1,1
1287,134510.75,45.028438568115234,1,1
1288,135099.15625,45.028438568115234,1,0
1289,121524.265625,45.028438568115234,1,0
1290,143926.046875,45.028438568115234,1,0
1291,151238.515625,45.028438568115234,1,0
1292,154863.484375,45.028438568115234,1,0
1293,153144.078125,45.028438568115234,1,0
1294,151799.59375,45.028438568115234,1,0
1295,151941.390625,45.028438568115234,1,0
1296,151135.828125,45.028438568115234,1,1
1297,150529.171875,45.028438568115234,1,1
1298,150231.234375,45.028438568115234,1,1
1299,150351.84375,45.028438568115234,1,1
1300,149770.5,45.028438568115234,1,1
1301,149762.78125,45.028438568115234,1,1
1302,148707.640625,45.028438568115234,1,1
1303,148342.375,45.028438568115234,1,1
1304,147888.859375,45.028438568115234,1,0
1305,148573.96875,45.028438568115234,1,0
1306,148803.921875,45.028438568115234,1,0
1307,147617.125,45.028438568115234,1,0
1308,147090.203125,45.028438568115234,1,0
1309,146641.140625,45.028438568115234,1,0
1310,146783.015625,45.028438568115234,1,0
1311,145191.703125,45.028438568115234,1,0
1312,144497.03125,45.028438568115234,1,0
1313,153056.71875,45.028438568115234,1,1
1314,2418570.75,45.028438568115234,1,1
1315,1530620.75,45.028438568115234,1,1
1316,1130983.125,45.028438568115234,1,1
1317,1034093.1875,45.028438568115234,1,1
1318,696952.3125,45.028438568115234,1,1
1319,534136.1875,45.028438568115234,1,1
1320,424171.0625,45.028438568115234,1,0
1321,389233.0625,45.028438568115234,1,0
1322,381321.09375,45.028438568115234,1,0
1323,357354.75,45.028438568115234,1,0
1324,357273.96875,45.028438568115234,1,0
1325,357273.96875,45.028438568115234,1,0
1326,394902.0625,45.028438568115234,1,0
1327,377060.90625,45.028438568115234,1,0
1328,371331.5625,45.028438568115234,1,0
1329,444059.90625,45.028438568115234,1,1
1330,403364.0,45.028438568115234,1,1
1331,391254.46875,45.028438568115234,1,1
1332,449315.53125,45.028438568115234,1,1
1333,418698.0625,45.028438568115234,1,1
1334,408623.21875,45.028438568115234,1,1
1335,404833.1875,45.028438568115234,1,1
1336,476024.875,45.028438568115234,1,1
1337,453407.3125,45.028438568115234,1,0
1338,446146.84375,45.028438568115234,1,0
1339,442988.21875,45.028438568115234,1,0
1340,437653.75,45.028438568115234,1,0
1341,436249.15625,45.028438568115234,1,0
1342,425833.28125,45.028438568115234,1,0
1343,422848.90625,45.028438568115234,1,0
1344,421736.3125,45.028438568115234,1,0
1345,418748.34375,45.028438568115234,1,1
1346,474456.75,45.028438568115234,1,0
1347,2211466.0,45.028438568115234,1,0
1348,440965.84375,45.028438568115234,1,0
1349,434918.21875,45.028438568115234,1,0
1350,497612.1875,45.028438568115234,1,0
1351,429029.5625,45.028438568115234,1,0
1352,429029.5625,45.028438568115234,1,0
1353,429029.5625,45.028438568115234,1,0
1354,421665.25,45.028438568115234,1,0
1355,420068.25,45.028438568115234,1,1
1356,417324.28125,45.028438568115234,1,0
1357,2740284.25,45.028438568115234,1,0
1358,207633.6875,45.028438568115234,1,0
1359,221836.78125,45.028438568115234,1,0
1360,327304.6875,45.028438568115234,1,0
1361,230709.125,45.028438568115234,1,0
1362,222341.828125,45.028438568115234,1,0
1363,217594.765625,45.028438568115234,1,0
1364,215640.3125,45.028438568115234,1,0
1365,213522.359375,45.028438568115234,1,1
1366,2183369.25,45.028438568115234,1,0
1367,255701.578125,45.028438568115234,1,0
1368,138677.703125,45.028438568115234,1,0
1369,334294.875,45.028438568115234,1,0
1370,278283.34375,45.028438568115234,1,0
1371,87317.5703125,45.028438568115234,1,0
1372,86901.4453125,45.028438568115234,1,0
1373,87468.6015625,45.028438568115234,1,0
1374,88769.6953125,45.028438568115234,1,1
1375,89388.9296875,45.028438568115234,1,1
1376,89739.0234375,45.028438568115234,1,1
1377,92267.875,45.028438568115234,1,1
1378,91671.515625,45.028438568115234,1,0
1379,93233.1484375,45.028438568115234,1,0
1380,91213.046875,45.028438568115234,1,0
1381,93463.8359375,45.028438568115234,1,0
1382,91476.8359375,45.028438568115234,1,0
1383,90142.1640625,45.028438568115234,1,0
1384,93574.15625,45.028438568115234,1,0
1385,95259.53125,45.028438568115234,1,0
1386,99177.28125,45.028438568115234,1,0
1387,97508.734375,45.028438568115234,1,1
1388,97754.515625,45.028438568115234,1,1
1389,99653.5859375,45.028438568115234,1,1
1390,99466.6953125,45.028438568115234,1,1
1391,103357.9609375,45.028438568115234,1,0
1392,109700.2109375,45.028438568115234,1,0
1393,112248.8515625,45.028438568115234,1,0
1394,117316.6171875,45.028438568115234,1,0
1395,114546.6875,45.028438568115234,1,0
1396,117228.1953125,45.028438568115234,1,0
1397,114618.8828125,45.028438568115234,1,0
1398,113770.0859375,45.028438568115234,1,0
1399,115226.4296875,45.028438568115234,1,0
1400,112447.2578125,45.028438568115234,1,1
1401,115191.5546875,45.028438568115234,1,1
1402,116413.640625,45.028438568115234,1,1
1403,112947.4140625,45.028438568115234,1,1
1404,112558.7109375,45.028438568115234,1,1
1405,115370.171875,45.028438568115234,1,1
1406,113169.671875,45.028438568115234,1,1
1407,93614.2265625,45.028438568115234,1,0
1408,102726.0703125,45.028438568115234,1,0
1409,104588.8046875,45.028438568115234,1,0
1410,107461.9140625,45.028438568115234,1,0
1411,104934.1953125,45.028438568115234,1,0
1412,108480.3984375,45.028438568115234,1,0
1413,109929.765625,45.028438568115234,1,0
1414,110471.7734375,45.028438568115234,1,0
1415,112468.3515625,45.028438568115234,1,0
1416,113081.90625,45.028438568115234,1,1
1417,113500.9453125,45.028438568115234,1,1
1418,128561.46875,45.028438568115234,1,1
1419,131640.453125,45.028438568115234,1,1
1420,131618.875,45.028438568115234,1,1
1421,136927.546875,45.028438568115234,1,1
1422,139945.84375,45.028438568115234,1,0
1423,141336.8125,45.028438568115234,1,0
1424,128762.4765625,45.028438568115234,1,0
1425,126947.4375,45.028438568115234,1,0
1426,123654.8046875,45.028438568115234,1,0
1427,117353.4375,45.028438568115234,1,0
1428,126588.421875,45.028438568115234,1,0
1429,128866.625,45.028438568115234,1,0
1430,130069.5703125,45.028438568115234,1,0
1431,134733.21875,45.028438568115234,1,1
1432,138998.90625,45.028438568115234,1,1
1433,142839.546875,45.028438568115234,1,1
1434,141299.015625,45.028438568115234,1,1
1435,145993.0,45.028438568115234,1,1
1436,142154.125,45.028438568115234,1,1
1437,131071.9921875,45.028438568115234,1,0
1438,138120.90625,45.028438568115234,1,0
1439,138531.1875,45.028438568115234,1,0
1440,140876.40625,45.028438568115234,1,0
1441,146297.5,45.028438568115234,1,0
1442,148330.90625,45.028438568115234,1,0
1443,148773.953125,45.028438568115234,1,0
1444,149454.671875,45.028438568115234,1,0
1445,148721.0625,45.028438568115234,1,0
1446,147300.578125,45.028438568115234,1,0
1447,138275.03125,45.028438568115234,1,1
1448,142881.578125,45.028438568115234,1,1
1449,146080.109375,45.028438568115234,1,1
1450,148093.234375,45.028438568115234,1,1
1451,148813.703125,45.028438568115234,1,1
1452,144494.796875,45.028438568115234,1,1
1453,146103.3125,45.028438568115234,1,0
1454,149327.328125,45.028438568115234,1,0
1455,146657.984375,45.028438568115234,1,0
1456,153468.09375,45.028438568115234,1,0
1457,150190.71875,45.028438568115234,1,0
1458,152616.703125,45.028438568115234,1,0
1459,152889.90625,45.028438568115234,1,0
1460,150973.3125,45.028438568115234,1,0
1461,157387.109375,45.028438568115234,1,0
1462,153123.359375,45.028438568115234,1,1
1463,154133.5625,45.028438568115234,1,1
1464,158390.015625,45.028438568115234,1,1
1465,158901.046875,45.028438568115234,1,1
1466,158679.265625,45.028438568115234,1,1
1467,159285.046875,45.028438568115234,1,1
1468,159387.5625,45.028438568115234,1,0
1469,160910.59375,45.028438568115234,1,0
1470,158123.46875,45.028438568115234,1,0
1471,161210.390625,45.028438568115234,1,0
1472,164682.78125,45.028438568115234,1,0
1473,166087.046875,45.028438568115234,1,0
1474,166978.34375,45.028438568115234,1,0
1475,167579.25,45.028438568115234,1,0
1476,169348.859375,45.028438568115234,1,0
1477,169562.03125,45.028438568115234,1,1
1478,658791.375,45.028438568115234,1,0
1479,177112.578125,45.028438568115234,1,0
1480,182301.203125,45.028438568115234,1,0
1481,179525.265625,45.028438568115234,1,0
1482,180535.640625,45.028438568115234,1,0
1483,182232.734375,45.028438568115234,1,0
1484,180142.078125,45.028438568115234,1,0
1485,181660.0625,45.028438568115234,1,0
1486,181771.515625,45.028438568115234,1,1
1487,183904.359375,45.028438568115234,1,0
1488,1814486.625,45.028438568115234,1,0
1489,130478.59375,45.028438568115234,1,0
1490,130307.8203125,45.028438568115234,1,0
1491,130096.59375,45.028438568115234,1,0
1492,130130.515625,45.028438568115234,1,0
1493,130098.28125,45.028438568115234,1,0
1494,129162.140625,45.028438568115234,1,0
1495,126738.25,45.028438568115234,1,0
1496,127613.078125,45.028438568115234,1,1
1497,129048.6796875,45.028438568115234,1,0
1498,1067368.25,45.028438568115234,1,0
1499,39241.09765625,45.028438568115234,1,0
1500,31117.412109375,45.028438568115234,1,0
1501,31842.09375,45.028438568115234,1,0
1502,27622.0703125,45.028438568115234,1,0
1503,18933.3984375,45.028438568115234,1,0
1504,18933.3125,45.028438568115234,1,0
1505,18933.216796875,45.028438568115234,1,0
1506,18931.3046875,45.028438568115234,1,0
1507,18930.34765625,45.028438568115234,1,1
1508,18929.08984375,45.028438568115234,1,1
1509,18928.73046875,45.028438568115234,1,1
1510,18925.26171875,45.028438568115234,1,1
1511,18926.611328125,45.028438568115234,1,0
1512,18926.748046875,45.028438568115234,1,0
1513,18927.056640625,45.028438568115234,1,0
1514,18922.60546875,45.028438568115234,1,0
1515,18921.15625,45.028438568115234,1,0
1516,18919.78125,45.028438568115234,1,0
1517,18916.826171875,45.028438568115234,1,0
1518,18917.541015625,45.028438568115234,1,0
1519,18916.466796875,45.028438568115234,1,1
1520,18914.287109375,45.028438568115234,1,1
1521,18910.236328125,45.028438568115234,1,1
1522,18908.056640625,45.028438568115234,1,1
1523,18907.193359375,45.028438568115234,1,1
1524,18907.18359375,45.028438568115234,1,0
1525,18908.0,45.028438568115234,1,0
1526,18906.3671875,45.028438568115234,1,0
1527,18905.236328125,45.028438568115234,1,0
1528,18902.935546875,45.028438568115234,1,0
1529,18875.83203125,45.028438568115234,1,0
1530,18871.91796875,45.028438568115234,1,0
1531,18873.759765625,45.028438568115234,1,0
1532,18873.095703125,45.028438568115234,1,1
1533,18872.3046875,45.028438568115234,1,1
1534,18871.16796875,45.028438568115234,1,1
1535,18870.595703125,45.028438568115234,1,1
1536,18870.443359375,45.028438568115234,1,1
1537,18871.376953125,45.028438568115234,1,1
1538,18871.619140625,45.028438568115234,1,1
1539,18870.478515625,45.028438568115234,1,1
1540,18869.759765625,45.028438568115234,1,0
1541,18869.53515625,45.028438568115234,1,0
1542,18870.07421875,45.028438568115234,1,0
1543,18868.962890625,45.028438568115234,1,0
1544,18868.546875,45.028438568115234,1,0
1545,18866.138671875,45.028438568115234,1,0
1546,18864.8671875,45.028438568115234,1,0
1547,18863.888671875,45.028438568115234,1,0
1548,18864.658203125,45.028438568115234,1,0
1549,18865.064453125,45.028438568115234,1,1
1550,18864.486328125,45.028438568115234,1,1
1551,18856.4453125,45.028438568115234,1,1
1552,18851.40625,45.028438568115234,1,1
1553,18849.37890625,45.028438568115234,1,1
1554,18849.455078125,45.028438568115234,1,1
1555,18848.689453125,45.028438568115234,1,1
1556,18848.345703125,45.028438568115234,1,0
1557,18855.087890625,45.028438568115234,1,0
1558,18857.576171875,45.028438568115234,1,0
1559,18861.01953125,45.028438568115234,1,0
1560,18859.78125,45.028438568115234,1,0
1561,19491.513671875,45.028438568115234,1,0
1562,19762.72265625,45.028438568115234,1,0
1563,19972.876953125,45.028438568115234,1,0
1564,20102.9765625,45.028438568115234,1,1
1565,20007.580078125,45.028438568115234,1,1
1566,20005.890625,45.028438568115234,1,1
1567,20005.095703125,45.028438568115234,1,1
1568,20004.583984375,45.028438568115234,1,1
1569,20005.435546875,45.028438568115234,1,1
1570,20003.548828125,45.028438568115234,1,1
1571,20002.46484375,45.028438568115234,1,1
1572,8510.6630859375,45.028438568115234,1,1
1573,8510.6572265625,45.028438568115234,1,0
1574,8510.861328125,45.028438568115234,1,0
1575,8511.044921875,45.028438568115234,1,0
1576,8510.9697265625,45.028438568115234,1,0
1577,8510.8876953125,45.028438568115234,1,0
1578,8510.2783203125,45.028438568115234,1,0
1579,8510.41015625,45.028438568115234,1,0
1580,8510.5419921875,45.028438568115234,1,0
1581,8510.044921875,45.028438568115234,1,0
1582,8509.9228515625,45.028438568115234,1,1
1583,8874.5078125,45.028438568115234,1,1
1584,10021.59375,45.028438568115234,1,1
1585,10626.185546875,45.028438568115234,1,1
1586,10950.7353515625,45.028438568115234,1,1
1587,10973.7021484375,45.028438568115234,1,1
1588,11083.4892578125,45.028438568115234,1,1
1589,11083.462890625,45.028438568115234,1,0
1590,11082.9892578125,45.028438568115234,1,0
1591,11082.6630859375,45.028438568115234,1,0
1592,11081.9814453125,45.028438568115234,1,0
1593,11081.96875,45.028438568115234,1,0
1594,11081.9921875,45.028438568115234,1,0
1595,11082.03125,45.028438568115234,1,0
1596,11082.3671875,45.028438568115234,1,0
1597,11082.6533203125,45.028438568115234,1,1
1598,11082.74609375,45.028438568115234,1,1
1599,11082.9296875,45.028438568115234,1,1
1600,11083.150390625,45.028438568115234,1,1
1601,11083.216796875,45.028438568115234,1,1
1602,11082.97265625,45.028438568115234,1,1
1603,11082.5087890625,45.028438568115234,1,1
1604,11082.53515625,45.028438568115234,1,0
1605,11082.1171875,45.028438568115234,1,0
1606,11081.2646484375,45.028438568115234,1,0
1607,11080.77734375,45.028438568115234,1,0
1608,11080.35546875,45.028438568115234,1,0
1609,11080.2861328125,45.028438568115234,1,0
1610,11079.6376953125,45.028438568115234,1,0
1611,11079.380859375,45.028438568115234,1,0
1612,11078.80859375,45.028438568115234,1,0
1613,11078.501953125,45.028438568115234,1,0
1614,11078.3408203125,45.028438568115234,1,0
1615,11078.8046875,45.028438568115234,1,0
1616,11078.462890625,45.028438568115234,1,0
1617,11078.30078125,45.028438568115234,1,0
1618,11077.8466796875,45.028438568115234,1,0
1619,11078.1435546875,45.028438568115234,1,0
1620,11078.30078125,45.028438568115234,1,0
1621,11078.44921875,45.028438568115234,1,0
1622,11078.041015625,45.028438568115234,1,0
1623,11077.4287109375,45.028438568115234,1,0
1624,11076.9970703125,45.028438568115234,1,0
1625,11077.056640625,45.028438568115234,1,0
1626,11076.951171875,45.028438568115234,1,0
1627,11076.912109375,45.028438568115234,1,0
1628,11076.9248046875,45.028438568115234,1,0
1629,11076.6220703125,45.028438568115234,1,0
1630,11076.6650390625,45.028438568115234,1,0
1631,11076.6552734375,45.028438568115234,1,0
1632,11076.7998046875,45.028438568115234,1,0
1633,11076.62890625,45.028438568115234,1,0
1634,11076.4248046875,45.028438568115234,1,0
1635,11076.1611328125,45.028438568115234,1,0
1636,11076.3486328125,45.028438568115234,1,0
1637,11076.5,45.028438568115234,1,0
1638,11076.2998046875,45.028438568115234,1,0
1639,11075.904296875,45.028438568115234,1,0
1640,11075.4765625,45.028438568115234,1,0
1641,11075.7724609375,45.028438568115234,1,0
1642,11075.6904296875,45.028438568115234,1,0
1643,11075.7626953125,45.028438568115234,1,0
1644,11075.5322265625,45.028438568115234,1,0
1645,11075.486328125,45.028438568115234,1,0
1646,11075.634765625,45.028438568115234,1,0
1647,11075.70703125,45.028438568115234,1,0
1648,11075.6474609375,45.028438568115234,1,0
1649,11075.578125,45.028438568115234,1,0
1650,11075.2001953125,45.028438568115234,1,0
1651,11075.2333984375,45.028438568115234,1,0
1652,11075.2197265625,45.028438568115234,1,0
