timestamp,frontend_cpu,frontend_mem,frontend_request_rate,frontend_latency,frontend_error_rate,cartservice_cpu,cartservice_mem,cartservice_request_rate,cartservice_latency,cartservice_error_rate,checkoutservice_cpu,checkoutservice_mem,checkoutservice_request_rate,checkoutservice_latency,checkoutservice_error_rate,productcatalogservice_cpu,productcatalogservice_mem,productcatalogservice_request_rate,productcatalogservice_latency,productcatalogservice_error_rate,recommendationservice_cpu,recommendationservice_mem,recommendationservice_request_rate,recommendationservice_latency,recommendationservice_error_rate,paymentservice_cpu,paymentservice_mem,paymentservice_request_rate,paymentservice_latency,paymentservice_error_rate,currencyservice_cpu,currencyservice_mem,currencyservice_request_rate,currencyservice_latency,currencyservice_error_rate,shippingservice_cpu,shippingservice_mem,shippingservice_request_rate,shippingservice_latency,shippingservice_error_rate,emailservice_cpu,emailservice_mem,emailservice_request_rate,emailservice_latency,emailservice_error_rate,adservice_cpu,adservice_mem,adservice_request_rate,adservice_latency,adservice_error_rate,redis-cart_cpu,redis-cart_mem,redis-cart_request_rate,redis-cart_latency,redis-cart_error_rate
2026-06-07 15:18:18,0.013947277093064443,16404480.0,0.18815349741512932,57.0,0.0,0.004373222866673963,57909248.0,0.18815349741512935,569.0,0.0,0.0010737827142556743,10723328.0,0.18815349741512935,568.0,0.0,0.005120996505215351,10780672.0,0.18815349741512932,569.0,0.0,0.006435977800846364,44781568.0,0.18815349741512932,568.0,0.0,0.0010337855990155843,125550592.0,0.18815349741512935,568.0,0.0,0.009057319941687342,129298432.0,0.18815349741512932,568.0,0.0,0.0007685863776336517,9527296.0,0.0,21830.0,0.044798451765506994,0.0016839697657380628,45809664.0,0.0,21829.0,0.04479845176550698,0.0018131900177560329,101789696.0,0.18815349741512932,568.0,0.0,0.0022982476646017315,6815744.0,0.18815349741512932,748.0,0.0
2026-06-07 15:18:48,0.014173380554602587,15327232.0,0.18872294613675553,57.0,0.0,0.004878917988925924,57909248.0,0.18872294613675553,569.0,0.0,0.0012105983698055918,10461184.0,0.18872294613675553,568.0,0.0,0.005850571339310151,11321344.0,0.18872294613675547,569.0,0.0,0.006657699789350729,44785664.0,0.18872294613675553,568.0,0.0,0.0011130788326589587,125595648.0,0.18872294613675547,568.0,0.0,0.009060333700762197,129667072.0,0.18872294613675547,568.0,0.0,0.0007741788118346745,9445376.0,0.0,21830.0,0.051469894400933316,0.0015833864815514697,45813760.0,0.0,21829.0,0.051469894400933316,0.0022138203266787735,101801984.0,0.18872294613675553,568.0,0.0,0.0023920674458708076,7069696.0,0.18872294613675547,748.0,0.0
2026-06-07 15:19:18,0.01372160028456503,15446016.0,0.18742066568412802,57.0,0.0,0.005507864230557639,57905152.0,0.18742066568412802,569.0,0.0,0.0010895501892275062,10461184.0,0.18742066568412805,568.0,0.0,0.005786665645317297,10870784.0,0.18742066568412805,569.0,0.0,0.0063658325332888845,44785664.0,0.18742066568412802,568.0,0.0,0.004036280813496478,125603840.0,0.18742066568412802,568.0,0.0,0.008111818232098333,129548288.0,0.18742066568412802,568.0,0.0,0.0007739873417721428,9482240.0,0.0,21830.0,0.042595605837301834,0.0019196567106283971,45817856.0,0.0,21829.0,0.042595605837301834,0.0022600592284134535,101945344.0,0.18742066568412802,568.0,0.0,0.002250982128991614,6807552.0,0.18742066568412805,748.0,0.0
2026-06-07 15:19:48,0.013879170488037024,15663104.0,0.19089000190890001,57.0,0.0,0.005556578370593072,57909248.0,0.19089000190890001,569.0,0.0,0.001226400083926356,10563584.0,0.19089000190890001,568.0,0.0,0.0058166845080474625,11288576.0,0.19089000190890001,569.0,0.0,0.006474629084104129,44785664.0,0.19089000190890001,568.0,0.0,0.0038637159972873107,125657088.0,0.18571896598218965,568.0,0.0,0.008384892325336957,130383872.0,0.18555034648050348,568.0,0.0,0.0008127875229083133,9490432.0,0.0,21830.0,0.04413434017348626,0.001940162428000869,45813760.0,0.0,21829.0,0.044105555173198405,0.002185876693937091,101683200.0,0.1851351607263516,568.0,0.0,0.0024838653962404983,7069696.0,0.1850094914750949,748.0,0.0
2026-06-07 15:20:18,0.0138968700390019,15515648.0,0.19132098443342901,57.0,0.0,0.005751254176836758,57921536.0,0.19132098443342901,569.0,0.0,0.001002984273940678,10563584.0,0.19132098443342901,568.0,0.0,0.005627478808241087,10899456.0,0.19132098443342896,569.0,0.0,0.005861409104516645,44789760.0,0.19132098443342901,568.0,0.0,0.0038182202088452143,125882368.0,0.19132098443342896,568.0,0.0,0.009400657779900911,129982464.0,0.19132098443342901,568.0,0.0,0.000795224996325286,9490432.0,0.0,21830.0,0.05217845030002608,0.001922171149699301,45813760.0,0.0,21829.0,0.05217845030002609,0.0017878901139973687,101679104.0,0.19132098443342896,568.0,0.0,0.002620513555280382,7069696.0,0.19132098443342896,748.0,0.0
2026-06-07 15:20:48,0.014097709744269198,15818752.0,0.19143419014636012,57.0,0.0,0.00558109080589085,57933824.0,0.19143419014636015,569.0,0.0,0.0011867035222861274,10563584.0,0.19143419014636015,568.0,0.0,0.00614982983315352,11108352.0,0.19143419014636015,569.0,0.0,0.006907853020079688,44793856.0,0.19143419014636015,568.0,0.0,0.0011411348435017203,125894656.0,0.19143419014636015,568.0,0.0,0.009592165081748427,130121728.0,0.19143419014636015,568.0,0.0,0.000821529657571615,9433088.0,0.0,21830.0,0.04350777048780913,0.0017775332436028072,45813760.0,0.0,21829.0,0.043507770487809114,0.0017086640142690774,101683200.0,0.19143419014636012,568.0,0.0,0.002654506595145017,6807552.0,0.19143419014636015,748.0,0.0
2026-06-07 15:21:18,0.014901200192996056,15224832.0,0.19144918329518856,57.0,0.0,0.00565691659334042,57868288.0,0.19144918329518856,569.0,0.0,0.0010660125288687189,10571776.0,0.19144918329518856,568.0,0.0,0.00647376191831505,10833920.0,0.19144918329518856,569.0,0.0,0.007090779592034688,44789760.0,0.1914491832951885,568.0,0.0,0.0011458944543827993,126644224.0,0.19144918329518856,568.0,0.0,0.009533677010012787,131018752.0,0.19144918329518856,568.0,0.0,0.000803983299590253,9433088.0,0.0,21830.0,0.052213413625960506,0.0019278710543989038,45813760.0,0.0,21829.0,0.05221341362596052,0.001963299654080312,101679104.0,0.1914491832951885,568.0,0.0,0.0023837645473639407,7069696.0,0.19144918329518856,748.0,0.0
2026-06-07 15:21:48,0.013269883325317741,15364096.0,0.19140254565385723,57.0,0.0,0.004970823048567311,57896960.0,0.19140254565385723,569.0,0.0,0.00122884118587772,10571776.0,0.19140254565385723,568.0,0.0,0.0068708672086721595,10711040.0,0.19140254565385723,569.0,0.0,0.007137783408772646,44789760.0,0.19140254565385723,568.0,0.0,0.0012443207655350892,126353408.0,0.19140254565385723,568.0,0.0,0.009616104988214412,131502080.0,0.19140254565385723,568.0,0.0,0.0008123663675736826,9236480.0,0.0,21830.0,0.04350057855769482,0.0018717730860806708,45813760.0,0.0,21829.0,0.04350057855769482,0.0019638970785312345,101679104.0,0.19140254565385723,568.0,0.0,0.00233462842659642,7069696.0,0.19140254565385723,748.0,0.0
2026-06-07 15:22:18,0.014850834102434112,15589376.0,0.19133096778682251,57.0,0.0,0.004891860782015561,58204160.0,0.19133096778682251,569.0,0.0,0.0012303190936493221,10571776.0,0.19133096778682251,568.0,0.0,0.00643717214726165,10764288.0,0.19133096778682251,569.0,0.0,0.006870128886339835,44781568.0,0.19133096778682246,568.0,0.0,0.0012134126825365194,126619648.0,0.19133096778682251,568.0,0.0,0.00814237988304794,131522560.0,0.19133096778682251,568.0,0.0,0.0007715733123928788,9236480.0,0.0,21830.0,0.05218117303276977,0.001885586822906055,45801472.0,0.0,21829.0,0.05218117303276977,0.0020302342338785148,101679104.0,0.19133096778682251,568.0,0.0,0.002609908781971023,6807552.0,0.19133096778682251,748.0,0.0
2026-06-07 15:22:48,0.013950841101876754,15511552.0,0.1909663808233379,57.0,0.0,0.004302161111111009,57909248.0,0.1909663808233379,569.0,0.0,0.0013741746442691835,10571776.0,0.1909663808233379,568.0,0.0,0.006014697205950558,10932224.0,0.1909663808233379,569.0,0.0,0.006915822181086716,44765184.0,0.1909663808233379,568.0,0.0,0.001186889477105099,126779392.0,0.1909663808233379,568.0,0.0,0.00972475245780331,131899392.0,0.19136092409929895,568.0,0.0,0.0008508546665596718,9318400.0,0.0,21830.0,0.04349111911347703,0.0018345340869097369,45801472.0,0.0,21829.0,0.04349111911347703,0.0019336940599683043,101556224.0,0.19136092409929895,568.0,0.0,0.002707080167228272,7069696.0,0.19136092409929895,748.0,0.0
2026-06-07 15:23:18,0.01325206434107025,15495168.0,0.18395286158743937,57.0,0.0,0.00542893318380789,57946112.0,0.18405890492728458,569.0,0.0,0.0012295525498879376,10571776.0,0.18420135120468853,568.0,0.0,0.005885277476826825,11333632.0,0.18431847369944288,569.0,0.0,0.006160484906426374,44781568.0,0.1844941574415744,568.0,0.0,0.0011283035981358063,126701568.0,0.18464768287388755,568.0,0.0,0.009381166276579771,132460544.0,0.18478538094204472,568.0,0.0,0.0008715897685452789,9318400.0,0.0,21830.0,0.04522104044569858,0.001955924642181561,45801472.0,0.0,21829.0,0.04522104044569858,0.001789056096176877,101814272.0,0.18992836987193404,568.0,0.0,0.002789425798625224,6807552.0,0.18992836987193404,748.0,0.0
2026-06-07 15:23:49,0.013762591881460605,15872000.0,0.18879420573419492,57.0,0.0,0.0054792406460548735,57942016.0,0.18879420573419492,569.0,0.0,0.001209073949563902,10592256.0,0.18879420573419492,568.0,0.0,0.005195253895058481,10964992.0,0.18879420573419492,569.0,0.0,0.006828220052572221,44781568.0,0.18879420573419492,568.0,0.0,0.0011248842843355367,127201280.0,0.18879420573419492,568.0,0.0,0.009841401158215444,132739072.0,0.18879420573419492,568.0,0.0,0.000737060439500431,9322496.0,0.0,21830.0,0.05148932883659861,0.001958476976392774,45801472.0,0.0,21829.0,0.05148932883659861,0.0018705653669844199,101941248.0,0.18879420573419492,568.0,0.0,0.0027463615386012583,7069696.0,0.18879420573419492,748.0,0.0
2026-06-07 15:24:19,0.013015271458239119,15577088.0,0.18351278473658386,57.0,0.0,0.005845039138943262,58167296.0,0.1833895130240553,569.0,0.0,0.001047799900514262,10604544.0,0.18748615159107568,568.0,0.0,0.006229395830664222,11141120.0,0.18748615159107568,569.0,0.0,0.007109098119631503,44781568.0,0.18748615159107562,568.0,0.0,0.0011402355834822806,126955520.0,0.18748615159107568,568.0,0.0,0.009397435759537755,132247552.0,0.18748615159107568,568.0,0.0,0.0009137272178751642,9334784.0,0.0,21830.0,0.04261048899797174,0.0020042121013363937,45801472.0,0.0,21829.0,0.04261048899797174,0.001633335228654104,101679104.0,0.18748615159107568,568.0,0.0,0.0027492572899124415,7331840.0,0.18748615159107568,748.0,0.0
2026-06-07 15:24:49,0.01467696589988704,15228928.0,0.18877962552987007,57.0,0.0,0.005695273015558379,57868288.0,0.18827832916431322,569.0,0.0,0.0013915160318485095,10608640.0,0.18827832916431317,568.0,0.0,0.006679614370900966,11210752.0,0.18827832916431317,569.0,0.0,0.007195851054596017,45047808.0,0.18827832916431317,568.0,0.0,0.001161713917401799,127037440.0,0.18827832916431317,568.0,0.0,0.009777137765331198,132759552.0,0.18827832916431317,568.0,0.0,0.000911103034369665,9338880.0,0.0,21830.0,0.05379380833266092,0.001973251642217591,45801472.0,0.0,21829.0,0.05379380833266091,0.001818848167539232,101679104.0,0.18827832916431317,568.0,0.0,0.002718779141844652,6807552.0,0.18827832916431322,748.0,0.0
2026-06-07 15:25:19,0.013692706141966035,15499264.0,0.1912128981791317,57.0,0.0,0.005830643323885683,57929728.0,0.1912128981791317,569.0,0.0,0.0014157839675689866,10739712.0,0.1912128981791317,568.0,0.0,0.006840130126641058,11116544.0,0.1912128981791317,569.0,0.0,0.007339447156350091,44781568.0,0.1912128981791317,568.0,0.0,0.0011362331838565126,127561728.0,0.1912128981791317,568.0,0.0,0.009690565837150129,132419584.0,0.1912128981791317,568.0,0.0,0.00093043021585819,9338880.0,0.0,21830.0,0.04345747685889357,0.0020734756721464847,45801472.0,0.0,21829.0,0.04345747685889357,0.0019179584432717314,101937152.0,0.1912128981791317,568.0,0.0,0.0027546294990078296,7069696.0,0.1912128981791317,748.0,0.0
2026-06-07 15:25:49,0.013524817798169395,15548416.0,0.19036082028208012,57.0,0.0,0.005510789597922746,57905152.0,0.19036082028208012,569.0,0.0,0.0013500125676090752,10543104.0,0.19036082028208012,568.0,0.0,0.006810898311034783,10797056.0,0.19036082028208012,569.0,0.0,0.0073890865721074304,44781568.0,0.19036082028208012,568.0,0.0,0.0010471749753577086,127275008.0,0.19036082028208012,568.0,0.0,0.008636367785127153,133193728.0,0.19036082028208012,568.0,0.0,0.000858898524091202,9347072.0,0.0,21830.0,0.05191658734965822,0.002064792436048631,45801472.0,0.0,21829.0,0.05191658734965822,0.0018374317672418324,101679104.0,0.19036082028208012,568.0,0.0,0.002707621121393579,6807552.0,0.19036082028208012,748.0,0.0
2026-06-07 15:26:19,0.015064654247537295,15421440.0,0.19260231998249072,57.0,0.0,0.00546423498500203,57933824.0,0.19291256028517506,569.0,0.0,0.0011524354677660072,10543104.0,0.19291256028517506,568.0,0.0,0.007152843093101041,10735616.0,0.19291256028517506,569.0,0.0,0.007460200649939473,44781568.0,0.19291256028517506,568.0,0.0,0.001186428508110986,128307200.0,0.19291256028517506,568.0,0.0,0.009657258919109703,133054464.0,0.19291256028517506,568.0,0.0,0.000833618736093017,9338880.0,0.0,21830.0,0.050325015726567404,0.0020962128430376285,45801472.0,0.0,21829.0,0.050325015726567404,0.0019903985735023745,101556224.0,0.19291256028517506,568.0,0.0,0.0026984155349058653,7065600.0,0.19291256028517506,748.0,0.0
2026-06-07 15:26:49,0.01585034176098783,15593472.0,0.19275926120632253,57.0,0.0,0.006442374430844857,58036224.0,0.19275926120632253,569.0,0.0,0.001421132906833872,10543104.0,0.19275926120632253,568.0,0.0,0.007364104525650919,10747904.0,0.19275926120632253,569.0,0.0,0.007613467918401939,45039616.0,0.19275926120632253,568.0,0.0,0.001225506352156677,127959040.0,0.19275926120632253,568.0,0.0,0.010273130941319276,133410816.0,0.19275926120632253,568.0,0.0,0.0010571056246969595,9338880.0,0.0,21830.0,0.043808923001436934,0.002037204323288808,45809664.0,0.0,21829.0,0.043808923001436934,0.0018842224087528253,101679104.0,0.19275926120632253,568.0,0.0,0.0027140644696560167,7069696.0,0.19275926120632253,748.0,0.0
2026-06-07 15:27:19,0.015416632934328071,15654912.0,0.1910899947015956,57.0,0.0,0.006568745113782829,57933824.0,0.19108999470159563,569.0,0.0,0.0015954878388599152,10543104.0,0.1910899947015956,568.0,0.0,0.007298414443285105,10895360.0,0.1910899947015956,569.0,0.0,0.0074705065237882775,45051904.0,0.1910899947015956,568.0,0.0,0.0012664365215204786,127905792.0,0.1910899947015956,568.0,0.0,0.009351797228840518,132849664.0,0.1910899947015956,568.0,0.0,0.0009704908205140171,9347072.0,0.0,21830.0,0.052115453100435166,0.0020134080800593584,45809664.0,0.0,21829.0,0.052115453100435166,0.001966484067274842,101679104.0,0.1910899947015956,568.0,0.0,0.002700215227069462,7069696.0,0.1910899947015956,748.0,0.0
2026-06-07 15:27:49,0.014545479252257423,15290368.0,0.19103855505383813,57.0,0.0,0.006275097323355629,57958400.0,0.19103855505383813,569.0,0.0,0.0016476930156553696,10547200.0,0.19103855505383813,568.0,0.0,0.006399382558632899,11292672.0,0.19103855505383813,569.0,0.0,0.007277237641805585,44781568.0,0.19103855505383813,568.0,0.0,0.0012169535979806387,128507904.0,0.19103855505383813,568.0,0.0,0.011304203644932526,133017600.0,0.19103855505383813,568.0,0.0,0.0009456379681561833,9347072.0,0.0,21830.0,0.04341785342132685,0.0018638431020620197,45809664.0,0.0,21829.0,0.04341785342132685,0.0037796810581169284,117223424.0,0.19103855505383813,568.0,0.0,0.002755143153653625,7073792.0,0.19103855505383813,748.0,0.0
2026-06-07 15:28:19,0.014768142261882843,15544320.0,0.18985968465210476,57.0,0.0,0.006246619170743583,57933824.0,0.1898596846521047,569.0,0.0,0.001576824639514783,10600448.0,0.19029824925610683,568.0,0.0,0.0063840047628496285,11055104.0,0.19029824925610683,569.0,0.0,0.007007065993136574,44781568.0,0.19029824925610683,568.0,0.0,0.0011597931492201609,128708608.0,0.19029824925610683,568.0,0.0,0.010929734242382087,132907008.0,0.19029824925610686,568.0,0.0,0.0008283763341562459,9347072.0,0.0,21830.0,0.05189952252439278,0.0019207980862570664,45813760.0,0.0,21829.0,0.05189952252439277,0.004128102799241475,101781504.0,0.19029824925610683,568.0,0.0,0.0026420267292100643,7327744.0,0.19029824925610683,748.0,0.0
2026-06-07 15:28:49,0.012676619287424333,15515648.0,0.1881315846054612,57.0,0.0,0.005334196633130921,57995264.0,0.1881315846054612,569.0,0.0,0.0013753051890739592,10600448.0,0.1881315846054612,568.0,0.0,0.005678253243350078,11161600.0,0.18813158460546117,569.0,0.0,0.006417096342008048,44781568.0,0.1881315846054612,568.0,0.0,0.0011553652342777662,128131072.0,0.18813158460546117,568.0,0.0,0.01005456558414172,132829184.0,0.1881315846054612,568.0,0.0,0.000845476282928998,9342976.0,0.0,21830.0,0.044793234429871716,0.0017209692769029076,45813760.0,0.0,21829.0,0.044793234429871716,0.0036802597222222763,101781504.0,0.1881315846054612,568.0,0.0,0.0023954787774840705,6807552.0,0.1881315846054612,748.0,0.0
2026-06-07 15:29:19,0.01136431079518729,15683584.0,0.1887618083381239,57.0,0.0,0.005253275068741796,57958400.0,0.1887618083381239,569.0,0.0,0.001246208950575228,10600448.0,0.1887618083381239,568.0,0.0,0.005091016895898196,10809344.0,0.18876180833812387,569.0,0.0,0.00624111989526152,44781568.0,0.1887618083381239,568.0,0.0,0.0010607735378437304,128823296.0,0.18876180833812387,568.0,0.0,0.009278265963678768,132943872.0,0.18876180833812387,568.0,0.0,0.0008027276958255122,9347072.0,0.0,21830.0,0.0514804931831247,0.0015687453502237247,45813760.0,0.0,21829.0,0.051480493183124684,0.003926126653511001,101785600.0,0.18876180833812387,568.0,0.0,0.002233635499858804,6807552.0,0.1887618083381239,748.0,0.0
2026-06-07 15:29:49,0.011899227335004791,15446016.0,0.18861292341457978,57.0,0.0,0.004534595201806293,58019840.0,0.18861292341457978,569.0,0.0,0.001216809102402007,10600448.0,0.18861292341457978,568.0,0.0,0.005152384707940363,11157504.0,0.18861292341457978,569.0,0.0,0.006171119789652646,44793856.0,0.18861292341457978,568.0,0.0,0.0010491307333286822,128774144.0,0.18861292341457978,568.0,0.0,0.007990131547338776,133652480.0,0.18861292341457978,568.0,0.0,0.0007513815664104644,9347072.0,0.0,21830.0,0.04286657350331359,0.0015821489315947374,45813760.0,0.0,21829.0,0.04286657350331359,0.001709741965983917,102047744.0,0.18861292341457978,568.0,0.0,0.0022449655643463017,7069696.0,0.18861292341457978,748.0,0.0
2026-06-07 15:30:19,0.011697783246263208,15278080.0,0.1544233197380254,57.0,0.037915,0.004961533531309507,57933824.0,0.19075821849991373,569.0,0.0,0.00129480396835872,10469376.0,0.19075821849991373,568.0,0.0,0.005293043727117543,11251712.0,0.19075821849991373,569.0,0.0,0.0059930047664074546,44781568.0,0.19075821849991373,568.0,0.0,0.0011082049920339886,128540672.0,0.19075821849991373,568.0,0.0,0.022377758481300775,23912448.0,0.16350704442849748,568.0,0.02222222222222222,0.0007159262299776801,9342976.0,0.0,21830.0,0.04419123021171856,0.0014777782245041589,45813760.0,0.0,21829.0,0.044159058686773126,0.0016086852705452543,101781504.0,0.185393332848868,568.0,0.0,0.002190034357947338,7335936.0,0.18527728826594722,748.0,0.0
2026-06-07 15:30:49,0.01139455111962009,15433728.0,0.15670024114425998,57.0,0.027599415204678363,0.004746753901367034,57962496.0,0.19152251695409553,569.0,0.0,0.0011537149716618052,10473472.0,0.19152251695409553,568.0,0.0,0.005035049900199654,10895360.0,0.19152251695409553,569.0,0.0,0.005506740007784762,44789760.0,0.19152251695409553,568.0,0.0,0.0010867417971101568,129253376.0,0.19152251695409553,568.0,0.0,0.024076536160957104,23924736.0,0.16540581009671887,568.0,0.01878879739030115,0.0007402122407797718,9347072.0,0.0,21830.0,0.05223341371475333,0.001620967497957949,45801472.0,0.0,21829.0,0.05223341371475333,0.0015337861064915247,101781504.0,0.19152251695409553,568.0,0.0,0.0021676317029127486,7069696.0,0.19152251695409553,748.0,0.0
2026-06-07 15:31:19,0.011271206758223934,15482880.0,0.15990573977444877,57.0,0.02611273709929464,0.004521507923971951,57946112.0,0.19357010604275376,569.0,0.0,0.0011844610483198149,10579968.0,0.19357010604275374,568.0,0.0,0.005609265070963475,11296768.0,0.19357010604275376,569.0,0.0,0.005465724549476152,44781568.0,0.19357010604275374,568.0,0.0,0.0010865786442517261,129187840.0,0.19357010604275374,568.0,0.0,0.028110315563370746,22540288.0,0.16692877412779714,568.0,0.01748813604197064,0.0006864974303067824,9347072.0,0.0,21830.0,0.043928624770472935,0.0015428537756695217,45801472.0,0.0,21829.0,0.043928624770472935,0.0013684379564097998,101666816.0,0.1932859489900809,568.0,0.0,0.002184626053558062,6807552.0,0.1932859489900809,748.0,0.0
2026-06-07 15:31:49,0.011117340721276786,15355904.0,0.15649996522222995,57.0,0.026694836977222518,0.004555212992313972,57937920.0,0.19127773527161437,569.0,0.0,0.0010472249269717735,10575872.0,0.19127773527161437,568.0,0.0,0.00543339078321153,11161600.0,0.19127773527161437,569.0,0.0,0.005342785854363696,44777472.0,0.19127773527161437,568.0,0.0,0.0010748043024186458,130027520.0,0.19127773527161437,568.0,0.0,0.01470993000355904,23347200.0,0.16519440773457605,568.0,0.017866547319773496,0.0007147806319618015,9342976.0,0.0,21830.0,0.052166655074076654,0.0016241463051989745,45801472.0,0.0,21829.0,0.052166655074076654,0.0017514213372163032,101806080.0,0.19127773527161437,568.0,0.0,0.002149073983341496,7065600.0,0.19127773527161437,748.0,0.0
2026-06-07 15:32:19,0.012997210937973671,15581184.0,0.1921598770176787,57.0,0.0,0.004833481688124581,57901056.0,0.1921598770176787,569.0,0.0,0.0015924452420592798,10604544.0,0.1921598770176787,568.0,0.0,0.005761109390059115,11022336.0,0.1921598770176787,569.0,0.0,0.005997473839763633,44789760.0,0.1921598770176787,568.0,0.0,0.0010505932372767285,129499136.0,0.1921598770176787,568.0,0.0,0.014120123582600553,24522752.0,0.1921598770176787,568.0,0.0,0.0007235006638062109,9347072.0,0.0,21830.0,0.04367269932219971,0.0016505612144429986,45809664.0,0.0,21829.0,0.04367269932219971,0.0019761302022442357,101801984.0,0.1921598770176787,568.0,0.0,0.0020578137178621945,7073792.0,0.1921598770176787,748.0,0.0
2026-06-07 15:32:49,0.011683093931788877,15704064.0,0.18947876115340886,57.0,0.0,0.004186612862925778,57909248.0,0.18947876115340886,569.0,0.0,0.0015005916292317363,10604544.0,0.18947876115340886,568.0,0.0,0.005859356204590268,10842112.0,0.18947876115340886,569.0,0.0,0.005890960855395699,44781568.0,0.18947876115340886,568.0,0.0,0.0010115968697551115,130179072.0,0.18947876115340886,568.0,0.0,0.013371543984769712,26161152.0,0.18947876115340886,568.0,0.0,0.0008457665273119803,9347072.0,0.0,21830.0,0.05167602576911151,0.0014675774761974134,45809664.0,0.0,21829.0,0.05167602576911151,0.001719990401838606,101801984.0,0.1894787611534089,568.0,0.0,0.002193988704298308,6807552.0,0.18947876115340886,748.0,0.0
2026-06-07 15:33:19,0.013049841488361687,15761408.0,0.18952120053065938,57.0,0.0,0.004708229311990669,57909248.0,0.18952120053065938,569.0,0.0,0.0014083137887486907,10702848.0,0.18952120053065935,568.0,0.0,0.0052343909823657124,11161600.0,0.18952120053065938,569.0,0.0,0.005895220717243112,44785664.0,0.18952120053065935,568.0,0.0,0.001082193815504878,129871872.0,0.18952120053065938,568.0,0.0,0.01384159875469277,26161152.0,0.18952120053065938,568.0,0.0,0.0008022314740958515,9347072.0,0.0,21830.0,0.043073000120604395,0.001635947826246311,45809664.0,0.0,21829.0,0.043073000120604395,0.0016337581471490203,101810176.0,0.18952120053065935,568.0,0.0,0.00226406352117207,7065600.0,0.18952120053065938,748.0,0.0
2026-06-07 15:33:49,0.01398819587762405,15437824.0,0.19034929094889122,57.0,0.0,0.005391627569860101,57896960.0,0.19034929094889122,569.0,0.0,0.00106672846171086,10964992.0,0.19034929094889122,568.0,0.0,0.005706762254955219,10960896.0,0.19034929094889122,569.0,0.0,0.006200395032674058,44781568.0,0.19034929094889122,568.0,0.0,0.001037746842698996,130215936.0,0.19034929094889122,568.0,0.0,0.014053790872040714,27123712.0,0.19034929094889122,568.0,0.0,0.0009086919487445362,9699328.0,0.0,21830.0,0.04326120248838437,0.0014147984023674472,45809664.0,0.0,21829.0,0.04326120248838436,0.0018473729852575924,101801984.0,0.19034929094889122,568.0,0.0,0.0022936305196080992,7069696.0,0.1863676159615414,748.0,0.0
2026-06-07 15:34:19,0.014726381891501245,15400960.0,0.18926847733509983,57.0,0.0,0.00522221760538499,57901056.0,0.18926847733509986,569.0,0.0,0.001188363374455201,10448896.0,0.18926847733509986,568.0,0.0,0.006350877192982503,10924032.0,0.18926847733509986,569.0,0.0,0.006384747088875724,44781568.0,0.18926847733509986,568.0,0.0,0.0012278075183803203,130289664.0,0.18926847733509983,568.0,0.0,0.011700484558087953,27934720.0,0.18926847733509983,568.0,0.0,0.0009721534526854504,9445376.0,0.0,21830.0,0.051618675636845406,0.0017525806980173684,45809664.0,0.0,21829.0,0.051618675636845406,0.0018698718594575686,101801984.0,0.18926847733509986,568.0,0.0,0.002291078598790799,6807552.0,0.18926847733509986,748.0,0.0
2026-06-07 15:34:49,0.013929064832010153,15339520.0,0.19033117624666923,57.0,0.0,0.006504638479703098,58470400.0,0.19033117624666923,569.0,0.0,0.0013436990579027285,10448896.0,0.19033117624666918,568.0,0.0,0.006169815277274733,11087872.0,0.19033117624666918,569.0,0.0,0.005710829936594355,44785664.0,0.19033117624666923,568.0,0.0,0.0009306628398387333,130031616.0,0.19033117624666923,568.0,0.0,0.011974948085559135,28553216.0,0.19033117624666918,568.0,0.0,0.0009074764366912575,9465856.0,0.0,21830.0,0.043257085510606634,0.0015536885602685183,45809664.0,0.0,21829.0,0.043257085510606634,0.0018289592389075745,101801984.0,0.19033117624666923,568.0,0.0,0.002372487236758143,6811648.0,0.19033117624666923,748.0,0.0
2026-06-07 15:35:19,0.014609558601319074,15839232.0,0.1901765183866116,57.0,0.0,0.006284185732091173,58212352.0,0.19017651838661154,569.0,0.0,0.0014324605875408038,10252288.0,0.19017651838661154,568.0,0.0,0.006000327118089674,10907648.0,0.1901765183866116,569.0,0.0,0.00641894244640092,44789760.0,0.18973274787228273,568.0,0.0,0.0011504217529170525,130043904.0,0.18973274787228273,568.0,0.0,0.011025774416996103,29892608.0,0.18973274787228273,568.0,0.0,0.0009732633353303557,9539584.0,0.0,21830.0,0.05420935653493793,0.001909062607017201,45809664.0,0.0,21829.0,0.05420935653493792,0.0018654297741008746,101810176.0,0.18973274787228273,568.0,0.0,0.002284540658287957,7069696.0,0.18973274787228273,748.0,0.0
2026-06-07 15:35:49,0.013886412413723487,15405056.0,0.18893039632444503,57.0,0.0,0.00682272892536229,58253312.0,0.18893039632444503,569.0,0.0,0.0012218325562938894,10252288.0,0.18893039632444503,568.0,0.0,0.006146325542601265,10948608.0,0.18893039632444503,569.0,0.0,0.006635523518221514,44781568.0,0.18893039632444503,568.0,0.0,0.0012201282172309889,130711552.0,0.188930396324445,568.0,0.0,0.010049808939838378,30269440.0,0.18893039632444503,568.0,0.0,0.0008508394317692323,9543680.0,0.0,21830.0,0.04293872643737387,0.0018457855080409127,45813760.0,0.0,21829.0,0.04293872643737387,0.0019743133570543064,101810176.0,0.18893039632444503,568.0,0.0,0.0023390563786105053,7069696.0,0.18893039632444503,748.0,0.0
2026-06-07 15:36:19,0.013976213200885674,15532032.0,0.18911228972002783,57.0,0.0,0.005648233749319485,58208256.0,0.18911228972002786,569.0,0.0,0.0013971365435963515,10285056.0,0.18911228972002786,568.0,0.0,0.005923958410971108,11210752.0,0.18911228972002786,569.0,0.0,0.00697214584969884,44781568.0,0.18911228972002786,568.0,0.0,0.0013975459206066075,130576384.0,0.18911228972002786,568.0,0.0,0.010118559026837925,31387648.0,0.18911228972002783,568.0,0.0,0.0008526422670420453,9543680.0,0.0,21830.0,0.05157607901455305,0.00209176971949523,45813760.0,0.0,21829.0,0.05157607901455305,0.0021055576236669203,101683200.0,0.18911228972002783,568.0,0.0,0.0026527930933732927,6807552.0,0.18911228972002786,748.0,0.0
2026-06-07 15:36:49,0.012348432600071877,15572992.0,0.1887436860743111,57.0,0.0,0.005255235838637776,58171392.0,0.1887436860743111,569.0,0.0,0.001285211372358485,10387456.0,0.1887436860743111,568.0,0.0,0.005824155479086867,11227136.0,0.1887436860743111,569.0,0.0,0.006891014885561996,44781568.0,0.1887436860743111,568.0,0.0,0.001590599161229335,131543040.0,0.1887436860743111,568.0,0.0,0.009327706761734177,31756288.0,0.18922777863790405,568.0,0.0,0.0007820709969461676,9547776.0,0.0,21830.0,0.04300631332679637,0.001794367164926291,45809664.0,0.0,21829.0,0.04300631332679637,0.0031143929665119236,101814272.0,0.18922777863790405,568.0,0.0,0.0025537262799769068,6807552.0,0.18922777863790405,748.0,0.0
2026-06-07 15:37:19,0.014458051872990828,15597568.0,0.18924893977582605,57.0,0.0,0.004956019173704706,58167296.0,0.18924893977582605,569.0,0.0,0.0021619406379150045,10391552.0,0.18924893977582602,568.0,0.0,0.0058420975498053515,10940416.0,0.18924893977582602,569.0,0.0,0.006646826055675429,45043712.0,0.18924893977582605,568.0,0.0,0.0017010061839368323,131854336.0,0.18924893977582605,568.0,0.0,0.00884365750639883,32047104.0,0.1887640449438202,568.0,0.0,0.0015743840161031775,9461760.0,0.0,21830.0,0.0449438202247191,0.0018573097076958897,45809664.0,0.0,21829.0,0.0449438202247191,0.0032160105726529915,102068224.0,0.1887640449438202,568.0,0.0,0.002548190139380121,6807552.0,0.1887640449438202,748.0,0.0
2026-06-07 15:37:49,0.014047715610728127,15396864.0,0.18926684905108485,57.0,0.0,0.0041481811480765735,58167296.0,0.18926684905108485,569.0,0.0,0.001933112977607871,10387456.0,0.18926684905108485,568.0,0.0,0.006157958150173625,11038720.0,0.18926684905108485,569.0,0.0,0.006560080340917627,44781568.0,0.18926684905108485,568.0,0.0,0.0015563347444067686,131403776.0,0.18926684905108485,568.0,0.0,0.009219981083970832,32755712.0,0.18926684905108485,568.0,0.0,0.0016147026005488613,9461760.0,0.0,21830.0,0.051618231559386774,0.0018593738197749245,45809664.0,0.0,21829.0,0.051618231559386774,0.00296354901177079,101810176.0,0.18926684905108485,568.0,0.0,0.002276534528098889,6815744.0,0.18926684905108485,748.0,0.0
2026-06-07 15:38:19,0.015020594965675343,15458304.0,0.1893434086977477,57.0,0.0,0.004626573923130745,58208256.0,0.18934340869774766,569.0,0.0,0.002105804054810878,10620928.0,0.18934340869774766,568.0,0.0,0.006356603559901151,11038720.0,0.1893434086977477,569.0,0.0,0.006624867899031636,44781568.0,0.18934340869774766,568.0,0.0,0.0011614889194929143,131739648.0,0.1893434086977477,568.0,0.0,0.009522517110640507,33038336.0,0.18934340869774766,568.0,0.0,0.0015656347292665523,9461760.0,0.0,21830.0,0.04303259288585175,0.001816056474625609,45809664.0,0.0,21829.0,0.04303259288585174,0.0032189228179851006,101810176.0,0.1893434086977477,568.0,0.0,0.0025325179882798227,6807552.0,0.18934340869774766,748.0,0.0
2026-06-07 15:38:49,0.014182107827264987,15372288.0,0.1893271142244903,57.0,0.0,0.005007645018874237,58273792.0,0.1888472225969191,569.0,0.0,0.001249710088906079,10620928.0,0.1888472225969191,568.0,0.0,0.006469601022863375,10858496.0,0.1888472225969191,569.0,0.0,0.007801894137241385,175611904.0,0.18884722259691908,568.0,0.0,0.0012098785578095802,132100096.0,0.18884722259691908,568.0,0.0,0.009835719168050178,32915456.0,0.18884722259691908,568.0,0.0,0.0015911902946541309,9457664.0,0.0,21830.0,0.053956349313405455,0.0018185436444593955,45809664.0,0.0,21829.0,0.05395634931340545,0.001997146495839434,101810176.0,0.1888472225969191,568.0,0.0,0.0026205832228744677,6823936.0,0.1888472225969191,748.0,0.0
2026-06-07 15:39:19,0.012809216290579996,15568896.0,0.18925382378748515,57.0,0.0,0.005751353102208818,58208256.0,0.18925382378748515,569.0,0.0,0.0011090910777393308,10620928.0,0.18925382378748515,568.0,0.0,0.0061731294262547965,11067392.0,0.18925382378748515,569.0,0.0,0.00687171778095251,175611904.0,0.18925382378748515,568.0,0.0,0.001276719608917024,132501504.0,0.18925382378748515,568.0,0.0,0.009625295994485826,33361920.0,0.18925382378748515,568.0,0.0,0.0007087490337773441,9461760.0,0.0,21830.0,0.0430122326789739,0.001755443443821057,45809664.0,0.0,21829.0,0.0430122326789739,0.00181657979416171,101810176.0,0.18925382378748515,568.0,0.0,0.0025675885942062276,6815744.0,0.18925382378748515,748.0,0.0
2026-06-07 15:39:49,0.014280481329059859,15409152.0,0.18919523228014654,57.0,0.0,0.005599272049784963,58265600.0,0.18919523228014654,569.0,0.0,0.001182064075899324,10620928.0,0.18919523228014654,568.0,0.0,0.0057532251476842865,11358208.0,0.18919523228014654,569.0,0.0,0.007720241815556587,175611904.0,0.18919523228014654,568.0,0.0,0.0012217911412867532,132370432.0,0.18919523228014654,568.0,0.0,0.009569450478347223,33755136.0,0.18919523228014654,568.0,0.0,0.0007803401469820226,9461760.0,0.0,21830.0,0.05159869971276724,0.001802421432251388,46067712.0,0.0,21829.0,0.05159869971276724,0.002127161687617726,102076416.0,0.18919523228014654,568.0,0.0,0.0025389262228442664,7069696.0,0.18919523228014654,748.0,0.0
2026-06-07 15:40:19,0.014701478244700833,15540224.0,0.18620614514620307,57.0,0.0,0.005323061151906856,58191872.0,0.18607061724795604,569.0,0.0,0.0011441891815985943,10620928.0,0.18594465602487942,568.0,0.0,0.006050853811692767,11104256.0,0.1858521781648991,569.0,0.0,0.007781013577489094,175611904.0,0.18574375584630148,568.0,0.0,0.0011046242832410994,133152768.0,0.1856193890690866,568.0,0.0,0.00957946532271443,33542144.0,0.18553169454669144,568.0,0.0,0.0007328040330041979,9461760.0,0.0,21830.0,0.04411764812221279,0.0018794527823127337,45809664.0,0.0,21829.0,0.04408575920497819,0.0020144628667272063,101687296.0,0.1851091663933331,568.0,0.0,0.0025084092430666905,6807552.0,0.18908953389429897,748.0,0.0
2026-06-07 15:40:49,0.013403008959605394,15917056.0,0.19169273397405176,57.0,0.0,0.005814847657219811,58245120.0,0.19169273397405176,569.0,0.0,0.001121845666830271,10620928.0,0.19169273397405176,568.0,0.0,0.005699963368931242,11259904.0,0.19169273397405176,569.0,0.0,0.006687120663734023,175611904.0,0.19169273397405176,568.0,0.0,0.0011358488659898153,132993024.0,0.19169273397405176,568.0,0.0,0.009257053593400679,33529856.0,0.19169273397405176,568.0,0.0,0.0007201509493608571,9461760.0,0.0,21830.0,0.043566530448648125,0.0018622565311485668,45809664.0,0.0,21829.0,0.043566530448648125,0.0018897594752186643,101687296.0,0.19169273397405176,568.0,0.0,0.002516638497652601,7069696.0,0.19169273397405176,748.0,0.0
2026-06-07 15:41:19,0.01280732864911919,15577088.0,0.19174954023689786,57.0,0.0,0.0058936382611852675,58249216.0,0.19174954023689783,569.0,0.0,0.0011928921357147722,10366976.0,0.19174954023689783,568.0,0.0,0.005153344337888795,11157504.0,0.19174954023689783,569.0,0.0,0.0066065813863014945,175611904.0,0.19174954023689783,568.0,0.0,0.0032626006801503528,133001216.0,0.19174954023689783,568.0,0.0,0.009626958847098193,33841152.0,0.19174954023689786,568.0,0.0,0.0007467690880864542,9592832.0,0.0,21830.0,0.052295329155517586,0.0017923395502682372,45809664.0,0.0,21829.0,0.052295329155517586,0.0018462154045354178,101703680.0,0.19174954023689783,568.0,0.0,0.0022613480226270745,7065600.0,0.19174954023689783,748.0,0.0
2026-06-07 15:41:49,0.014183057722621826,15437824.0,0.1918080524507838,57.0,0.0,0.005800561712617314,58253312.0,0.19180805245078378,569.0,0.0,0.0010647480481502736,10366976.0,0.19180805245078378,568.0,0.0,0.006045420394185137,11075584.0,0.19215024478270315,569.0,0.0,0.006647243499945249,175611904.0,0.19215024478270315,568.0,0.0,0.0033176629926311304,133652480.0,0.19215024478270315,568.0,0.0,0.009236101366131544,34361344.0,0.19180805245078378,568.0,0.0,0.0008434609684257666,9392128.0,0.0,21830.0,0.04359273919335996,0.0017321121365893469,45809664.0,0.0,21829.0,0.043592739193359945,0.0018473107441773038,101695488.0,0.1918080524507838,568.0,0.0,0.002270140917245235,6807552.0,0.1918080524507838,748.0,0.0
2026-06-07 15:42:19,0.014467726656956083,15544320.0,0.19176123982357965,57.0,0.0,0.005766618120834983,58220544.0,0.19176123982357965,569.0,0.0,0.001414089363721774,10412032.0,0.19176123982357965,568.0,0.0,0.0063774820405197085,11067392.0,0.19176123982357965,569.0,0.0,0.006689130316692937,175611904.0,0.19176123982357965,568.0,0.0,0.023253999309471723,21561344.0,0.17432839983961784,568.0,0.013504475447544755,0.010034590732373392,34672640.0,0.19176123982357965,568.0,0.0,0.0008239635186595935,9396224.0,0.0,21830.0,0.05229851995188536,0.0017534605979828673,45809664.0,0.0,21829.0,0.05229851995188536,0.0018073082117517362,101687296.0,0.19176123982357965,568.0,0.0,0.0024323737899346514,6815744.0,0.19176123982357965,748.0,0.0
2026-06-07 15:42:49,0.014766758244333695,15556608.0,0.19312306328291654,57.0,0.0,0.004686723809523738,58183680.0,0.1931230632829165,569.0,0.0,0.0015124330891006313,10547200.0,0.1931230632829165,568.0,0.0,0.006607126499000579,11218944.0,0.1931230632829165,569.0,0.0,0.006614310797043319,175620096.0,0.1931230632829165,568.0,0.0,0.025675755350398708,20848640.0,0.17556642116628773,568.0,0.009315823396877582,0.011465402902902986,34729984.0,0.1931230632829165,568.0,0.0,0.0008704393001453064,9404416.0,0.0,21830.0,0.04389160529157193,0.0017228884497191268,45809664.0,0.0,21829.0,0.04389160529157193,0.001988613761494333,101687296.0,0.1931230632829165,568.0,0.0,0.0021984697455944566,7069696.0,0.1931230632829165,748.0,0.0
2026-06-07 15:43:19,0.013121245314368436,15601664.0,0.19184819575492268,57.0,0.0,0.005340846338535463,58187776.0,0.19184819575492268,569.0,0.0,0.0017323521226925707,10547200.0,0.19184819575492268,568.0,0.0,0.006528232560652872,11108352.0,0.19184819575492268,569.0,0.0,0.006587455374646559,175611904.0,0.19184819575492262,568.0,0.0,0.022620949532271756,18644992.0,0.17440745068629335,568.0,0.00872460200133492,0.011433294348607,34992128.0,0.19184819575492262,568.0,0.0,0.0008047977123491147,9412608.0,0.0,21830.0,0.05232223520588801,0.0017359469559503102,45813760.0,0.0,21829.0,0.05232223520588798,0.002057065053558152,101945344.0,0.19184819575492262,568.0,0.0,0.0025156594996677607,7069696.0,0.19184819575492262,748.0,0.0
2026-06-07 15:43:49,0.014170324525052229,15486976.0,0.18531466378390213,57.0,0.0,0.005114021858534007,58216448.0,0.18540406597516806,569.0,0.0,0.001250909937227663,10547200.0,0.18552539752045763,568.0,0.0,0.00584097907273547,11096064.0,0.1856387467272412,569.0,0.0,0.006622799715154029,175624192.0,0.1857457100632201,568.0,0.0,0.023427098719528968,18714624.0,0.16814230782764403,568.0,0.008905486542005512,0.010503674362850041,35491840.0,0.18598677668609795,568.0,0.0,0.000735745752045313,9490432.0,0.0,21830.0,0.044315635565738185,0.0017222926321762632,45813760.0,0.0,21829.0,0.04434832514247659,0.0019443389823840189,101810176.0,0.18638749007909358,568.0,0.0,0.002547840985579362,6811648.0,0.18651680396288894,748.0,0.0
2026-06-07 15:44:19,0.010722900000000096,15843328.0,0.18923591697704223,57.0,0.0,0.0050326503582107706,58216448.0,0.18923591697704228,569.0,0.0,0.0016305830806773694,10645504.0,0.18923591697704223,568.0,0.0,0.006302592431414717,11100160.0,0.18923591697704223,569.0,0.0,0.006666204042929199,175616000.0,0.18923591697704228,568.0,0.0,0.0022752695079597458,19255296.0,0.18923591697704223,568.0,0.0,0.009005570152390853,35975168.0,0.18923591697704223,568.0,0.0,0.0006746472019464564,9490432.0,0.0,21830.0,0.04300816294932779,0.0018154472474039027,45813760.0,0.0,21829.0,0.04300816294932778,0.0018304335232210533,101810176.0,0.18923591697704223,568.0,0.0,0.002494177969235738,6807552.0,0.18923591697704223,748.0,0.0
2026-06-07 15:44:49,0.013395989805354636,15618048.0,0.18797474302998193,57.0,0.0,0.005044121941506959,58183680.0,0.18797474302998193,569.0,0.0,0.001375933517050895,10645504.0,0.187974743029982,568.0,0.0,0.0059415513363457965,10960896.0,0.187974743029982,569.0,0.0,0.006900178384243209,175616000.0,0.187974743029982,568.0,0.0,0.0014883090896828227,19107840.0,0.187974743029982,568.0,0.0,0.007869311613796481,36286464.0,0.18797474302998193,568.0,0.0,0.0006611636446857807,9490432.0,0.0,21830.0,0.051265839008176904,0.0018109100101112313,45805568.0,0.0,21829.0,0.0512658390081769,0.001807184321508312,101818368.0,0.18797474302998193,568.0,0.0,0.0024698807748072637,6807552.0,0.187974743029982,748.0,0.0
2026-06-07 15:45:19,0.013476468992458792,15265792.0,0.18873350828629973,57.0,0.0,0.005288861879527539,58191872.0,0.18873350828629973,569.0,0.0,0.0016078809412326494,10391552.0,0.18873350828629973,568.0,0.0,0.006233141383589125,11558912.0,0.18873350828629973,569.0,0.0,0.006391290033266937,175611904.0,0.18873350828629973,568.0,0.0,0.0015469988674971364,19533824.0,0.18921638613903963,568.0,0.0,0.008942261551795007,37380096.0,0.18921638613903963,568.0,0.0,0.0007379476171612308,9490432.0,0.0,21830.0,0.043003724122509,0.0018659373100633854,45801472.0,0.0,21829.0,0.04300372412250901,0.0018259019590461548,101687296.0,0.18921638613903963,568.0,0.0,0.0024897789550603067,6807552.0,0.18921638613903963,748.0,0.0
2026-06-07 15:45:49,0.012356478384408625,15257600.0,0.1891984864121087,57.0,0.0,0.004921614683990857,58183680.0,0.1891984864121087,569.0,0.0,0.0016014915661444712,10448896.0,0.1891984864121087,568.0,0.0,0.006134080867112363,11288576.0,0.1891984864121087,569.0,0.0,0.006830262848544608,175607808.0,0.1891984864121087,568.0,0.0,0.0015498414115765208,20418560.0,0.1891984864121087,568.0,0.0,0.008809067328295925,37040128.0,0.1891984864121087,568.0,0.0,0.0006692818076599353,9490432.0,0.0,21830.0,0.05159958720330238,0.0018850898402313489,45801472.0,0.0,21829.0,0.05159958720330238,0.0018479264899126163,101814272.0,0.1891984864121087,568.0,0.0,0.0024582582462987297,6807552.0,0.1891984864121087,748.0,0.0
2026-06-07 15:46:19,0.012780990128155142,15622144.0,0.1892831331520804,57.0,0.0,0.004803542066998127,58208256.0,0.1892831331520804,569.0,0.0,0.0018110199084851717,10596352.0,0.1892831331520804,568.0,0.0,0.005585491044842099,11386880.0,0.1892831331520804,569.0,0.0,0.0068341695195374644,175616000.0,0.1892831331520804,568.0,0.0,0.001356034286190085,20021248.0,0.1892831331520804,568.0,0.0,0.008039889368277696,36696064.0,0.1892831331520804,568.0,0.0,0.0009366749659416595,9605120.0,0.0,21830.0,0.04301889389820009,0.0016814875535497132,45801472.0,0.0,21829.0,0.04301889389820009,0.0018014784385899298,101818368.0,0.1892831331520804,568.0,0.0,0.002204108518362939,7069696.0,0.1892831331520804,748.0,0.0
2026-06-07 15:46:49,0.012383722560206,15659008.0,0.1887436860743111,57.0,0.0,0.004845095573199088,58212352.0,0.18922777863790405,569.0,0.0,0.0017635246500177359,10588160.0,0.18922777863790405,568.0,0.0,0.005853633042220969,10883072.0,0.18922777863790405,569.0,0.0,0.006432511112196365,175611904.0,0.18922777863790405,568.0,0.0,0.0014288091120619182,20107264.0,0.18922777863790405,568.0,0.0,0.008356583177369247,37036032.0,0.18922777863790405,568.0,0.0,0.0008893544987747087,9670656.0,0.0,21830.0,0.05160757599215565,0.00185223875252879,45801472.0,0.0,21829.0,0.05160757599215565,0.0017795079711219078,101695488.0,0.18922777863790405,568.0,0.0,0.002350050653480054,6811648.0,0.18922777863790405,748.0,0.0
2026-06-07 15:47:19,0.01190579366079105,15634432.0,0.19058014328161682,57.0,0.0,0.004975976768743472,58212352.0,0.19058014328161682,569.0,0.0,0.0014084782628479686,10588160.0,0.1905801432816168,568.0,0.0,0.005470174017220809,11046912.0,0.19058014328161682,569.0,0.0,0.0063575258572554135,175616000.0,0.19058014328161682,568.0,0.0,0.0014307363990401507,21118976.0,0.19058014328161682,568.0,0.0,0.007174690718910285,37691392.0,0.19058014328161682,568.0,0.0,0.0010156505227049762,9396224.0,0.0,21830.0,0.051976402713168224,0.0017730645332920583,45801472.0,0.0,21829.0,0.05197640271316821,0.001711630371940645,101818368.0,0.19058014328161682,568.0,0.0,0.0023661720882739226,7331840.0,0.1905801432816168,748.0,0.0
2026-06-07 15:47:49,0.010928373847042507,15417344.0,0.18918221687161407,57.0,0.0,0.004951157663667273,58212352.0,0.18918221687161407,569.0,0.0,0.0010887919542971814,10825728.0,0.18918221687161407,568.0,0.0,0.005126495084225571,11321344.0,0.18918221687161407,569.0,0.0,0.006148642146904769,175874048.0,0.18918221687161407,568.0,0.0,0.0013388005235809885,20811776.0,0.18918221687161407,568.0,0.0,0.007887271903204315,37011456.0,0.18918221687161407,568.0,0.0,0.0009731874451518875,9396224.0,0.0,21830.0,0.04299595837991229,0.001635760663907377,45801472.0,0.0,21829.0,0.04299595837991229,0.0016812341561684137,101818368.0,0.18918221687161407,568.0,0.0,0.0024157034528454295,6807552.0,0.18918221687161407,748.0,0.0
2026-06-07 15:48:19,0.012776647908000954,16068608.0,0.18921801355489043,57.0,0.0,0.005025899088770994,58212352.0,0.18921801355489043,569.0,0.0,0.0008954706444540092,10817536.0,0.18921801355489043,568.0,0.0,0.004698520674879857,10948608.0,0.18921801355489043,569.0,0.0,0.006206081634883367,175620096.0,0.18921801355489043,568.0,0.0,0.001182948399951266,21716992.0,0.18921801355489043,568.0,0.0,0.008555258870819864,37691392.0,0.18921801355489043,568.0,0.0,0.0008091268639769974,9396224.0,0.0,21830.0,0.051604912787697396,0.0017953506209989374,45809664.0,0.0,21829.0,0.051604912787697396,0.0016117593207560432,101830656.0,0.18921801355489043,568.0,0.0,0.0020111388888888787,7065600.0,0.18921801355489043,748.0,0.0
2026-06-07 15:48:49,0.013308455767427554,15659008.0,0.1887436860743111,57.0,0.0,0.00491872268307916,58216448.0,0.1887436860743111,569.0,0.0,0.0009029804377455217,10489856.0,0.1887436860743111,568.0,0.0,0.0051626922668631175,11001856.0,0.1887436860743111,569.0,0.0,0.00633797837523581,44797952.0,0.1887436860743111,568.0,0.0,0.0012403141216435318,21770240.0,0.1887436860743111,568.0,0.0,0.0088403210604724,37703680.0,0.1887436860743111,568.0,0.0,0.0007071620862792087,9560064.0,0.0,21830.0,0.044938972874835975,0.0017322781858459017,45809664.0,0.0,21829.0,0.044938972874835975,0.0015875325577356912,101818368.0,0.1887436860743111,568.0,0.0,0.0024132281821638013,6807552.0,0.1887436860743111,748.0,0.0
2026-06-07 15:49:19,0.012295221426535257,15552512.0,0.18783511492093852,57.0,0.0,0.005230991406676129,58236928.0,0.18783511492093852,569.0,0.0,0.0008808782882656556,10686464.0,0.18783511492093846,568.0,0.0,0.005392223069412359,11169792.0,0.18783511492093852,569.0,0.0,0.00672817697143309,44802048.0,0.1837925662728768,568.0,0.0,0.0012268307670064683,21450752.0,0.18395574012884924,568.0,0.0,0.008659752410597665,38051840.0,0.18411416134824002,568.0,0.0,0.0008123531327284097,9560064.0,0.0,21830.0,0.05265021456914817,0.0017323561441719628,45809664.0,0.0,21829.0,0.05268325670919253,0.0017036629460776085,101695488.0,0.1844500143333484,568.0,0.0,0.0024316674201256996,6807552.0,0.18453080915523767,748.0,0.0
2026-06-07 15:49:49,0.01386222390068645,15437824.0,0.19064124783362218,57.0,0.0,0.005284673255363973,58183680.0,0.19064124783362218,569.0,0.0,0.0008689485099776188,10686464.0,0.1906412478336222,568.0,0.0,0.00533491330100866,10919936.0,0.19064124783362218,569.0,0.0,0.006631904385618319,44797952.0,0.1906412478336222,568.0,0.0,0.0013200801412535533,22147072.0,0.1906412478336222,568.0,0.0,0.008874632311873997,37978112.0,0.19064124783362218,568.0,0.0,0.0007349657169335191,9564160.0,0.0,21830.0,0.04332755632582323,0.001783924021311076,45809664.0,0.0,21829.0,0.04332755632582322,0.0017698446833930646,101695488.0,0.19064124783362218,568.0,0.0,0.0024855085643368325,6807552.0,0.19064124783362218,748.0,0.0
2026-06-07 15:50:19,0.01457716784482582,15405056.0,0.1900641692838201,57.0,0.0,0.005479737818160467,58191872.0,0.1900641692838201,569.0,0.0,0.0011808917197452136,10588160.0,0.1900641692838201,568.0,0.0,0.006562903507241163,10952704.0,0.1900641692838201,569.0,0.0,0.007192313791334335,44797952.0,0.1892456839080954,568.0,0.0,0.0013777813973270116,22409216.0,0.1892456839080954,568.0,0.0,0.009214838044066784,37675008.0,0.18924568390809543,568.0,0.0,0.0008276417019940431,9580544.0,0.0,21830.0,0.051612459247662376,0.0019423867935763528,45809664.0,0.0,21829.0,0.051612459247662376,0.0016978765562369678,101695488.0,0.1892456839080954,568.0,0.0,0.0026934653898116607,6807552.0,0.1892456839080954,748.0,0.0
2026-06-07 15:50:49,0.01521147130772555,15519744.0,0.19183146733633286,57.0,0.0,0.004901866664897368,58187776.0,0.19183146733633286,569.0,0.0,0.0012172441148254592,10620928.0,0.19183146733633286,568.0,0.0,0.006998741540600771,11046912.0,0.19183146733633286,569.0,0.0,0.007532348588753378,44810240.0,0.19183146733633286,568.0,0.0,0.0015275716767611258,22306816.0,0.19183146733633286,568.0,0.0,0.009625629529541564,38006784.0,0.19183146733633286,568.0,0.0,0.0009258856493455611,9383936.0,0.0,21830.0,0.04558591577546202,0.001991248737798732,45809664.0,0.0,21829.0,0.04558591577546202,0.0017470444853891663,101695488.0,0.19146084625694046,568.0,0.0,0.0027464335159212497,6807552.0,0.19146084625694046,748.0,0.0
2026-06-07 15:51:19,0.015515909090909281,15527936.0,0.19163596135922162,57.0,0.0,0.005364641837885116,58183680.0,0.19163596135922162,569.0,0.0,0.0012832874329612703,10752000.0,0.19163596135922162,568.0,0.0,0.0069733980601528285,11173888.0,0.19163596135922162,569.0,0.0,0.0074238537254548926,44802048.0,0.19163596135922162,568.0,0.0,0.0014117701130069848,22986752.0,0.19163596135922162,568.0,0.0,0.00965335613674341,38703104.0,0.19163596135922162,568.0,0.0,0.0009502473116126389,9383936.0,0.0,21830.0,0.043553627581641274,0.0017461167663929697,45809664.0,0.0,21829.0,0.043553627581641274,0.0018817043316406025,101695488.0,0.19163596135922162,568.0,0.0,0.0027625077350770487,6807552.0,0.19163596135922162,748.0,0.0
2026-06-07 15:51:49,0.014048899206230486,15818752.0,0.19020282537651512,57.0,0.0,0.005142845239417921,58216448.0,0.19020282537651512,569.0,0.0,0.0011289438574982643,10772480.0,0.19020282537651512,568.0,0.0,0.006183494865420979,11587584.0,0.19020282537651512,569.0,0.0,0.006238787310666919,44797952.0,0.19020282537651512,568.0,0.0,0.0014776215837033469,22908928.0,0.19020282537651512,568.0,0.0,0.009513786193075809,38662144.0,0.19020282537651512,568.0,0.0,0.0008774139927533489,9388032.0,0.0,21830.0,0.05187349782995866,0.0018320597397837519,45809664.0,0.0,21829.0,0.05187349782995866,0.0017407998909327621,101818368.0,0.19020282537651512,568.0,0.0,0.002702697791846355,7069696.0,0.19020282537651512,748.0,0.0
2026-06-07 15:52:19,0.014129464834939163,15491072.0,0.19160925646898977,57.0,0.0,0.005063126430164949,58245120.0,0.19160925646898977,569.0,0.0,0.0010846657325476378,10760192.0,0.19160925646898982,568.0,0.0,0.006467817391384395,11202560.0,0.19160925646898982,569.0,0.0,0.006935062950739403,45056000.0,0.19160925646898977,568.0,0.0,0.0013528662185122188,22990848.0,0.19160925646898977,568.0,0.0,0.009331004420540355,38862848.0,0.19160925646898977,568.0,0.0,0.0007374792599085604,9547776.0,0.0,21830.0,0.04354755828840677,0.0017311072458460865,45813760.0,0.0,21829.0,0.04354755828840677,0.0015265814622736648,101818368.0,0.19160925646898977,568.0,0.0,0.0026671699395129115,7327744.0,0.19160925646898977,748.0,0.0
2026-06-07 15:52:49,0.01386584872200176,15880192.0,0.19054878048780488,57.0,0.0,0.005685007492065757,58187776.0,0.19054878048780488,569.0,0.0,0.0012164904323433185,10625024.0,0.19054878048780488,568.0,0.0,0.006398068458051556,11251712.0,0.19054878048780488,569.0,0.0,0.006013522708230986,44802048.0,0.19054878048780488,568.0,0.0,0.0014899242424242691,23416832.0,0.19054878048780488,568.0,0.0,0.009570363664380856,39411712.0,0.19054878048780488,568.0,0.0,0.0007057868866740435,9551872.0,0.0,21830.0,0.05196784922394679,0.0018336884089692944,45813760.0,0.0,21829.0,0.05196784922394679,0.0017301752543723398,101695488.0,0.19054878048780488,568.0,0.0,0.0026229604519774014,6811648.0,0.19054878048780488,748.0,0.0
2026-06-07 15:53:19,0.014365075129320708,15417344.0,0.19068420961395113,57.0,0.0,0.005504296496367822,58150912.0,0.19068420961395113,569.0,0.0,0.0012947424522840214,10428416.0,0.19068420961395113,568.0,0.0,0.005897953443649803,11169792.0,0.19068420961395113,569.0,0.0,0.006761509613790692,44797952.0,0.19068420961395113,568.0,0.0,0.001570590605410349,23560192.0,0.19068420961395113,568.0,0.0,0.008169893956386084,38891520.0,0.19068420961395113,568.0,0.0,0.0008325748648978176,9433088.0,0.0,21830.0,0.043337320366807076,0.0017917639009943228,45813760.0,0.0,21829.0,0.043337320366807076,0.0017658146341463451,101818368.0,0.19068420961395113,568.0,0.0,0.002537144211586679,7069696.0,0.19068420961395113,748.0,0.0
2026-06-07 15:53:49,0.013195519035460141,15699968.0,0.19020360843417142,57.0,0.0,0.004955768204033102,58191872.0,0.19020360843417142,569.0,0.0,0.0014037485319381982,10428416.0,0.19020360843417142,568.0,0.0,0.004685858333333136,11169792.0,0.19020360843417142,569.0,0.0,0.006354679802955642,44797952.0,0.19020360843417142,568.0,0.0,0.0014284697431077346,23924736.0,0.19020360843417147,568.0,0.0,0.008990748263945475,39743488.0,0.19020360843417142,568.0,0.0,0.000924398932317259,9433088.0,0.0,21830.0,0.045286573436707486,0.001860684290385338,46071808.0,0.0,21829.0,0.045286573436707486,0.0015788620064710658,101818368.0,0.19020360843417142,568.0,0.0,0.002185516402596834,6807552.0,0.19020360843417142,748.0,0.0
2026-06-07 15:54:19,0.01302048189570446,15396864.0,0.18806312082200677,57.0,0.0,0.004234547800023625,58216448.0,0.18806312082200677,569.0,0.0,0.0012734447367445951,10428416.0,0.18806312082200677,568.0,0.0,0.0055844043745907936,11169792.0,0.18870467718021297,569.0,0.0,0.006229631528609227,44797952.0,0.18870467718021297,568.0,0.0,0.0013331099195710199,24035328.0,0.18870467718021297,568.0,0.0,0.009148431277319161,39927808.0,0.18870467718021294,568.0,0.0,0.0009368627450980475,9433088.0,0.0,21830.0,0.044929685042907855,0.0017238062599954547,45813760.0,0.0,21829.0,0.044929685042907855,0.0015871230922228443,101814272.0,0.18870467718021297,568.0,0.0,0.0022847574057473148,7069696.0,0.18870467718021297,748.0,0.0
2026-06-07 15:54:49,0.011329238040366266,16211968.0,0.18926033619517907,57.0,0.0,0.00525833220948525,58236928.0,0.189260336195179,569.0,0.0,0.0012853378813100823,10428416.0,0.189260336195179,568.0,0.0,0.0058520971702471225,11145216.0,0.189260336195179,569.0,0.0,0.005852109504539441,44797952.0,0.189260336195179,568.0,0.0,0.0014120167937159175,24064000.0,0.189260336195179,568.0,0.0,0.009024400330852153,39809024.0,0.189260336195179,568.0,0.0,0.0009107879595197203,9535488.0,0.0,21830.0,0.043013712771631595,0.001785848964913979,45801472.0,0.0,21829.0,0.043013712771631595,0.0017329826876434956,101830656.0,0.18926033619517907,568.0,0.0,0.0023170240222354158,6807552.0,0.189260336195179,748.0,0.0
2026-06-07 15:55:19,0.013933390318517334,15605760.0,0.18535933767346863,57.0,0.0,0.005085297074717124,58179584.0,0.18515350037383516,569.0,0.0,0.001371770812910214,10444800.0,0.18913830308553353,568.0,0.0,0.005896858908792005,11177984.0,0.18913830308553348,569.0,0.0,0.006435828417036661,44797952.0,0.18913830308553348,568.0,0.0,0.0013973414217083619,24870912.0,0.18913830308553353,568.0,0.0,0.009730039894571644,40222720.0,0.18913830308553353,568.0,0.0,0.0007953639329518053,9543680.0,0.0,21830.0,0.05158317356878185,0.0017900708651157175,46059520.0,0.0,21829.0,0.05158317356878185,0.001526031229656104,101814272.0,0.18913830308553348,568.0,0.0,0.002411592481880346,6807552.0,0.18913830308553353,748.0,0.0
2026-06-07 15:55:49,0.013860034173933803,15638528.0,0.19049598226655584,57.0,0.0,0.005371917931774418,58249216.0,0.19049598226655584,569.0,0.0,0.0011909117815720072,10510336.0,0.19049598226655584,568.0,0.0,0.005778299661778882,10964992.0,0.19049598226655584,569.0,0.0,0.0062207056242763745,44793856.0,0.19049598226655584,568.0,0.0,0.0013596546107225297,24989696.0,0.19049598226655584,568.0,0.0,0.009925827417802804,40579072.0,0.19049598226655584,568.0,0.0,0.0007621973081134584,9543680.0,0.0,21830.0,0.04329454142421724,0.0017721334616041737,45801472.0,0.0,21829.0,0.04329454142421724,0.001950838193204113,101703680.0,0.19049598226655584,568.0,0.0,0.0023836656674012715,6815744.0,0.19049598226655584,748.0,0.0
2026-06-07 15:56:19,0.013392406601194659,15769600.0,0.19047619047619047,57.0,0.0,0.0055348569667711634,58220544.0,0.19047619047619047,569.0,0.0,0.0013247933548609727,10510336.0,0.19047619047619047,568.0,0.0,0.005602678097334463,11034624.0,0.19047619047619047,569.0,0.0,0.006330096730970435,44781568.0,0.19047619047619047,568.0,0.0,0.0014424579381518239,24973312.0,0.19047619047619047,568.0,0.0,0.00850018944767687,40837120.0,0.19047619047619047,568.0,0.0,0.0007793854948195701,9543680.0,0.0,21830.0,0.05194805194805195,0.0018256382250032596,45801472.0,0.0,21829.0,0.05194805194805195,0.0019214772088566399,101699584.0,0.19047619047619047,568.0,0.0,0.002442664116902785,7069696.0,0.19047619047619047,748.0,0.0
2026-06-07 15:56:49,0.0133738744514029,15511552.0,0.19229804524856614,57.0,0.0,0.005175655049605712,58187776.0,0.1919603514619526,569.0,0.0,0.0011224446058101807,10510336.0,0.1919603514619526,568.0,0.0,0.005116896514164366,11198464.0,0.1919603514619526,569.0,0.0,0.005791091690766045,44797952.0,0.1919603514619526,568.0,0.0,0.001420153446849744,25649152.0,0.1919603514619526,568.0,0.0,0.009069798890429906,40611840.0,0.1919603514619526,568.0,0.0,0.000820270305642559,9539584.0,0.0,21830.0,0.04362735260498922,0.0018812756430581922,45801472.0,0.0,21829.0,0.04362735260498922,0.0025823480705538296,101711872.0,0.1919603514619526,568.0,0.0,0.0025890099301410247,6807552.0,0.1919603514619526,748.0,0.0
2026-06-07 15:57:19,0.01164713814787172,15511552.0,0.19195365191822777,57.0,0.0,0.0050827331724109595,58212352.0,0.19195365191822777,569.0,0.0,0.0012428096839410254,10510336.0,0.19195365191822777,568.0,0.0,0.005725150953311191,10985472.0,0.19195365191822777,569.0,0.0,0.006563655925451558,44797952.0,0.19195365191822777,568.0,0.0,0.0013751369160802799,25624576.0,0.19195365191822777,568.0,0.0,0.0086936544668412,41127936.0,0.19195365191822777,568.0,0.0,0.0007015371694249662,9543680.0,0.0,21830.0,0.0436258299814154,0.0019466193899358574,45801472.0,0.0,21829.0,0.0436258299814154,0.0024176797392320404,101715968.0,0.19195365191822777,568.0,0.0,0.002658463688948994,6807552.0,0.19195365191822777,748.0,0.0
2026-06-07 15:57:49,0.01375700172738372,15523840.0,0.18922777863790405,57.0,0.0,0.004681557053626964,58224640.0,0.18922777863790405,569.0,0.0,0.0010387437458835437,10575872.0,0.18922777863790405,568.0,0.0,0.0051376351592159085,11124736.0,0.18922777863790405,569.0,0.0,0.00674762104540531,44797952.0,0.18922777863790405,568.0,0.0,0.0014859896780626024,26464256.0,0.18922777863790405,568.0,0.0,0.008739559033104437,41033728.0,0.18922777863790405,568.0,0.0,0.0008308807134894016,9543680.0,0.0,21830.0,0.05160757599215565,0.0019581449080748334,45805568.0,0.0,21829.0,0.05160757599215565,0.0023709542847210655,102105088.0,0.18922777863790405,568.0,0.0,0.0025095064085496016,7069696.0,0.18922777863790405,748.0,0.0
2026-06-07 15:58:19,0.01351328989152494,15904768.0,0.1892375447288742,57.0,0.0,0.005459875327089594,58212352.0,0.1892375447288742,569.0,0.0,0.0013217148903267755,10711040.0,0.1892375447288742,568.0,0.0,0.00593037520391489,11161600.0,0.1892375447288742,569.0,0.0,0.006764275256222621,44797952.0,0.1892375447288742,568.0,0.0,0.0014987956921770633,26161152.0,0.1892375447288742,568.0,0.0,0.008015739582513873,41095168.0,0.1892375447288742,568.0,0.0,0.0007833453839713928,9543680.0,0.0,21830.0,0.04300853289292596,0.0019762993980633374,46067712.0,0.0,21829.0,0.04300853289292596,0.0024143224667617937,101838848.0,0.1892375447288742,568.0,0.0,0.0028223265310418173,6807552.0,0.1892375447288742,748.0,0.0
2026-06-07 15:58:49,0.013760221940865493,15556608.0,0.19012267439228647,57.0,0.0,0.005162389360025933,58179584.0,0.19012267439228647,569.0,0.0,0.0013576630186009572,10715136.0,0.19012267439228647,568.0,0.0,0.006003939158687906,11014144.0,0.19012267439228647,569.0,0.0,0.0068837015826338005,44781568.0,0.19012267439228647,568.0,0.0,0.0015415222223238263,26226688.0,0.19012267439228647,568.0,0.0,0.00926173347803219,41312256.0,0.19055208134841584,568.0,0.0,0.0008191230850501791,9502720.0,0.0,21830.0,0.05196874945865886,0.0018610356536502743,45809664.0,0.0,21829.0,0.05196874945865886,0.0017394747579658188,101720064.0,0.19055208134841584,568.0,0.0,0.0028567113850991497,7069696.0,0.19055208134841584,748.0,0.0
2026-06-07 15:59:19,0.012506809005675945,15237120.0,0.18391057098276398,57.0,0.0,0.005554100159617034,58224640.0,0.1840500043761563,569.0,0.0,0.001387289076376572,10715136.0,0.18415933283233887,568.0,0.0,0.006089327830188794,11079680.0,0.1842575699958653,569.0,0.0,0.006852071005917149,44802048.0,0.18441760150419056,568.0,0.0,0.0013784883610631334,26910720.0,0.1845554504272034,568.0,0.0,0.00931871861884985,41590784.0,0.18467428570566274,568.0,0.0,0.0007873783402024045,9494528.0,0.0,21830.0,0.04401948841080279,0.0019603701432230358,46067712.0,0.0,21829.0,0.0440485370344262,0.0027838636822680464,101744640.0,0.1850466362448354,568.0,0.0,0.0028345491803278542,6807552.0,0.1901364455349625,748.0,0.0
2026-06-07 15:59:49,0.012858067552856529,15601664.0,0.1890879086877299,57.0,0.0,0.005304388851810027,58220544.0,0.1890879086877299,569.0,0.0,0.0012280795290458748,10727424.0,0.1890879086877299,568.0,0.0,0.00545806481661532,11079680.0,0.1890879086877299,569.0,0.0,0.006122779573639392,44797952.0,0.1890879086877299,568.0,0.0,0.0013900669753761068,26775552.0,0.1890879086877299,568.0,0.0,0.009116349453978295,41496576.0,0.1890879086877299,568.0,0.0,0.0008112554817309439,9502720.0,0.0,21830.0,0.05156942964210816,0.001926872645064057,45809664.0,0.0,21829.0,0.05156942964210816,0.003012541003491202,102006784.0,0.1890879086877299,568.0,0.0,0.0027018750167651564,6807552.0,0.1890879086877299,748.0,0.0
2026-06-07 16:00:19,0.013224939462258138,15605760.0,0.18515469607387638,57.0,0.0,0.005166206121976031,58261504.0,0.18506860619421997,569.0,0.0,0.0011198843541233888,10727424.0,0.1891269213575874,568.0,0.0,0.0052716697640229375,11587584.0,0.1891269213575874,569.0,0.0,0.00651912245184306,44797952.0,0.1891269213575874,568.0,0.0,0.0013290136500655851,27439104.0,0.1891269213575874,568.0,0.0,0.008624923980287432,41398272.0,0.1891269213575874,568.0,0.0,0.000756511068107779,9502720.0,0.0,21830.0,0.042983391217633504,0.0018338347812225826,45809664.0,0.0,21829.0,0.042983391217633504,0.002856958877782508,102002688.0,0.1891269213575874,568.0,0.0,0.002608838403897565,7069696.0,0.1891269213575874,748.0,0.0
2026-06-07 16:00:49,0.012566475313440621,15355904.0,0.1916676830861982,57.0,0.0,0.0050132611836596315,58224640.0,0.1916676830861982,569.0,0.0,0.0012279970973791488,10727424.0,0.1916676830861982,568.0,0.0,0.005616353362253624,10956800.0,0.19166768308619817,569.0,0.0,0.00629590660434688,44797952.0,0.19128993177325768,568.0,0.0,0.0012339395831706989,27414528.0,0.1912899317732577,568.0,0.0,0.00836434491013574,42602496.0,0.1912899317732577,568.0,0.0,0.0006851677481795398,9498624.0,0.0,21830.0,0.045545221850775634,0.0017837623388277908,45809664.0,0.0,21829.0,0.045545221850775634,0.002197559734288729,101761024.0,0.19128993177325768,568.0,0.0,0.0022049150770021837,6815744.0,0.18628265212863185,748.0,0.0
2026-06-07 16:01:19,0.011224303108496727,15413248.0,0.19161092530657747,57.0,0.0,0.00421333351942349,58183680.0,0.19161092530657747,569.0,0.0,0.0012005353929872402,10727424.0,0.19161092530657747,568.0,0.0,0.005294601034580993,11022336.0,0.19161092530657747,569.0,0.0,0.006111799241440157,44797952.0,0.19161092530657747,568.0,0.0,0.001250122491158354,27283456.0,0.19161092530657747,568.0,0.0,0.007910330273687295,42156032.0,0.19161092530657747,568.0,0.0,0.0008066969213786405,9502720.0,0.0,21830.0,0.05225752508361204,0.001605604728990059,45809664.0,0.0,21829.0,0.05225752508361204,0.0016504840276459437,101761024.0,0.19161092530657747,568.0,0.0,0.002329713093375079,7069696.0,0.19161092530657747,748.0,0.0
2026-06-07 16:01:49,0.011664521830329136,15396864.0,0.1904597004588347,57.0,0.0,0.0050474241328104285,58220544.0,0.1904597004588347,569.0,0.0,0.0012608994098635647,10727424.0,0.19045970045883476,568.0,0.0,0.005676505776169801,11268096.0,0.1904597004588347,569.0,0.0,0.006449938182878119,44797952.0,0.19045970045883476,568.0,0.0,0.0013731991051454228,28049408.0,0.19045970045883476,568.0,0.0,0.008288567805911943,42549248.0,0.19045970045883476,568.0,0.0,0.0007839728833221502,9502720.0,0.0,21830.0,0.04328629555882607,0.0015372375139661302,45809664.0,0.0,21829.0,0.04328629555882607,0.0017630271708913236,101761024.0,0.1904597004588347,568.0,0.0,0.0023313035165018307,6807552.0,0.1904597004588347,748.0,0.0
2026-06-07 16:02:19,0.013693297560975247,15552512.0,0.19177126917712692,57.0,0.0,0.00524452551184631,58187776.0,0.19177126917712692,569.0,0.0,0.0013112760027317726,10723328.0,0.19177126917712692,568.0,0.0,0.0059833638920619905,10944512.0,0.19177126917712692,569.0,0.0,0.006469721501126082,44797952.0,0.19177126917712692,568.0,0.0,0.0014421426624432964,27975680.0,0.19177126917712692,568.0,0.0,0.009205605185750138,42418176.0,0.19177126917712692,568.0,0.0,0.0007884263049156221,9691136.0,0.0,21830.0,0.05230125523012552,0.0017433357611070712,45813760.0,0.0,21829.0,0.05230125523012552,0.0018237517300116759,101761024.0,0.19177126917712692,568.0,0.0,0.0023716672705184926,6807552.0,0.19177126917712692,748.0,0.0
2026-06-07 16:02:49,0.012611747647631665,15605760.0,0.19179467508238454,57.0,0.0,0.005322452018692848,58220544.0,0.19179467508238454,569.0,0.0,0.0012877416742585349,10477568.0,0.19179467508238454,568.0,0.0,0.005654077738787202,11313152.0,0.19179467508238454,569.0,0.0,0.006267162607103302,44797952.0,0.19179467508238454,568.0,0.0,0.001308450541242755,28344320.0,0.19179467508238454,568.0,0.0,0.008597495395266493,42577920.0,0.19179467508238454,568.0,0.0,0.0007161274327549421,9379840.0,0.0,21830.0,0.043589698882360126,0.0017377839441783103,45813760.0,0.0,21829.0,0.043589698882360126,0.0017490070694443569,101883904.0,0.19179467508238454,568.0,0.0,0.0023743340586778426,6807552.0,0.19179467508238454,748.0,0.0
2026-06-07 16:03:19,0.012217576255619688,15503360.0,0.19034435023360444,57.0,0.0,0.005116190214112511,58224640.0,0.19034435023360444,569.0,0.0,0.0012730154499328776,10465280.0,0.19034435023360444,568.0,0.0,0.005298022233135244,11059200.0,0.19034435023360444,569.0,0.0,0.006035352575674061,44806144.0,0.19034435023360444,568.0,0.0,0.0013109336531784224,28356608.0,0.19034435023360444,568.0,0.0,0.008601011248160706,42901504.0,0.19034435023360444,568.0,0.0,0.0007731364194687403,9383936.0,0.0,21830.0,0.05191209551825575,0.0017007149935533493,45813760.0,0.0,21829.0,0.05191209551825575,0.001741358312139496,101756928.0,0.19034435023360444,568.0,0.0,0.0023248974270486124,6807552.0,0.19034435023360444,748.0,0.0
2026-06-07 16:03:49,0.011035318067539546,15364096.0,0.1904432132963989,57.0,0.0,0.00522191552880142,58220544.0,0.1913335034075586,569.0,0.0,0.001202315875535942,10498048.0,0.1913335034075586,568.0,0.0,0.0052582202753723335,10948608.0,0.1913335034075586,569.0,0.0,0.0060731087033713636,44797952.0,0.1913335034075586,568.0,0.0,0.0015645476070178985,28672000.0,0.1913335034075586,568.0,0.0,0.008511664869688023,43114496.0,0.1913335034075586,568.0,0.0,0.0007677938570584796,9379840.0,0.0,21830.0,0.043570706542577296,0.0017230145354961309,45801472.0,0.0,21829.0,0.043570706542577296,0.0016754643206256044,101756928.0,0.1917111087873401,568.0,0.0,0.002339324594335493,6807552.0,0.1917111087873401,748.0,0.0
2026-06-07 16:04:19,0.013633736491517367,15921152.0,0.18398829229758007,57.0,0.0,0.00530069476699187,58220544.0,0.18409593200306337,569.0,0.0,0.001236993695287339,10498048.0,0.18421465226646405,568.0,0.0,0.004986337701177553,10948608.0,0.1843127943508753,569.0,0.0,0.006431152972637967,44797952.0,0.1844030217510598,568.0,0.0,0.0016623653846154366,29532160.0,0.18450749558285243,568.0,0.0,0.00908466793698004,43196416.0,0.18468636744637612,568.0,0.0,0.0008808058743795427,9379840.0,0.0,21830.0,0.045226767009787075,0.0016049601785606312,45801472.0,0.0,21829.0,0.045226767009787075,0.0016745277688436115,101761024.0,0.1899524214411057,568.0,0.0,0.002405429222956125,6807552.0,0.1899524214411057,748.0,0.0
2026-06-07 16:04:49,0.012661446851863186,15347712.0,0.18915456507346934,57.0,0.0,0.005043636708740604,58150912.0,0.18915456507346934,569.0,0.0,0.00122456840495975,10498048.0,0.18915456507346934,568.0,0.0,0.0055447609256571335,11005952.0,0.18915456507346934,569.0,0.0,0.006273290559852764,44797952.0,0.18915456507346934,568.0,0.0,0.0015935606931984187,29007872.0,0.18915456507346934,568.0,0.0,0.008519738435778431,43438080.0,0.18915456507346934,568.0,0.0,0.0007434366651127585,9383936.0,0.0,21830.0,0.051587608656400746,0.0017419181085397057,45801472.0,0.0,21829.0,0.05158760865640073,0.0016242249902250734,101761024.0,0.18915456507346934,568.0,0.0,0.002082290130637633,6807552.0,0.18915456507346934,748.0,0.0
2026-06-07 16:05:19,0.012574945322230965,15458304.0,0.18845573982339006,57.0,0.0,0.004954283654062881,58187776.0,0.18845573982339006,569.0,0.0,0.0012021990364437204,10498048.0,0.18895311386142868,568.0,0.0,0.005448779960282306,11042816.0,0.18895311386142868,569.0,0.0,0.006226660792088735,44793856.0,0.18895311386142868,568.0,0.0,0.0012205123553836027,28909568.0,0.18895311386142868,568.0,0.0,0.008838047498539916,43479040.0,0.18895311386142868,568.0,0.0,0.0008214829376480589,9383936.0,0.0,21830.0,0.04294388951396107,0.0014344200000000029,45801472.0,0.0,21829.0,0.04294388951396107,0.0016348417551337463,101756928.0,0.18895311386142868,568.0,0.0,0.002416675822364783,6807552.0,0.18895311386142868,748.0,0.0
2026-06-07 16:05:49,0.012124237657642752,15683584.0,0.18895311386142868,57.0,0.0,0.0046424409303768436,58191872.0,0.18895311386142866,569.0,0.0,0.0011374401352239676,10596352.0,0.18895311386142868,568.0,0.0,0.005284399491432028,11038720.0,0.1884574310559898,569.0,0.0,0.006029004524000613,44797952.0,0.1884574310559898,568.0,0.0,0.0011373294699987635,29638656.0,0.1884574310559898,568.0,0.0,0.008266314540901695,43311104.0,0.1884574310559898,568.0,0.0,0.0007110321277258639,9383936.0,0.0,21830.0,0.05384498030171138,0.0018122115656678806,45801472.0,0.0,21829.0,0.05384498030171138,0.004711221152602487,102010880.0,0.18845743105598978,568.0,0.0,0.0023773397838999085,6807552.0,0.1884574310559898,748.0,0.0
2026-06-07 16:06:19,0.012680470802840425,15347712.0,0.19024888012591018,57.0,0.0,0.004355976812101098,58200064.0,0.19024888012591018,569.0,0.0,0.0010283563817728146,10600448.0,0.19024888012591018,568.0,0.0,0.005563667623978266,11042816.0,0.19024888012591018,569.0,0.0,0.006452800029738279,44793856.0,0.1902488801259102,568.0,0.0,0.0011483766938509242,29515776.0,0.1902488801259102,568.0,0.0,0.008170069092403757,43577344.0,0.19024888012591018,568.0,0.0,0.0007812642018198403,9379840.0,0.0,21830.0,0.04323838184679778,0.0016015014960478646,45801472.0,0.0,21829.0,0.04323838184679776,0.005057392019910102,102010880.0,0.19024888012591018,568.0,0.0,0.002436845891208987,6807552.0,0.1902488801259102,748.0,0.0
2026-06-07 16:06:49,0.012139525371226537,15237120.0,0.19030318757839196,57.0,0.0,0.004809357877422365,58232832.0,0.19030318757839196,569.0,0.0,0.0010499355058044772,10600448.0,0.19030318757839196,568.0,0.0,0.005281586891643048,10997760.0,0.19030318757839196,569.0,0.0,0.006737202221028074,44802048.0,0.19030318757839196,568.0,0.0,0.0011370141026098054,30318592.0,0.19030318757839196,568.0,0.0,0.00829231888010183,43429888.0,0.19030318757839196,568.0,0.0,0.0007963767045734364,9379840.0,0.0,21830.0,0.05190086933956144,0.0019078327187557244,45809664.0,0.0,21829.0,0.05190086933956144,0.004805531499831329,102268928.0,0.19030318757839196,568.0,0.0,0.0026048560064968803,7069696.0,0.19030318757839196,748.0,0.0
2026-06-07 16:07:19,0.013725863831125807,15966208.0,0.18863348513837616,57.0,0.0,0.005736126474475134,58220544.0,0.18863348513837616,569.0,0.0,0.0012599051537198643,10407936.0,0.1886334851383761,568.0,0.0,0.0059924557800113505,11337728.0,0.18863348513837616,569.0,0.0,0.006896059557962814,44797952.0,0.18863348513837616,568.0,0.0,0.001287650510226417,30068736.0,0.18863348513837616,568.0,0.0,0.008477645491632704,44089344.0,0.18863348513837616,568.0,0.0,0.0007863237445148793,9383936.0,0.0,21830.0,0.04491273455675623,0.0017807321877075458,45809664.0,0.0,21829.0,0.04491273455675623,0.004866319526181463,101896192.0,0.18863348513837616,568.0,0.0,0.0025916585181671526,7069696.0,0.18863348513837616,748.0,0.0
2026-06-07 16:07:49,0.013507903009996958,15519744.0,0.18921801355489043,57.0,0.0,0.005721687000420786,58195968.0,0.18921801355489049,569.0,0.0,0.0013177979387282493,10416128.0,0.18921801355489043,568.0,0.0,0.006249743405521889,11001856.0,0.18921801355489043,569.0,0.0,0.007106407035175768,44802048.0,0.18921801355489043,568.0,0.0,0.0014289087520582182,30199808.0,0.18921801355489043,568.0,0.0,0.008611820690631083,44572672.0,0.18921801355489043,568.0,0.0,0.000876310650443134,9428992.0,0.0,21830.0,0.043004093989747826,0.001931911418017127,45809664.0,0.0,21829.0,0.043004093989747826,0.0016772861546606342,102014976.0,0.18921801355489043,568.0,0.0,0.0027069918990822723,7069696.0,0.18921801355489043,748.0,0.0
